customer_id,name,age,occupation,account_type,account_open_date,country,risk_category,pep_flag,kyc_status
C-0001,Allison Hill,35,Environmental health practitioner,savings,2017-12-16,US,low,False,verified
C-0002,Patrick Gardner,45,Therapeutic radiographer,savings,2020-10-13,US,low,False,verified
C-0003,Daniel Wagner,59,Aid worker,business,2022-03-06,US,low,False,verified
C-0004,Meredith Barnes,28,"Production assistant, radio",business,2022-06-16,US,low,False,verified
C-0005,Abigail Shaffer,42,"Pharmacist, hospital",savings,2019-12-19,US,low,False,verified
C-0006,Tyler Rogers,80,Chief Executive Officer,checking,2020-05-12,US,low,False,verified
C-0007,Gregory Baker,63,Armed forces logistics/support/administrative officer,savings,2023-11-11,US,low,False,verified
C-0008,Valerie Gray,42,Sub,checking,2019-06-30,UK,low,False,verified
C-0009,Stacey Ward,62,"Engineer, agricultural",business,2023-08-11,US,low,False,verified
C-0010,Darren Roberts,42,Cartographer,checking,2025-02-12,US,high,False,verified
C-0011,Jamie Chavez,67,Medical sales representative,savings,2018-03-11,US,low,True,verified
C-0012,Michael Miles,78,Building surveyor,business,2022-08-28,FR,medium,False,verified
C-0013,Nicholas Martin,26,Museum education officer,savings,2019-04-07,US,medium,False,verified
C-0014,Melissa Robinson,26,"Journalist, broadcasting",business,2024-12-28,US,low,False,verified
C-0015,Crystal Johnson,45,Interpreter,business,2020-07-29,CA,low,False,expired
C-0016,Thomas Bradley,73,International aid/development worker,savings,2018-09-09,BZ,low,False,verified
C-0017,Dr. Marvin Thomas Jr.,39,"Surveyor, mining",savings,2021-12-14,US,low,False,verified
C-0018,Jessica Silva,66,Medical illustrator,savings,2018-10-04,BZ,low,False,verified
C-0019,Ms. Ann Williams MD,27,"Designer, jewellery",checking,2024-06-26,US,medium,False,verified
C-0020,Arthur James,49,Psychotherapist,savings,2021-11-08,US,low,False,expired
C-0021,Shannon Smith,33,Colour technologist,business,2023-05-20,US,high,False,verified
C-0022,Debra Davidson,26,Clinical research associate,business,2019-07-02,UK,low,False,verified
C-0023,Aaron Bowen,77,General practice doctor,business,2026-04-14,KP,medium,False,verified
C-0024,Katie Rodriguez,51,Hydrogeologist,checking,2024-12-24,US,low,False,verified
C-0025,Christina Brooks,32,"Designer, television/film set",savings,2021-12-16,US,low,False,verified
C-0026,Kerry Smith,22,Jewellery designer,business,2021-06-13,US,low,False,verified
C-0027,Jack Galloway,48,Information systems manager,checking,2018-12-16,CA,low,False,verified
C-0028,Keith Miller,64,"Radiographer, diagnostic",savings,2024-09-21,US,low,False,verified
C-0029,Kim Martinez,24,Public relations officer,savings,2026-01-12,US,low,False,verified
C-0030,Joseph Obrien,73,"Engineer, mining",savings,2025-11-08,CA,low,False,verified
C-0031,Melissa Marquez,80,Oceanographer,savings,2026-07-08,US,high,False,verified
C-0032,Jessica Holmes,43,Community arts worker,savings,2019-01-16,US,low,True,verified
C-0033,Alex Spencer,62,Theatre stage manager,business,2018-10-07,US,high,False,verified
C-0034,Mark Perez,79,Ambulance person,savings,2025-02-28,CA,low,False,verified
C-0035,David Caldwell,50,"Engineer, site",business,2021-12-15,US,low,False,verified
C-0036,Sonya Johnston,61,Financial manager,savings,2024-05-30,CA,low,False,verified
C-0037,Cheryl Davis,44,Plant breeder/geneticist,business,2020-02-09,US,low,False,pending
C-0038,Scott Brown,43,Chief Technology Officer,savings,2017-03-03,DE,low,False,verified
C-0039,Rebecca Rodriguez,57,"Engineer, agricultural",business,2018-06-19,US,high,False,verified
C-0040,Javier Ramirez,74,Fisheries officer,savings,2025-04-23,FR,medium,False,verified
C-0041,Robert Chase,57,Chief Technology Officer,business,2017-01-25,US,low,False,verified
C-0042,Dr. Tracy House DVM,26,Dietitian,checking,2020-08-17,US,low,False,verified
C-0043,Dr. Steven Martin,63,"Accountant, chartered",checking,2026-06-02,FR,low,False,verified
C-0044,Richard Gibson,72,Pharmacologist,savings,2023-07-13,US,low,False,verified
C-0045,Rachel Stanley,58,"Radiographer, therapeutic",checking,2018-02-10,US,low,False,verified
C-0046,Wayne Riley,78,Special effects artist,business,2017-03-04,US,high,False,verified
C-0047,Anthony Woods,26,Set designer,savings,2018-02-20,US,low,False,verified
C-0048,Angela Lopez,31,"Therapist, nutritional",business,2017-03-30,US,low,False,verified
C-0049,Jennifer David,65,"Teacher, early years/pre",savings,2019-01-10,KP,high,False,verified
C-0050,Lisa Barnes,19,Television production assistant,savings,2022-03-20,US,medium,False,pending
C-0051,Dean Santiago,68,Interior and spatial designer,business,2018-12-13,US,low,False,verified
C-0052,Michael Evans,47,Interpreter,checking,2025-11-08,DE,low,False,verified
C-0053,Alexandra Howell,35,"Surveyor, quantity",savings,2026-07-11,US,high,False,verified
C-0054,Daniel Baker,19,Magazine journalist,savings,2025-05-16,US,medium,False,verified
C-0055,Jaclyn Moore,45,Speech and language therapist,checking,2023-08-08,FR,medium,False,verified
C-0056,Victoria Valdez,54,Actuary,savings,2023-03-30,US,low,False,verified
C-0057,Tara Garcia,78,Contractor,business,2019-03-18,US,medium,False,verified
C-0058,Natalie Moore,60,Herbalist,savings,2022-08-12,US,medium,False,verified
C-0059,Christina Walters,36,"Geneticist, molecular",business,2021-08-14,US,low,False,pending
C-0060,Terry Williams,37,Pharmacologist,checking,2024-11-09,US,low,True,verified
C-0061,Gavin Anderson,46,Garment/textile technologist,business,2018-03-07,US,low,False,pending
C-0062,Michael Hoffman,36,Clinical research associate,business,2017-04-25,US,low,False,verified
C-0063,Stephanie Gardner,32,Merchant navy officer,savings,2022-05-22,US,low,True,expired
C-0064,Cameron Parker,74,Archaeologist,business,2025-07-21,US,low,False,verified
C-0065,David Garcia,62,"Surveyor, minerals",savings,2025-05-28,US,medium,False,verified
C-0066,Marc Moore,69,Fast food restaurant manager,business,2025-03-18,US,low,False,verified
C-0067,Rita Keith,69,Agricultural consultant,checking,2018-05-11,US,low,False,verified
C-0068,Rachel Jenkins,64,Fish farm manager,business,2019-03-26,US,low,False,verified
C-0069,Ashley Brennan,66,"Psychotherapist, dance movement",savings,2018-10-15,CA,medium,False,verified
C-0070,Julia Torres,22,Estate agent,business,2018-10-17,US,low,False,verified
C-0071,Jennifer Ramirez,32,Building control surveyor,checking,2026-03-27,US,low,False,verified
C-0072,Martin Ross,44,Software engineer,savings,2019-11-16,US,low,False,pending
C-0073,Shawn Green,66,Telecommunications researcher,business,2026-03-11,US,low,True,verified
C-0074,Brian Hamilton,79,Interior and spatial designer,checking,2020-12-05,US,low,False,verified
C-0075,Mrs. Stephanie Lee,35,Armed forces operational officer,checking,2023-08-27,US,low,False,verified
C-0076,Timothy Ryan,71,"Engineer, chemical",checking,2020-03-16,US,high,False,verified
C-0077,Matthew Rivera,60,Interior and spatial designer,savings,2023-03-14,US,low,False,verified
C-0078,Steven Hunter,38,Osteopath,savings,2019-10-29,CA,low,False,verified
C-0079,Kristen Lee,23,Museum education officer,checking,2023-05-04,FR,low,False,expired
C-0080,Lisa Turner,67,Sports therapist,business,2024-11-25,US,low,True,verified
C-0081,Daniel Floyd,33,Training and development officer,savings,2023-02-10,US,low,False,pending
C-0082,Jeremy Lewis,28,Public librarian,business,2024-07-02,US,low,False,verified
C-0083,Nancy Hopkins,24,Herpetologist,business,2021-09-19,VG,low,False,verified
C-0084,Frances Cardenas,30,Farm manager,savings,2023-04-17,US,low,False,verified
C-0085,Curtis Johnson,56,Financial risk analyst,savings,2026-05-28,US,medium,False,verified
C-0086,Patricia Gibson,22,Teaching laboratory technician,business,2018-07-05,US,low,True,verified
C-0087,Kathleen Sanchez,41,"Accountant, chartered public finance",business,2025-06-28,US,medium,False,verified
C-0088,Stacey Osborne,35,English as a foreign language teacher,business,2018-04-28,SY,medium,False,verified
C-0089,Kelly Williams,33,Fisheries officer,savings,2025-09-27,US,low,False,verified
C-0090,Casey Marshall,49,Set designer,checking,2026-06-11,US,low,False,verified
C-0091,Tiffany Vance,62,Video editor,checking,2024-09-18,US,low,False,verified
C-0092,Jessica Meadows,66,Product designer,savings,2025-07-15,DE,low,False,verified
C-0093,Karen Green,32,Firefighter,checking,2024-12-18,US,low,False,verified
C-0094,Richard Washington,45,Field trials officer,business,2019-04-24,US,low,False,verified
C-0095,Dustin Nelson,64,IT consultant,savings,2025-06-30,FR,low,False,pending
C-0096,Chris Reyes,65,"Designer, ceramics/pottery",checking,2023-08-18,US,low,False,verified
C-0097,Jason Daniels,71,Pathologist,savings,2017-03-09,BZ,low,False,verified
C-0098,Jean Carrillo,20,Advertising account planner,savings,2025-02-17,US,low,False,verified
C-0099,Jamie Smith,18,Management consultant,business,2019-07-20,US,low,False,verified
C-0100,Steven Houston,48,Solicitor,savings,2024-01-15,US,medium,False,verified
C-0101,Lindsey Walker,69,English as a foreign language teacher,business,2019-04-18,US,high,False,verified
C-0102,Mr. Michael Yates,68,Diagnostic radiographer,business,2024-12-20,US,low,False,verified
C-0103,Veronica Ferguson,45,"Nurse, mental health",checking,2022-06-26,US,low,False,pending
C-0104,Angela Patterson,34,"Psychologist, clinical",business,2018-05-19,UK,low,False,verified
C-0105,Garrett Gibson,62,Leisure centre manager,business,2024-03-05,CA,low,True,verified
C-0106,Paul Decker,32,Forensic psychologist,checking,2024-11-29,FR,medium,False,verified
C-0107,Paul Williams,52,Maintenance engineer,savings,2018-10-22,US,low,False,verified
C-0108,Tyler Williams,37,Airline pilot,business,2026-01-22,UK,medium,False,verified
C-0109,Alex Hernandez,62,Computer games developer,checking,2021-04-19,UK,high,False,verified
C-0110,Travis Marshall,65,Furniture conservator/restorer,checking,2024-03-26,UK,low,True,verified
C-0111,Lawrence Adkins,61,Colour technologist,checking,2024-05-05,KY,low,False,verified
C-0112,Eric Lane,29,Insurance underwriter,business,2022-04-28,US,low,False,pending
C-0113,Jaime David,38,"Engineer, civil (contracting)",business,2017-04-28,US,low,False,verified
C-0114,Lori Garcia,43,Illustrator,business,2025-01-25,US,low,False,verified
C-0115,Barbara Riggs,70,Architectural technologist,savings,2020-01-14,UK,low,False,verified
C-0116,Jacob Hunter,66,Licensed conveyancer,checking,2016-09-09,DE,low,False,verified
C-0117,John Hamilton,46,Medical illustrator,business,2022-12-02,US,low,True,verified
C-0118,Michelle Graham,37,"Scientist, research (maths)",business,2026-03-21,US,low,False,verified
C-0119,Robert Medina,25,Radio broadcast assistant,business,2021-03-19,US,medium,False,verified
C-0120,Leslie Morris,48,Financial trader,checking,2024-11-14,US,low,False,verified
C-0121,Stephen Sanchez,26,"Psychologist, forensic",savings,2022-04-06,US,low,False,verified
C-0122,Gabrielle Snyder,18,"Journalist, broadcasting",checking,2018-05-20,US,medium,False,verified
C-0123,Robert Peterson,46,"Therapist, occupational",business,2023-07-30,US,low,False,verified
C-0124,Adam Vaughan,73,Chartered certified accountant,savings,2018-12-23,US,high,False,verified
C-0125,Justin Allen,65,Publishing copy,checking,2023-01-09,US,medium,False,verified
C-0126,Ricky Davis II,20,Financial planner,savings,2019-08-17,US,low,False,verified
C-0127,Kara Schmidt,76,"Physicist, medical",checking,2026-07-13,US,low,False,verified
C-0128,Heather Chavez,80,Information officer,checking,2019-01-29,CA,low,False,verified
C-0129,Corey Wilson,72,Social worker,business,2026-01-27,US,low,False,verified
C-0130,Cheryl Rodgers,20,Health and safety inspector,business,2023-10-23,US,low,False,pending
C-0131,Kelly Campbell,24,Chiropodist,business,2024-11-21,DE,medium,False,verified
C-0132,Isaac Turner,68,"Social research officer, government",savings,2017-10-30,FR,low,False,verified
C-0133,Anthony Carter,68,Computer games developer,savings,2022-12-11,US,low,False,verified
C-0134,Ashley Smith,55,Higher education careers adviser,savings,2021-04-04,US,low,False,verified
C-0135,Cody Williams,47,Purchasing manager,checking,2017-09-14,US,low,False,verified
C-0136,John Ray,45,Astronomer,business,2018-01-30,US,low,False,verified
C-0137,Tiffany Miller,42,Fish farm manager,business,2017-09-30,US,low,False,verified
C-0138,Lisa Gibbs,54,Equities trader,business,2024-04-27,US,medium,False,pending
C-0139,Terry Evans,75,Theatre stage manager,checking,2026-06-19,US,medium,False,verified
C-0140,Marc Lynch,61,Child psychotherapist,business,2026-01-15,DE,medium,False,verified
C-0141,Daniel Guerrero,46,"Designer, graphic",savings,2018-12-18,UK,low,False,verified
C-0142,Brooke Ortiz,29,"Therapist, music",savings,2021-04-06,FR,low,False,pending
C-0143,Dwayne Campbell,71,Professor Emeritus,savings,2017-04-11,US,low,False,verified
C-0144,Dennis Moody,39,Theme park manager,savings,2023-03-06,US,low,False,verified
C-0145,Jessica Stephens,69,Database administrator,business,2025-08-25,KP,low,False,verified
C-0146,Andrea Martin,61,Information systems manager,business,2022-07-07,US,low,False,verified
C-0147,Tammy Gonzales,48,Psychotherapist,savings,2023-06-14,US,low,False,verified
C-0148,Terri Mason,58,"Research officer, political party",checking,2020-12-10,US,high,False,verified
C-0149,Stacy Navarro,37,Trade mark attorney,checking,2019-01-25,CA,low,False,verified
C-0150,Vernon Huff,78,Teaching laboratory technician,business,2022-06-08,US,low,False,verified
C-0151,Phillip Underwood,59,Technical author,savings,2016-12-18,US,medium,False,pending
C-0152,Julie Pearson,31,Health physicist,checking,2018-05-18,FR,low,False,verified
C-0153,Madison Vasquez,80,"Chemist, analytical",business,2021-04-06,US,low,False,verified
C-0154,Frank Garcia,31,"Designer, multimedia",business,2019-11-11,UK,low,False,verified
C-0155,Donna Landry,68,Statistician,business,2016-12-06,BS,low,False,verified
C-0156,David Wilson,32,Operations geologist,checking,2025-03-19,US,medium,False,verified
C-0157,April Booth,52,"Psychologist, counselling",checking,2020-09-11,VG,medium,False,verified
C-0158,Isaiah Avila,68,Private music teacher,savings,2024-03-01,CA,low,True,verified
C-0159,Joshua Pennington,65,Primary school teacher,savings,2025-05-16,CA,low,False,verified
C-0160,Mr. Mark Lloyd,78,"Designer, interior/spatial",business,2019-09-03,UK,low,False,verified
C-0161,Jason Walker,79,Clothing/textile technologist,savings,2021-03-06,US,low,False,verified
C-0162,Ronnie Jimenez,76,"Horticulturist, amenity",checking,2021-08-26,US,low,False,verified
C-0163,Ruben Baird,58,Financial planner,business,2021-02-17,UK,low,False,expired
C-0164,Connor Greene,56,Copy,checking,2025-03-16,US,low,False,verified
C-0165,Richard Perry,31,"Runner, broadcasting/film/video",checking,2019-03-27,US,low,False,verified
C-0166,Nicholas Monroe,24,TEFL teacher,checking,2026-07-21,US,low,False,verified
C-0167,Charles Ryan MD,71,Sub,savings,2024-03-11,CA,low,False,verified
C-0168,Timothy Kane,55,Field trials officer,business,2022-04-13,US,low,False,verified
C-0169,Reginald Williams,64,Public librarian,savings,2023-08-14,US,high,False,verified
C-0170,Jasmin Alvarado,60,"Designer, blown glass/stained glass",checking,2021-07-08,US,low,False,verified
C-0171,Jonathan Lawrence,54,Chiropodist,savings,2025-04-22,US,medium,False,pending
C-0172,Joseph Bryant,77,Cytogeneticist,business,2020-08-30,US,medium,False,verified
C-0173,Brittany Harrison,40,Geochemist,savings,2019-12-13,US,low,False,verified
C-0174,Marie Christian,80,"Social research officer, government",savings,2020-05-13,UK,low,False,verified
C-0175,Nathan Malone,37,Special educational needs teacher,business,2016-12-03,US,low,False,verified
C-0176,Mark Mccall,66,Ergonomist,business,2024-01-12,US,low,False,verified
C-0177,Brett Schultz,44,Chiropodist,checking,2020-12-31,US,low,False,verified
C-0178,Stephanie Williams,55,Banker,checking,2019-07-01,UK,low,False,verified
C-0179,Charles Schmidt,37,Systems developer,savings,2023-05-20,US,medium,False,verified
C-0180,Christopher Lynch,45,Museum/gallery exhibitions officer,savings,2022-10-05,UK,low,False,verified
C-0181,Thomas Thomas,73,"Psychologist, clinical",business,2022-12-11,US,low,True,pending
C-0182,Michael Nolan,54,"Psychologist, occupational",checking,2025-07-30,US,medium,False,verified
C-0183,Brooke Alexander,78,Location manager,business,2026-06-10,US,low,False,verified
C-0184,Victor Vaughn,55,"Programmer, multimedia",checking,2025-01-06,US,low,False,verified
C-0185,James Webb,28,Fast food restaurant manager,savings,2020-05-18,US,low,False,verified
C-0186,Edward Lyons,79,Advertising copywriter,business,2026-05-06,US,medium,False,verified
C-0187,Denise Knight,66,Artist,business,2025-09-02,DE,low,False,verified
C-0188,Sandra Leach,74,Event organiser,business,2022-08-20,US,low,False,verified
C-0189,Mark Oliver,22,"Copywriter, advertising",checking,2022-11-05,US,low,False,verified
C-0190,Maria Parker,37,Prison officer,checking,2016-11-23,US,low,False,verified
C-0191,Carlos Browning,50,"Journalist, newspaper",checking,2024-01-15,UK,low,False,verified
C-0192,Carlos Ryan,69,Medical secretary,business,2021-11-15,US,low,False,verified
C-0193,Sandra Scott,69,Race relations officer,checking,2026-03-28,CA,high,False,verified
C-0194,Seth Brock,46,Psychotherapist,business,2026-03-12,US,low,False,verified
C-0195,Vincent Dalton,39,Occupational psychologist,business,2026-03-28,FR,low,False,verified
C-0196,Holly Gibbs,61,"Administrator, education",checking,2019-03-18,UK,low,False,verified
C-0197,Jacob Curry,55,Garment/textile technologist,business,2022-05-30,US,low,False,pending
C-0198,Teresa Rodriguez,63,Facilities manager,savings,2021-04-12,US,low,False,verified
C-0199,Terri Murphy,71,Travel agency manager,business,2018-10-11,US,high,False,verified
C-0200,Rodney Blankenship,19,Immigration officer,checking,2023-01-21,US,low,False,verified
C-0201,Andrew Johnson,26,"Research officer, government",savings,2017-09-22,US,low,False,verified
C-0202,Joshua Price,74,Metallurgist,business,2023-04-09,US,low,False,verified
C-0203,Theresa Barnes,29,"Designer, fashion/clothing",business,2025-06-02,CA,medium,False,verified
C-0204,Sandra Gilbert,61,Health service manager,business,2016-11-21,US,low,False,verified
C-0205,Jeremy Sampson,33,Medical laboratory scientific officer,checking,2017-07-22,US,high,False,pending
C-0206,Kimberly Levine,54,Mechanical engineer,checking,2017-03-03,DE,low,False,verified
C-0207,Walter Rush,70,"Programme researcher, broadcasting/film/video",savings,2017-06-24,KP,medium,False,verified
C-0208,Mark Maddox,53,Arts administrator,savings,2024-06-07,US,medium,False,verified
C-0209,Cameron Cunningham,75,Broadcast presenter,business,2024-11-11,UK,low,False,pending
C-0210,Laurie Li,77,"Exhibitions officer, museum/gallery",savings,2019-11-07,DE,low,False,verified
C-0211,Steven Smith,19,Dance movement psychotherapist,checking,2026-06-10,US,high,False,verified
C-0212,Rebecca Rodriguez,36,Agricultural engineer,checking,2017-11-18,US,low,False,verified
C-0213,Richard Chapman,19,"Administrator, sports",checking,2018-04-22,US,low,False,pending
C-0214,Patrick Fox,67,Bonds trader,checking,2021-04-29,US,low,False,verified
C-0215,Kayla Rodriguez,71,Retail manager,checking,2018-10-12,US,low,True,verified
C-0216,Monica Kerr,18,"Scientist, research (life sciences)",business,2019-07-31,DE,low,False,verified
C-0217,Amanda Lutz,41,Operational investment banker,savings,2020-10-29,US,high,False,verified
C-0218,Micheal Wallace,73,Catering manager,checking,2019-10-14,US,low,False,verified
C-0219,Cameron Weber,22,Textile designer,checking,2022-01-18,US,low,False,verified
C-0220,Zachary Schmidt,40,Professor Emeritus,business,2021-08-14,US,low,False,verified
C-0221,Ricky Wilson,48,Structural engineer,business,2023-10-10,IR,low,False,verified
C-0222,Jesse Perez,20,"Librarian, academic",savings,2024-11-02,US,medium,False,verified
C-0223,Nicholas Edwards,20,Intelligence analyst,business,2023-03-20,US,low,False,verified
C-0224,Christian Leblanc,69,Broadcast engineer,checking,2017-06-23,US,low,False,verified
C-0225,Jeffrey Garner,49,Microbiologist,business,2024-09-06,MM,low,False,verified
C-0226,Laurie Hoffman,23,Landscape architect,checking,2023-04-07,US,low,False,verified
C-0227,Shane Pugh,60,Pharmacologist,checking,2025-03-31,US,low,False,verified
C-0228,Tracy Burke,20,Management consultant,business,2017-08-07,US,medium,False,expired
C-0229,Brittney Olson,58,Clinical cytogeneticist,checking,2020-01-24,FR,low,False,verified
C-0230,Ashley Ramirez,61,Equities trader,checking,2024-08-20,US,low,False,verified
C-0231,Vanessa Cardenas,54,Visual merchandiser,savings,2023-04-25,US,low,False,pending
C-0232,Lisa Barrett,54,"Geologist, engineering",savings,2016-11-07,US,low,False,verified
C-0233,Phillip Dorsey,29,Make,checking,2016-08-16,DE,low,False,verified
C-0234,Kylie Morales,31,Curator,business,2023-12-22,US,low,False,verified
C-0235,Anna Moreno,46,Mudlogger,savings,2020-10-05,UK,medium,False,verified
C-0236,Jacob Griffith,63,Tax inspector,savings,2022-07-12,US,low,False,verified
C-0237,Brittney Webster,50,Artist,savings,2023-04-22,CA,low,False,verified
C-0238,Matthew Tucker,53,Private music teacher,business,2020-09-15,US,low,False,verified
C-0239,Jose Reed,43,Clinical psychologist,business,2019-05-25,US,medium,False,verified
C-0240,Katelyn Estrada,38,Armed forces technical officer,business,2018-10-08,US,low,False,verified
C-0241,Mrs. Christine Dougherty,29,"Copywriter, advertising",savings,2024-03-16,CA,low,False,verified
C-0242,Bryan Jimenez,28,Planning and development surveyor,savings,2018-04-27,UK,low,False,verified
C-0243,Michael Mason,34,Manufacturing systems engineer,savings,2017-04-14,US,low,False,verified
C-0244,Amanda Smith,59,Careers adviser,savings,2025-03-09,FR,low,False,verified
C-0245,Laura Mckinney,54,Pensions consultant,savings,2019-06-17,US,medium,True,verified
C-0246,Vincent Jackson,67,Waste management officer,business,2021-03-01,US,low,False,verified
C-0247,Heidi Kim,79,Claims inspector/assessor,checking,2018-12-30,US,low,False,verified
C-0248,Kelly Foster,21,Insurance claims handler,savings,2024-01-09,FR,low,False,verified
C-0249,Richard Jones,63,Clothing/textile technologist,checking,2021-11-14,US,medium,False,pending
C-0250,Ricardo Bell,24,Data scientist,checking,2018-12-05,CA,low,False,verified
C-0251,Craig Morrison,78,Call centre manager,checking,2018-05-03,CA,medium,False,pending
C-0252,Kathleen Webster,77,TEFL teacher,business,2021-01-19,US,medium,False,verified
C-0253,Kristy Reid,37,IT trainer,checking,2025-03-17,US,low,False,verified
C-0254,Brittany Jones,21,Private music teacher,savings,2022-11-17,DE,low,False,verified
C-0255,Leslie Bell,18,"Buyer, retail",savings,2019-09-01,US,low,False,verified
C-0256,Anthony Decker,43,Camera operator,savings,2023-01-04,US,low,False,verified
C-0257,Ann Wheeler,66,Music tutor,business,2021-03-11,UK,low,False,verified
C-0258,Rebecca Huang,43,"Production assistant, television",checking,2025-08-27,VG,medium,False,pending
C-0259,Chelsea Jacobs,50,Retail banker,checking,2018-01-27,US,low,True,verified
C-0260,Brian Nolan,27,Lobbyist,business,2026-05-22,US,medium,False,pending
C-0261,Matthew Williams,57,Primary school teacher,business,2026-06-23,US,medium,False,verified
C-0262,Lisa Cox,54,Heritage manager,checking,2020-06-09,US,low,True,verified
C-0263,Meghan Williams,68,"Lecturer, higher education",business,2017-03-22,UK,medium,False,verified
C-0264,Michael Mitchell,55,Toxicologist,checking,2025-04-19,FR,low,False,verified
C-0265,Kevin Thomas,61,Maintenance engineer,savings,2019-09-01,US,low,False,verified
C-0266,Mary Anderson,27,Chartered accountant,checking,2019-08-29,US,low,False,verified
C-0267,Rickey Li,65,Secretary/administrator,business,2017-07-01,US,low,False,verified
C-0268,Katie Smith,38,Insurance broker,savings,2018-05-14,US,low,False,verified
C-0269,Travis Tucker,30,Equities trader,savings,2026-07-25,US,low,False,pending
C-0270,Edward French,62,"Runner, broadcasting/film/video",business,2024-04-10,FR,low,False,verified
C-0271,Sophia Johnson,54,Legal secretary,business,2025-04-30,US,low,False,verified
C-0272,Linda Moore,36,"Education officer, community",business,2024-11-16,US,low,False,verified
C-0273,Rhonda Martin,70,Primary school teacher,business,2016-12-31,US,low,False,verified
C-0274,Nathan Montes,60,Tree surgeon,business,2019-05-31,UK,low,False,verified
C-0275,Joann Ferguson,67,Insurance broker,savings,2026-03-22,US,low,False,pending
C-0276,Stephanie Lee,30,"Teacher, English as a foreign language",checking,2026-05-30,US,low,False,pending
C-0277,Douglas Reyes,64,"Secretary, company",savings,2020-10-01,UK,high,False,verified
C-0278,Curtis Jacobs,43,Fitness centre manager,checking,2017-01-31,KY,low,False,verified
C-0279,Mr. Timothy Dawson,54,"Scientist, clinical (histocompatibility and immunogenetics)",business,2025-01-28,FR,low,False,verified
C-0280,Phillip Nelson,74,Scientific laboratory technician,savings,2018-01-14,US,medium,False,verified
C-0281,Travis Walker,47,"Production designer, theatre/television/film",business,2025-05-30,UK,low,False,verified
C-0282,Jennifer Sanders,66,Midwife,savings,2018-12-03,US,low,False,verified
C-0283,Jade Johnson DVM,23,Legal executive,checking,2024-06-23,US,low,False,verified
C-0284,Dustin Gallegos,42,Corporate treasurer,savings,2024-02-26,US,low,False,verified
C-0285,Luis Bullock,41,Advertising account executive,business,2019-02-14,US,low,False,verified
C-0286,Kimberly Acosta,77,"Secretary, company",business,2020-10-18,CA,medium,False,verified
C-0287,Cynthia Martinez,32,Field trials officer,savings,2020-10-05,FR,low,False,expired
C-0288,Joyce Rodriguez,76,Restaurant manager,checking,2022-07-13,US,medium,False,verified
C-0289,Jose Allen,56,Cytogeneticist,savings,2019-06-24,US,low,False,verified
C-0290,Harry Duncan,53,"Embryologist, clinical",business,2023-03-17,US,low,False,verified
C-0291,William Jones,61,Secondary school teacher,savings,2022-01-02,US,medium,False,verified
C-0292,Katie Smith,50,"Psychotherapist, dance movement",checking,2016-12-31,US,low,False,verified
C-0293,James Burgess,43,Marketing executive,checking,2024-06-13,US,medium,False,verified
C-0294,Nicholas Fuller,22,Television camera operator,business,2023-12-01,US,high,False,verified
C-0295,Andrew Payne,44,Economist,savings,2024-11-13,US,medium,False,pending
C-0296,Veronica Mendoza,75,"Education officer, environmental",checking,2024-09-05,US,low,False,verified
C-0297,Ricardo Ellis,73,Hospital doctor,checking,2018-07-31,UK,low,False,verified
C-0298,Stacey Stewart,66,Insurance claims handler,savings,2021-09-19,CA,high,False,verified
C-0299,Kimberly King PhD,32,"Engineer, aeronautical",savings,2019-06-05,US,low,False,verified
C-0300,Amber Rios,60,Government social research officer,checking,2017-10-22,US,low,False,verified
C-0301,Steve Paul,56,Nature conservation officer,savings,2019-12-15,DE,low,False,verified
C-0302,Michael Richardson,32,"Scientist, physiological",business,2019-03-26,DE,low,False,verified
C-0303,Jeff Jordan,76,Education administrator,business,2022-01-07,US,low,False,verified
C-0304,Bobby Guerrero,74,Information officer,savings,2021-01-08,US,high,False,verified
C-0305,Carol Wallace,55,Product manager,business,2016-12-26,FR,high,False,verified
C-0306,Heather Bolton,78,Haematologist,business,2022-12-16,KY,low,False,verified
C-0307,Amy Lambert,42,"Optician, dispensing",savings,2020-03-13,US,medium,False,verified
C-0308,Meghan Cisneros,76,Customer service manager,savings,2025-01-19,FR,low,False,verified
C-0309,Jessica Martinez,31,Fashion designer,checking,2024-05-07,CA,low,False,verified
C-0310,James Bradley,30,Trade union research officer,savings,2018-02-05,UK,low,False,verified
C-0311,Jacob Wallace,66,Camera operator,business,2022-04-21,US,medium,False,verified
C-0312,Jennifer Banks,76,Fisheries officer,savings,2026-03-03,US,low,False,verified
C-0313,Cody Holmes,62,"Surveyor, planning and development",business,2017-09-28,US,medium,False,verified
C-0314,Michele Lewis,52,Veterinary surgeon,business,2019-06-03,US,low,False,verified
C-0315,Katherine Martinez,80,"Buyer, retail",business,2021-01-31,US,low,False,pending
C-0316,Jill Miller,54,IT consultant,savings,2023-03-30,US,medium,True,verified
C-0317,Krista Roberts,30,Hydrologist,checking,2025-01-29,US,low,False,verified
C-0318,Tammy Little,70,Medical illustrator,checking,2021-08-26,US,high,False,verified
C-0319,Curtis Taylor,64,"Research officer, political party",business,2016-10-29,CA,low,False,verified
C-0320,Jackie Lara,71,Structural engineer,savings,2017-11-11,US,high,False,verified
C-0321,Ana Sanders,32,Quality manager,savings,2021-10-27,US,medium,True,verified
C-0322,Samantha Jones,60,Investment analyst,business,2022-12-27,US,high,False,verified
C-0323,Michael Cooper,19,Structural engineer,business,2022-12-18,US,medium,False,verified
C-0324,Vincent Reynolds,76,Automotive engineer,savings,2024-11-17,US,low,False,verified
C-0325,Elizabeth Martin,40,Equality and diversity officer,checking,2020-01-10,DE,medium,False,pending
C-0326,Stephanie Singleton,32,Fitness centre manager,checking,2018-07-12,BS,low,False,verified
C-0327,Denise Weber,42,Volunteer coordinator,checking,2021-11-24,US,low,False,verified
C-0328,Caroline David,45,"Designer, exhibition/display",business,2018-04-11,CA,medium,False,verified
C-0329,Stephanie Morgan,32,"Surveyor, rural practice",savings,2016-12-22,UK,high,False,verified
C-0330,Angela Fry,61,Technical author,checking,2019-03-18,FR,medium,False,verified
C-0331,Kenneth Montgomery,31,Airline pilot,business,2021-07-18,US,low,False,verified
C-0332,Donna Frye,54,Radiation protection practitioner,savings,2019-01-05,US,low,False,verified
C-0333,Jennifer Chavez,65,Best boy,savings,2018-02-22,US,medium,False,verified
C-0334,John Peterson,45,Cytogeneticist,savings,2019-09-09,US,medium,False,verified
C-0335,Morgan Valencia,38,Oceanographer,savings,2017-11-14,KP,low,False,verified
C-0336,Justin Flores,42,"Psychologist, prison and probation services",checking,2017-10-15,DE,low,False,verified
C-0337,Charles Williams,63,Music tutor,savings,2025-03-16,US,low,False,verified
C-0338,Victor Barrera,38,Land,checking,2025-11-25,US,low,True,verified
C-0339,Cheryl Moore,23,"Scientist, biomedical",savings,2021-03-26,US,low,False,verified
C-0340,Kathleen Davis,53,"Nurse, learning disability",savings,2021-08-14,UK,low,False,verified
C-0341,Cindy Gomez,67,Arts administrator,savings,2019-05-18,US,medium,False,expired
C-0342,Sarah Chambers,42,Higher education lecturer,savings,2021-12-06,DE,low,False,verified
C-0343,Jessica Khan,44,Medical secretary,checking,2024-03-15,UK,low,False,verified
C-0344,James Hudson,30,"Engineer, broadcasting (operations)",checking,2020-03-10,DE,low,False,pending
C-0345,James Cole,39,Statistician,checking,2019-05-12,US,low,False,verified
C-0346,Melanie Wilson DVM,56,"Nurse, mental health",business,2020-04-18,US,low,False,pending
C-0347,Ms. Holly Thomas,58,Town planner,checking,2021-08-27,US,high,False,verified
C-0348,Amber Taylor,77,"Lecturer, further education",business,2024-08-08,FR,low,False,verified
C-0349,Brittany Barry,64,Counselling psychologist,checking,2019-11-05,US,high,False,verified
C-0350,Carla Ewing,68,Hydrographic surveyor,checking,2022-07-02,US,low,False,verified
C-0351,Katrina Burns,68,"Surveyor, quantity",checking,2019-07-25,FR,low,False,verified
C-0352,Isabella Nunez,76,Pension scheme manager,business,2022-05-27,US,low,True,pending
C-0353,Molly Watts,76,Aid worker,savings,2022-07-14,US,low,False,verified
C-0354,Matthew Stanton,59,Technical sales engineer,business,2022-05-05,CA,low,False,verified
C-0355,Lauren Jackson,24,Water quality scientist,checking,2024-04-23,US,low,False,verified
C-0356,Roberto Allen,43,"Teacher, primary school",checking,2026-01-17,US,medium,False,verified
C-0357,Albert Edwards,36,"Designer, blown glass/stained glass",checking,2020-09-10,US,high,False,verified
C-0358,Jonathan Carr,39,Public affairs consultant,checking,2025-04-17,US,medium,False,verified
C-0359,Amy Taylor,46,"Engineer, maintenance (IT)",checking,2022-03-04,UK,low,True,verified
C-0360,Mrs. Jamie Frye DDS,61,Site engineer,savings,2019-12-27,US,high,False,verified
C-0361,Raymond Le,45,"Geneticist, molecular",checking,2022-08-31,US,low,False,verified
C-0362,David Grant,65,Equality and diversity officer,business,2025-12-24,US,medium,False,verified
C-0363,Dr. Michele Vaughn,66,Records manager,business,2019-09-26,US,medium,False,verified
C-0364,Timothy Pope,38,Graphic designer,savings,2019-06-11,US,low,False,verified
C-0365,Kimberly Huang,57,Nutritional therapist,checking,2024-09-30,US,low,False,verified
C-0366,Regina Roberts,63,Holiday representative,checking,2026-02-12,US,high,False,verified
C-0367,Thomas Douglas,25,Quality manager,savings,2018-09-14,US,low,False,verified
C-0368,Denise Hoffman,45,Glass blower/designer,savings,2017-12-08,US,low,False,pending
C-0369,Laurie Sanchez,49,Set designer,checking,2018-10-27,US,low,False,verified
C-0370,Brett Rivera,49,Public house manager,savings,2017-07-27,MM,low,False,verified
C-0371,Abigail Pierce,49,"Designer, industrial/product",checking,2020-08-19,US,medium,False,verified
C-0372,Sherry Woods,32,"Engineer, communications",checking,2024-02-15,US,low,False,verified
C-0373,Dustin Brown,67,Chartered public finance accountant,checking,2023-02-01,US,low,False,verified
C-0374,Parker Jefferson,41,Applications developer,business,2025-09-12,US,medium,True,verified
C-0375,Stephen Thompson,24,Animator,business,2026-07-15,BS,medium,False,verified
C-0376,Jon Zuniga,73,Horticultural consultant,savings,2025-05-01,US,low,False,verified
C-0377,Keith Rodriguez,55,Legal executive,business,2019-05-30,DE,low,False,verified
C-0378,Kimberly Snyder DVM,70,Retail merchandiser,savings,2021-03-30,CA,medium,False,verified
C-0379,Brian Martin,80,Proofreader,business,2023-01-18,US,low,False,pending
C-0380,Alexis Rogers,66,Hotel manager,checking,2022-03-30,US,high,False,verified
C-0381,Casey Chase,63,"Optician, dispensing",checking,2024-10-31,CA,medium,False,verified
C-0382,Angie Caldwell,35,Electrical engineer,business,2026-05-20,US,low,False,verified
C-0383,Timothy Smith,65,Music therapist,checking,2018-12-02,US,low,False,verified
C-0384,Tiffany Turner,73,"Teacher, primary school",business,2016-09-04,US,low,False,verified
C-0385,Melissa Brown,68,Commissioning editor,business,2021-03-21,US,low,False,verified
C-0386,Michael Leblanc,36,Insurance risk surveyor,checking,2023-06-20,US,low,False,verified
C-0387,Teresa Richardson,66,Environmental consultant,savings,2018-10-03,US,low,False,verified
C-0388,Christian Adkins,28,Trading standards officer,checking,2020-04-19,US,low,False,verified
C-0389,Susan Todd,37,Engineering geologist,savings,2024-03-08,US,medium,False,verified
C-0390,Linda Cobb,60,Secondary school teacher,business,2021-01-11,US,low,False,verified
C-0391,Angela Elliott,23,Biomedical engineer,business,2024-11-07,US,low,False,verified
C-0392,Christina Herrera,46,"Development worker, international aid",savings,2019-11-05,US,low,False,verified
C-0393,Audrey Harris,48,Television production assistant,savings,2021-06-14,US,low,False,verified
C-0394,Jill Brown,37,Consulting civil engineer,savings,2021-09-11,UK,low,False,verified
C-0395,Anthony Ford,54,Insurance account manager,savings,2023-10-19,US,low,False,verified
C-0396,Robert Reese,57,Technical sales engineer,business,2017-04-17,DE,low,False,verified
C-0397,Michael Weaver,42,Best boy,checking,2025-11-29,CA,high,False,verified
C-0398,Timothy Johnson,56,Osteopath,business,2018-05-13,FR,medium,False,pending
C-0399,Martin Daniel,56,Petroleum engineer,business,2020-04-22,US,low,False,verified
C-0400,Joan Stark,25,Multimedia programmer,savings,2020-04-27,US,low,False,verified
C-0401,Mary Ryan,26,Magazine features editor,checking,2017-10-01,US,medium,False,verified
C-0402,Jenna Anderson DVM,79,"Accountant, chartered certified",savings,2024-02-16,US,low,False,verified
C-0403,Julie Ball,43,Photographer,business,2021-11-19,US,low,False,verified
C-0404,Danielle Reed,52,Health and safety adviser,business,2018-06-13,US,low,False,verified
C-0405,Pamela Johnson,27,Personnel officer,business,2022-09-18,BS,low,False,verified
C-0406,Stacy Allen,45,Broadcast engineer,business,2017-07-28,US,high,False,verified
C-0407,Kyle Warner,57,Art therapist,business,2019-01-05,US,low,False,verified
C-0408,Jeffrey Fernandez,26,Banker,business,2017-12-18,CA,low,False,verified
C-0409,Cynthia Hendricks DDS,26,Technical brewer,business,2022-07-18,US,medium,False,verified
C-0410,Erica Turner,45,Customer service manager,checking,2026-06-03,US,low,False,pending
C-0411,Jennifer Hill,50,"Surveyor, hydrographic",checking,2026-01-18,US,low,False,verified
C-0412,Susan Garrett,75,Physiotherapist,business,2022-02-14,CA,low,False,verified
C-0413,Gregory Schneider,18,Museum/gallery curator,savings,2024-06-03,US,low,False,pending
C-0414,Jason Hernandez,76,Mudlogger,business,2018-05-27,CA,medium,False,verified
C-0415,Daisy Perez,22,Cytogeneticist,business,2024-08-15,US,low,False,pending
C-0416,Kristina Faulkner,80,"Surveyor, hydrographic",savings,2021-11-12,CA,high,False,verified
C-0417,David Rivera,53,Careers information officer,checking,2025-10-14,FR,low,False,verified
C-0418,Anna Hardy,55,"Engineer, aeronautical",checking,2017-01-29,FR,high,False,verified
C-0419,Larry Williams,77,"Buyer, industrial",checking,2018-06-12,US,low,False,verified
C-0420,Misty Hansen,18,Quality manager,business,2018-08-27,KY,low,False,verified
C-0421,Elizabeth Stout,44,"Engineer, mining",checking,2025-12-08,SY,high,False,verified
C-0422,Autumn Key,32,Quality manager,business,2025-09-16,FR,low,False,verified
C-0423,Michele Sanders,50,Film/video editor,savings,2022-01-31,US,low,False,verified
C-0424,Jamie Ferguson,26,Mechanical engineer,savings,2019-08-25,US,low,False,pending
C-0425,Stephen Owens,35,"Psychotherapist, child",savings,2024-03-07,US,low,False,verified
C-0426,Dale Edwards,28,Armed forces technical officer,checking,2022-03-10,US,low,False,verified
C-0427,Charles Green,47,Television/film/video producer,checking,2022-05-10,US,medium,False,verified
C-0428,Christian Rivera,72,Museum education officer,checking,2022-04-06,FR,low,False,pending
C-0429,Juan Harding,37,Leisure centre manager,checking,2019-02-20,US,medium,False,pending
C-0430,Tracy May,53,Recycling officer,savings,2021-03-04,US,low,False,verified
C-0431,Heather Taylor,67,Sports coach,savings,2021-06-12,UK,low,False,verified
C-0432,Kimberly May,34,Barrister's clerk,savings,2021-10-20,US,low,False,pending
C-0433,Angela Meyers,72,Art therapist,checking,2024-03-17,US,low,False,verified
C-0434,Ryan Hall,43,Dentist,checking,2016-08-27,US,low,False,verified
C-0435,Jacqueline Williamson,46,Warehouse manager,savings,2025-09-10,DE,low,False,verified
C-0436,Alexis Patel,53,Paramedic,checking,2016-09-06,FR,low,False,verified
C-0437,Denise Madden,69,Adult guidance worker,business,2021-08-02,DE,medium,False,verified
C-0438,Jessica Case,49,Editorial assistant,checking,2017-08-19,US,high,False,verified
C-0439,Chase Lee,32,Secretary/administrator,savings,2019-02-02,CA,medium,False,verified
C-0440,Robert Miller,55,"Optician, dispensing",savings,2021-02-25,US,high,False,verified
C-0441,Michael Evans,76,Catering manager,business,2023-02-07,FR,low,False,verified
C-0442,Olivia Davis,71,Museum education officer,savings,2020-05-02,US,low,False,verified
C-0443,Mark Warner,19,Charity fundraiser,business,2021-07-24,US,medium,False,verified
C-0444,Richard Knight,69,Chief of Staff,checking,2025-07-06,US,low,False,verified
C-0445,Crystal Valenzuela,19,Tax adviser,business,2021-04-27,US,low,False,verified
C-0446,Benjamin Frost,29,Speech and language therapist,checking,2022-03-14,US,low,False,verified
C-0447,Timothy Edwards,73,"Engineer, maintenance (IT)",checking,2022-06-08,CA,high,False,pending
C-0448,Michelle Sanders,38,Camera operator,savings,2019-07-23,US,high,False,verified
C-0449,Lacey Atkinson,29,"Sound technician, broadcasting/film/video",business,2019-11-18,US,high,False,pending
C-0450,Brenda Hinton,55,Careers information officer,savings,2021-07-28,US,low,False,verified
C-0451,Amy Kim,78,Call centre manager,business,2019-12-21,CA,low,False,pending
C-0452,Tina Sanders,76,"Journalist, newspaper",business,2016-11-10,US,low,False,pending
C-0453,Willie Henry,33,Market researcher,checking,2022-02-04,CA,high,False,verified
C-0454,Cody Willis,34,Museum/gallery conservator,savings,2017-06-03,UK,low,False,verified
C-0455,Rebecca Marquez,46,Charity fundraiser,business,2019-03-30,UK,low,False,verified
C-0456,Richard Moore,42,Neurosurgeon,savings,2019-09-24,US,medium,False,verified
C-0457,Aaron Parker,22,Media buyer,savings,2024-03-06,US,low,False,pending
C-0458,Brandon Jordan,42,"Surveyor, hydrographic",savings,2022-02-10,UK,medium,False,verified
C-0459,Alexander Gomez,57,Chief Financial Officer,checking,2022-07-14,UK,medium,False,verified
C-0460,Sharon Smith,24,Patent attorney,checking,2020-06-10,US,low,False,verified
C-0461,Steven Stein,36,Financial manager,checking,2022-04-14,US,low,True,verified
C-0462,James Taylor,41,Illustrator,savings,2019-04-01,US,low,False,verified
C-0463,Christopher Hill,19,Hydrographic surveyor,savings,2021-05-28,US,low,False,verified
C-0464,David Wright,43,Research scientist (life sciences),checking,2022-07-03,US,low,False,verified
C-0465,Brian Torres,74,Occupational hygienist,checking,2019-11-20,US,low,False,verified
C-0466,Regina Rivera,35,"Lecturer, higher education",business,2020-11-14,US,low,False,verified
C-0467,Marilyn Wheeler,44,Hydrologist,business,2019-10-09,UK,low,False,verified
C-0468,Christina Edwards,61,Occupational therapist,checking,2026-04-02,KP,low,False,verified
C-0469,Michael Henry,75,Teaching laboratory technician,business,2024-05-20,US,medium,False,verified
C-0470,Douglas Hartman,80,Medical sales representative,savings,2017-09-14,UK,high,False,verified
C-0471,Leslie Gardner,45,Statistician,savings,2016-10-31,PA,high,False,verified
C-0472,Terri Clark,76,"Horticulturist, amenity",savings,2024-11-16,FR,low,False,verified
C-0473,Ryan Pope,76,Restaurant manager,savings,2017-12-15,US,medium,False,verified
C-0474,David Moore,27,Pharmacologist,business,2024-06-15,US,low,False,pending
C-0475,William Mendoza,24,Oncologist,checking,2021-11-28,US,medium,False,verified
C-0476,Sheila Barnes,54,Animator,business,2024-06-21,FR,low,False,verified
C-0477,Steven Herrera,74,Chartered certified accountant,checking,2017-08-28,US,low,True,verified
C-0478,Matthew Jackson,70,Video editor,checking,2017-01-02,FR,low,False,verified
C-0479,Miss Jennifer Goodwin,32,Planning and development surveyor,savings,2017-08-16,PA,low,False,verified
C-0480,Daniel Burgess,56,"Surveyor, insurance",business,2022-05-15,US,low,False,pending
C-0481,Jill Myers,73,Theatre stage manager,checking,2023-06-21,US,medium,False,verified
C-0482,Zachary Webb,67,Hotel manager,business,2020-09-21,FR,medium,True,verified
C-0483,Audrey Shepard,33,Curator,savings,2020-01-18,US,low,False,verified
C-0484,Richard Boyd,50,Magazine features editor,checking,2021-04-29,FR,low,False,verified
C-0485,Michael Flores,29,Hydrologist,checking,2017-01-04,US,low,False,verified
C-0486,Alison Cooper,62,Clinical embryologist,savings,2023-05-03,US,low,False,verified
C-0487,William Sanchez,59,Ecologist,savings,2022-01-31,US,low,False,verified
C-0488,Jeffery Murray,26,Ophthalmologist,business,2022-11-11,US,low,False,verified
C-0489,Matthew Foster,63,Visual merchandiser,business,2025-05-24,US,low,False,verified
C-0490,Jeffrey Smith,37,"Engineer, site",business,2018-08-15,US,low,False,verified
C-0491,Rhonda Brown,79,"Civil engineer, consulting",checking,2024-07-23,SY,low,False,verified
C-0492,Holly Gonzalez,39,Clothing/textile technologist,checking,2019-03-10,US,low,False,verified
C-0493,Kelsey Fowler,51,"Therapist, speech and language",savings,2020-06-13,US,medium,False,verified
C-0494,Brian Bell,61,"Programmer, systems",savings,2022-09-27,US,medium,False,expired
C-0495,Michele Evans,65,Volunteer coordinator,savings,2022-06-19,FR,low,False,verified
C-0496,Emily Allen,58,Commercial horticulturist,checking,2018-05-24,US,high,False,verified
C-0497,Kayla Barnes,74,Corporate investment banker,business,2022-04-24,US,low,False,verified
C-0498,John Medina,29,Early years teacher,business,2022-02-11,FR,medium,False,verified
C-0499,Charles Edwards MD,74,Astronomer,checking,2025-03-21,DE,low,False,verified
C-0500,Kari Lee,58,Music tutor,business,2026-03-15,UK,low,False,verified
C-0501,Kathleen Cohen,61,Pathologist,checking,2023-09-01,DE,low,False,verified
C-0502,Christopher Cunningham,39,English as a second language teacher,checking,2019-06-27,VG,high,False,expired
C-0503,Joshua Jackson,29,"Programmer, systems",savings,2022-03-22,CA,low,False,verified
C-0504,Kathleen Dixon,35,"Teacher, primary school",savings,2017-09-15,US,medium,False,verified
C-0505,Samantha Richardson,45,Architectural technologist,business,2024-03-01,US,low,False,verified
C-0506,Daniel Coleman,64,Firefighter,checking,2019-07-17,US,high,False,verified
C-0507,Mrs. Hannah Montoya MD,18,Commercial/residential surveyor,business,2024-04-27,US,medium,False,verified
C-0508,Robert Matthews,50,Make,business,2025-03-05,FR,low,False,verified
C-0509,Jessica Jensen,56,"Engineer, maintenance",business,2024-09-12,FR,low,False,expired
C-0510,Laura Patel,30,"Therapist, speech and language",savings,2021-12-14,US,high,False,verified
C-0511,Michael Roberts,26,"Geologist, engineering",savings,2026-02-02,DE,medium,False,verified
C-0512,Stephanie Ochoa,58,Control and instrumentation engineer,checking,2026-03-12,US,medium,False,verified
C-0513,Tamara Riddle,19,Computer games developer,savings,2023-07-31,US,low,False,verified
C-0514,Charles Morris,27,Firefighter,savings,2024-03-06,US,low,False,verified
C-0515,Katherine Ray,35,Geophysical data processor,business,2022-11-04,US,low,False,verified
C-0516,Bernard Norton,25,Chief Financial Officer,checking,2020-08-04,UK,low,False,verified
C-0517,Melissa Wiley,80,"Programme researcher, broadcasting/film/video",savings,2026-01-25,DE,low,False,verified
C-0518,Aaron Schroeder,62,Chief Financial Officer,checking,2023-11-16,US,low,True,verified
C-0519,Matthew Howard,60,Biomedical scientist,checking,2024-07-09,US,low,False,verified
C-0520,Walter Summers,59,"Research officer, trade union",savings,2019-04-01,US,low,False,verified
C-0521,Gail Lane,73,Systems developer,savings,2025-02-01,US,medium,False,verified
C-0522,Stephanie Farmer,66,Armed forces training and education officer,savings,2017-07-23,US,low,False,verified
C-0523,Julia Martinez,79,"Designer, industrial/product",business,2020-12-23,US,low,False,verified
C-0524,Tyler Harris,43,Consulting civil engineer,checking,2025-05-21,US,low,False,verified
C-0525,Shannon Mcdowell,69,Chief Financial Officer,savings,2023-02-10,US,low,False,verified
C-0526,Jacob Mckee,76,Diagnostic radiographer,business,2017-01-30,US,low,False,verified
C-0527,Molly Fischer,57,"Pilot, airline",savings,2023-02-13,US,medium,False,verified
C-0528,April Woods,49,Consulting civil engineer,savings,2022-07-02,US,medium,False,verified
C-0529,Jill Smith,73,Lobbyist,business,2024-09-25,US,low,False,verified
C-0530,Jennifer Anderson MD,62,Music therapist,business,2017-06-16,DE,low,False,verified
C-0531,Ashley Richardson,59,Hydrographic surveyor,checking,2017-12-07,US,low,False,verified
C-0532,Nicole Anderson,77,Customer service manager,savings,2017-03-31,US,low,False,verified
C-0533,Lisa Martin,38,Make,savings,2023-10-16,CA,low,False,verified
C-0534,Brittany Jenkins,33,Probation officer,savings,2025-03-01,US,low,False,verified
C-0535,Brian Goodwin,25,Theme park manager,checking,2023-11-12,US,medium,True,verified
C-0536,Jeffrey Moody,70,Firefighter,savings,2019-05-02,US,medium,False,verified
C-0537,Juan Greene,59,Translator,business,2019-05-31,US,low,False,verified
C-0538,Alyssa Boone,39,Illustrator,business,2018-08-14,US,medium,False,verified
C-0539,Chelsea Myers,66,Audiological scientist,business,2024-05-27,US,low,False,verified
C-0540,Cynthia Cruz,41,Financial adviser,business,2021-07-23,US,low,False,verified
C-0541,Kelsey Levine,57,Media planner,savings,2025-11-26,US,low,False,verified
C-0542,Scott Carroll,24,Medical secretary,checking,2022-01-10,US,low,False,verified
C-0543,John Archer,55,"Buyer, industrial",business,2016-09-23,UK,low,False,verified
C-0544,Dennis Williams,71,Best boy,business,2026-01-19,US,low,False,pending
C-0545,Dustin Marquez,26,Pathologist,savings,2020-10-19,CA,low,False,verified
C-0546,Martin Medina,56,"Designer, ceramics/pottery",business,2019-05-04,US,medium,False,pending
C-0547,Jorge Harris,26,"Designer, furniture",checking,2021-12-05,FR,low,False,verified
C-0548,Mark Davenport,63,Brewing technologist,business,2019-09-01,US,high,False,verified
C-0549,Troy Allen,76,Financial risk analyst,business,2017-06-04,US,low,False,pending
C-0550,Jesse Lynch,58,Insurance broker,checking,2023-03-24,CA,medium,False,verified
C-0551,Casey Smith,75,"Copywriter, advertising",business,2023-07-31,US,low,False,verified
C-0552,Troy Mills,27,Futures trader,savings,2018-03-26,US,low,False,verified
C-0553,Richard Adams,27,Commercial/residential surveyor,savings,2024-04-12,CA,low,False,verified
C-0554,Robert Nelson,24,Bonds trader,business,2019-03-12,US,medium,False,verified
C-0555,Lori Crawford,50,Sales promotion account executive,business,2020-03-01,US,low,False,pending
C-0556,Mr. Jacob Scott Jr.,80,"Teacher, secondary school",business,2023-04-22,KP,low,False,verified
C-0557,Patrick Smith,67,"Administrator, charities/voluntary organisations",checking,2019-01-04,FR,medium,False,verified
C-0558,James Hernandez,52,Animal technologist,business,2022-02-03,US,low,False,pending
C-0559,Natalie Barnes,61,IT technical support officer,savings,2019-01-17,FR,low,False,verified
C-0560,Erica Mckenzie,53,"Teacher, music",checking,2020-04-16,US,low,False,verified
C-0561,Stephanie White,27,"Scientist, clinical (histocompatibility and immunogenetics)",savings,2026-05-19,US,low,False,verified
C-0562,Andrea Marshall,54,Heritage manager,business,2024-04-19,US,low,False,verified
C-0563,Brandon Bryant,68,"Merchandiser, retail",business,2018-07-28,DE,low,False,verified
C-0564,Elizabeth Dean,60,"Psychologist, forensic",checking,2020-03-31,US,low,False,pending
C-0565,Yolanda Parsons,53,Sports coach,business,2024-03-03,US,low,False,verified
C-0566,Aaron Ortiz,61,"Exhibitions officer, museum/gallery",checking,2021-12-24,BS,low,False,verified
C-0567,Melissa Smith,19,Legal executive,business,2016-07-30,FR,medium,False,verified
C-0568,Sarah Acosta,75,Civil Service administrator,business,2018-08-13,US,low,False,pending
C-0569,Mrs. Tonya Kaufman,58,Curator,savings,2023-09-06,CA,low,False,verified
C-0570,Thomas Merritt,31,"Scientist, product/process development",business,2020-09-10,US,medium,False,verified
C-0571,Judy Adkins,27,Telecommunications researcher,savings,2017-07-09,US,low,False,verified
C-0572,Robert Jones,53,Tax inspector,savings,2017-03-09,US,low,False,verified
C-0573,Bianca Carter,45,International aid/development worker,checking,2025-10-28,US,low,False,verified
C-0574,Ronnie Nguyen,55,Production manager,savings,2019-04-14,US,medium,False,pending
C-0575,Dale Chan,37,Television/film/video producer,business,2017-08-27,UK,low,False,verified
C-0576,Jerry Edwards,52,Community arts worker,savings,2021-12-03,US,low,False,verified
C-0577,Christine Parker,27,Geochemist,checking,2025-02-02,BZ,low,False,verified
C-0578,Robert Torres,18,Toxicologist,business,2016-12-19,MM,medium,False,verified
C-0579,Erin Davis,78,Fish farm manager,savings,2026-04-01,US,low,False,pending
C-0580,Anthony Evans,59,Ecologist,business,2016-11-15,US,low,False,verified
C-0581,Jesse Adkins,60,Fisheries officer,business,2017-07-06,FR,medium,False,pending
C-0582,Riley Martinez,22,Biomedical engineer,checking,2024-11-13,US,low,False,verified
C-0583,Mrs. Samantha Watson,40,Chartered accountant,savings,2022-05-22,IR,low,False,verified
C-0584,Robert Johnson,46,Bookseller,checking,2018-07-17,UK,low,False,verified
C-0585,Rhonda Davis,79,Learning disability nurse,checking,2017-10-15,US,low,False,verified
C-0586,Amber Glass,41,Police officer,savings,2024-10-12,US,low,False,verified
C-0587,Allen Vega,49,Drilling engineer,business,2020-02-07,US,low,False,verified
C-0588,Denise Griffin,30,Database administrator,checking,2016-11-28,FR,medium,False,verified
C-0589,Danielle Phillips,58,Paramedic,savings,2025-05-23,US,medium,False,verified
C-0590,Brandon Reyes,52,Personnel officer,business,2018-07-23,DE,low,False,verified
C-0591,Kelly Mccoy,50,Speech and language therapist,business,2024-07-06,DE,low,False,verified
C-0592,Rachael Howard DDS,26,Radio producer,checking,2020-01-02,DE,low,False,verified
C-0593,Erica Nelson,48,Agricultural engineer,checking,2019-10-02,US,low,False,verified
C-0594,Steven Osborne,60,Barrister,savings,2024-08-26,FR,low,False,verified
C-0595,Hunter Silva,20,"Exhibitions officer, museum/gallery",business,2026-04-21,US,low,False,verified
C-0596,Matthew Adams,34,Banker,business,2024-03-16,US,low,False,verified
C-0597,Laura Mcgrath,42,Network engineer,savings,2020-02-11,US,low,False,verified
C-0598,Sarah Thompson,18,"Therapist, drama",business,2019-09-29,US,medium,False,verified
C-0599,Heather Vargas,29,Management consultant,savings,2026-01-15,US,low,False,verified
C-0600,Kristine Lopez,64,"Research officer, government",savings,2021-12-26,DE,low,False,verified
C-0601,Andrew Brown,20,Town planner,savings,2018-10-02,CA,low,False,verified
C-0602,April Hardin,34,"Engineer, drilling",savings,2024-08-17,US,low,False,pending
C-0603,Christopher Lang,64,Jewellery designer,business,2017-02-27,US,medium,False,verified
C-0604,Michael Thomas,28,Clinical psychologist,savings,2025-01-11,US,medium,False,verified
C-0605,Toni Brooks,50,Occupational hygienist,checking,2022-06-04,US,low,False,pending
C-0606,Frank Daugherty,42,Press sub,savings,2024-06-25,US,low,False,verified
C-0607,Marie Thompson,56,"Surveyor, planning and development",savings,2023-07-02,US,low,False,verified
C-0608,Rachel Walker,25,Theme park manager,savings,2024-09-16,US,low,False,verified
C-0609,Nicholas Phillips,67,"Editor, film/video",business,2023-11-08,US,low,False,verified
C-0610,Tiffany Myers,78,Tax inspector,checking,2016-11-20,US,medium,False,verified
C-0611,Tammy Ponce,34,Environmental consultant,checking,2022-12-17,US,medium,False,verified
C-0612,Jon Rivera,30,Careers adviser,savings,2018-12-11,US,medium,False,verified
C-0613,Mrs. Stacey Davis,59,Legal executive,savings,2021-01-11,UK,low,False,verified
C-0614,David Jones,34,Furniture conservator/restorer,checking,2024-06-07,CA,medium,False,verified
C-0615,Amber Kim,44,Personnel officer,business,2026-04-04,FR,medium,False,verified
C-0616,Katherine Gray,37,Sports coach,business,2020-04-26,US,low,False,verified
C-0617,Rachel Lane,46,Equality and diversity officer,business,2018-03-11,US,high,False,verified
C-0618,Ryan Phillips,57,"Investment banker, operational",business,2019-03-05,US,low,False,verified
C-0619,Glenn Barron,70,"Designer, multimedia",savings,2023-11-19,US,low,False,verified
C-0620,Stephanie Davis,56,"Therapist, music",savings,2026-06-02,FR,medium,False,verified
C-0621,Michele Reynolds,79,"Development worker, international aid",business,2022-08-21,US,low,False,verified
C-0622,Anthony Rivera,72,Energy manager,business,2020-08-28,US,high,False,verified
C-0623,Tammy Fernandez,32,Herbalist,business,2019-07-16,US,low,True,verified
C-0624,James Dunn,35,Recycling officer,checking,2018-02-06,US,low,False,verified
C-0625,Jeffrey Phillips,22,Tourism officer,savings,2021-05-14,US,low,False,verified
C-0626,Daniel Little,70,Ceramics designer,checking,2021-04-19,US,low,False,verified
C-0627,Richard Ruiz,44,Geochemist,business,2017-06-22,US,low,False,verified
C-0628,Cathy Mcclure,74,Merchant navy officer,business,2018-06-06,SY,medium,False,verified
C-0629,Jeremiah Baker,66,Geophysical data processor,checking,2022-03-17,US,high,False,verified
C-0630,Michael Davis,34,Local government officer,savings,2024-08-24,US,low,False,verified
C-0631,Peter Perez,44,"Biochemist, clinical",checking,2024-12-21,US,low,True,verified
C-0632,Jennifer Nichols,61,Public relations officer,business,2022-04-17,DE,medium,False,pending
C-0633,Edwin Foster,75,Animal nutritionist,business,2021-08-02,US,low,False,verified
C-0634,Rebecca Byrd,30,Web designer,savings,2018-01-14,US,medium,False,verified
C-0635,Joann Rush,40,Diplomatic Services operational officer,savings,2026-04-15,DE,medium,False,verified
C-0636,Beth Henderson,66,"Presenter, broadcasting",business,2018-08-01,US,high,False,verified
C-0637,Brittany Larson,74,IT consultant,business,2025-09-03,US,medium,False,expired
C-0638,Andrea Hughes,32,Occupational psychologist,business,2022-01-31,US,low,False,verified
C-0639,Kelly Stark,43,"Administrator, charities/voluntary organisations",business,2024-06-06,US,medium,False,verified
C-0640,Kelly Barnes,18,Patent examiner,savings,2018-01-22,US,low,False,verified
C-0641,Lauren Hanna,34,Chiropodist,savings,2025-10-24,US,low,False,verified
C-0642,Ashlee Mitchell,44,Social worker,business,2025-05-14,CA,medium,False,verified
C-0643,Deborah Pena,80,"Teacher, music",business,2022-08-27,US,low,False,verified
C-0644,Donald Thomas,72,Transport planner,checking,2023-05-17,US,low,False,verified
C-0645,James Koch,49,Field seismologist,savings,2017-01-21,US,high,False,verified
C-0646,Derrick Watson,37,Leisure centre manager,checking,2024-09-26,US,low,False,verified
C-0647,Douglas Vasquez,70,Chief Technology Officer,checking,2026-04-16,US,low,False,verified
C-0648,Eric Manning,53,IT sales professional,business,2019-04-05,US,high,False,verified
C-0649,Matthew Lopez,79,"Engineer, mining",business,2025-09-12,UK,low,False,verified
C-0650,John Black,61,Midwife,business,2024-10-10,CA,low,False,verified
C-0651,Caitlin Collins,79,Risk manager,savings,2020-08-06,US,medium,False,pending
C-0652,Kelly Carroll,22,Early years teacher,savings,2018-06-29,US,low,False,verified
C-0653,Sara Wright,43,"Programmer, multimedia",checking,2017-01-25,FR,medium,False,pending
C-0654,Curtis Richardson,44,"Psychologist, forensic",savings,2021-08-13,SY,low,True,verified
C-0655,Becky Johnson,62,Microbiologist,business,2021-06-14,US,low,False,verified
C-0656,Tyler Wells,19,Structural engineer,checking,2020-01-23,UK,low,False,verified
C-0657,Steven Curry,77,Chemical engineer,checking,2019-06-01,US,low,False,verified
C-0658,Christopher Armstrong,71,"Engineer, site",savings,2025-02-19,US,low,False,verified
C-0659,Megan Adams,73,Outdoor activities/education manager,business,2021-09-12,US,high,False,verified
C-0660,Tracy Fleming,56,Public relations account executive,checking,2025-09-05,US,low,False,verified
C-0661,Lindsay Smith,40,Forensic psychologist,checking,2022-08-25,US,low,False,verified
C-0662,Michelle Fletcher,37,Haematologist,savings,2020-10-20,US,low,False,verified
C-0663,Gregory King,18,"Psychologist, prison and probation services",business,2019-08-02,US,high,False,verified
C-0664,Loretta Silva,56,Actor,savings,2021-09-05,US,medium,False,verified
C-0665,Sarah Brooks,33,"Therapist, music",savings,2022-08-27,US,medium,False,verified
C-0666,Brian Brown,58,Health and safety inspector,savings,2022-12-21,DE,low,False,verified
C-0667,Debbie Dawson,65,Hydrogeologist,business,2018-06-13,US,medium,False,verified
C-0668,Cynthia Brown,58,Tourism officer,checking,2020-08-09,CA,low,False,verified
C-0669,Charles Johnson,21,Research scientist (medical),business,2026-07-16,DE,low,False,verified
C-0670,Jason Price,32,Animal technologist,savings,2022-05-24,CA,low,False,verified
C-0671,Rose Cooper DDS,47,Social researcher,business,2022-12-12,IR,medium,False,verified
C-0672,Todd Howard,43,Hydrologist,savings,2025-01-07,CA,low,False,verified
C-0673,Sherri White,25,Chief Strategy Officer,business,2021-04-09,FR,low,False,verified
C-0674,Molly Hansen,65,"Education officer, museum",savings,2026-01-13,US,low,False,verified
C-0675,Martha Walker,28,Environmental health practitioner,business,2024-01-03,US,medium,False,verified
C-0676,Richard Rivera,37,Gaffer,savings,2022-06-03,UK,low,False,verified
C-0677,Bruce Brown,38,Television production assistant,savings,2022-05-14,UK,low,False,verified
C-0678,Kaitlyn Lee,20,Communications engineer,business,2025-03-28,US,medium,False,verified
C-0679,Edwin Brown,49,Dentist,savings,2017-12-08,US,low,False,pending
C-0680,Jason Hudson,59,"Programmer, systems",savings,2017-12-30,US,medium,False,verified
C-0681,Catherine Miller,68,Learning mentor,business,2022-11-16,MM,medium,False,verified
C-0682,Mark Smith,40,Graphic designer,business,2018-08-28,DE,low,False,verified
C-0683,Laura Moore,62,Chartered management accountant,checking,2017-11-09,US,low,False,verified
C-0684,Jeffrey Patterson,71,Publishing rights manager,business,2020-05-25,US,high,False,verified
C-0685,Curtis Watson,34,"Administrator, education",business,2025-06-26,CA,low,True,verified
C-0686,Kiara Smith,57,"Accountant, chartered management",checking,2022-10-31,US,medium,False,verified
C-0687,Michael Cooper,30,"Conservation officer, nature",business,2017-08-04,US,low,False,verified
C-0688,Elizabeth Brown,38,Armed forces technical officer,savings,2019-07-19,FR,low,False,verified
C-0689,Nicholas Carlson,30,Leisure centre manager,savings,2020-11-25,CA,low,False,verified
C-0690,Brandi Ferrell,51,Recruitment consultant,business,2020-02-27,US,medium,False,verified
C-0691,Travis Hull,76,Operations geologist,savings,2016-10-02,US,low,False,verified
C-0692,William Clark,65,Advertising copywriter,checking,2022-06-18,US,medium,False,verified
C-0693,Jacob Santos,64,Applications developer,savings,2020-04-25,US,medium,False,verified
C-0694,Patricia Dean,32,"Therapist, music",business,2026-07-06,US,low,False,verified
C-0695,Martha Smith,53,Commercial art gallery manager,checking,2020-09-24,US,medium,False,verified
C-0696,Joshua Wells,45,"Designer, ceramics/pottery",savings,2018-08-14,US,low,False,verified
C-0697,Alexandra Fisher,56,Chiropractor,checking,2023-03-11,US,high,False,verified
C-0698,Larry Taylor,58,Civil Service fast streamer,checking,2021-09-05,US,medium,False,verified
C-0699,Diane Glover,53,Research scientist (medical),business,2018-07-20,US,low,False,verified
C-0700,Dennis Mills,80,"Engineer, drilling",checking,2020-02-22,US,low,False,expired
C-0701,Christopher Kelley,32,"Engineer, maintenance (IT)",savings,2023-06-13,FR,medium,True,verified
C-0702,Mr. Adam Davis,50,Clinical psychologist,business,2024-12-01,US,low,False,verified
C-0703,Brittany Davis,34,Sales promotion account executive,checking,2017-04-25,US,medium,False,verified
C-0704,Summer Newman,54,"Programmer, multimedia",savings,2026-06-14,FR,medium,False,verified
C-0705,John Garcia,62,Ecologist,business,2025-04-22,CA,low,False,verified
C-0706,Heather Rhodes,54,Physiological scientist,checking,2023-12-13,FR,low,False,verified
C-0707,Peter Williams,73,Corporate investment banker,savings,2023-03-14,US,medium,False,verified
C-0708,Hunter Kim,58,Wellsite geologist,checking,2019-04-01,US,low,False,verified
C-0709,Jacqueline Cooper,62,Clothing/textile technologist,savings,2020-07-28,US,low,False,expired
C-0710,Denise Cruz,45,Purchasing manager,checking,2024-07-25,US,medium,False,verified
C-0711,Rebecca Wilson,34,Barrister's clerk,savings,2026-05-19,US,low,False,verified
C-0712,Ashley Pruitt,30,Radiation protection practitioner,checking,2024-08-02,US,low,False,verified
C-0713,Catherine James,22,Mechanical engineer,checking,2022-09-05,US,medium,False,pending
C-0714,Sheryl Acosta,45,"Conservator, furniture",checking,2021-05-24,UK,low,False,verified
C-0715,Stephen Alexander Jr.,40,Interior and spatial designer,business,2016-09-08,US,medium,False,verified
C-0716,Kelly Manning,32,Systems analyst,savings,2018-10-21,US,low,False,verified
C-0717,Shelley Stone,33,Water engineer,business,2017-07-07,UK,high,False,verified
C-0718,Danielle Reed,25,Musician,checking,2018-01-19,US,low,True,verified
C-0719,Stephanie Salazar,51,"Administrator, arts",checking,2022-12-31,US,low,False,expired
C-0720,Samuel Christian,75,Diagnostic radiographer,business,2017-04-24,US,low,False,verified
C-0721,David Cordova Jr.,59,Environmental health practitioner,savings,2022-01-25,DE,low,False,verified
C-0722,Robert Miller,19,"Producer, radio",checking,2024-07-30,US,medium,False,verified
C-0723,Scott West,24,Commissioning editor,checking,2026-05-16,SY,low,False,verified
C-0724,Alicia Powell,53,Animal technologist,business,2022-02-19,SY,low,False,verified
C-0725,Brandon Munoz,28,Water engineer,savings,2022-12-09,US,low,False,verified
C-0726,Kristina Pena,21,"Programmer, multimedia",business,2026-01-25,DE,low,False,expired
C-0727,Anthony Walker,32,"Programme researcher, broadcasting/film/video",savings,2019-11-19,US,low,False,verified
C-0728,Lindsay Moran,61,Medical physicist,business,2023-09-22,US,medium,False,verified
C-0729,Peter Walker,37,Licensed conveyancer,business,2020-02-12,US,low,False,verified
C-0730,Rebecca Kelley,30,Midwife,savings,2023-08-02,CA,low,False,verified
C-0731,Christopher Taylor,80,Outdoor activities/education manager,savings,2017-08-19,KP,low,False,verified
C-0732,Chelsea Conrad,64,"Nurse, learning disability",savings,2018-09-20,UK,low,False,verified
C-0733,Cheryl Morgan,44,Patent examiner,checking,2017-01-10,US,low,False,verified
C-0734,Megan Martinez,30,"Production designer, theatre/television/film",savings,2021-02-19,US,low,True,expired
C-0735,Kathy Maynard,57,"Accountant, chartered management",savings,2021-11-13,US,low,False,verified
C-0736,Timothy Roberson,72,Radiation protection practitioner,business,2025-10-22,UK,low,False,verified
C-0737,Susan Holt,28,Early years teacher,savings,2023-11-14,US,low,False,pending
C-0738,James Burke,32,IT technical support officer,business,2021-08-09,BZ,low,False,verified
C-0739,William Moon,49,Fish farm manager,business,2019-04-20,CA,low,False,verified
C-0740,Tracy Chavez,70,Contracting civil engineer,checking,2017-12-11,US,medium,False,pending
C-0741,Stacey Hunt,74,Sports development officer,business,2025-03-04,US,medium,False,verified
C-0742,Taylor Chen,33,"Engineer, control and instrumentation",business,2018-08-30,US,low,False,verified
C-0743,Melissa Morse,79,Consulting civil engineer,savings,2026-05-18,US,low,False,verified
C-0744,Tina Gordon,45,IT trainer,checking,2023-09-01,US,low,False,verified
C-0745,Kristina Aguilar,46,Pensions consultant,savings,2023-04-23,CA,medium,False,verified
C-0746,Kimberly Rich,44,"Pharmacist, hospital",checking,2024-08-24,US,low,False,verified
C-0747,Allison Thomas,23,Banker,checking,2018-07-25,US,low,False,verified
C-0748,Candace Mitchell,63,Fitness centre manager,checking,2018-01-10,CA,low,False,verified
C-0749,Richard Harris,28,Special educational needs teacher,checking,2016-11-20,US,low,True,verified
C-0750,Ashley Parrish,27,"Surveyor, planning and development",savings,2025-03-19,US,medium,False,verified
C-0751,Kristina Young,29,Holiday representative,savings,2023-06-30,US,medium,False,verified
C-0752,James Butler,49,Intelligence analyst,checking,2026-03-23,US,low,True,verified
C-0753,Patrick Harris,48,Probation officer,checking,2024-11-11,DE,low,False,verified
C-0754,Michele Holland,58,Theatre stage manager,business,2022-01-11,DE,medium,False,verified
C-0755,Patty Brandt,72,Hospital pharmacist,savings,2021-01-19,US,low,False,verified
C-0756,Mrs. Tonya Moss,44,Communications engineer,savings,2020-05-02,US,low,False,verified
C-0757,Justin Anderson,47,Television/film/video producer,business,2025-01-09,US,low,False,verified
C-0758,John Pineda,42,Archaeologist,savings,2018-02-06,FR,medium,False,verified
C-0759,Anthony Randolph,73,Warden/ranger,checking,2024-12-29,US,low,False,verified
C-0760,Richard Pierce,64,"Buyer, industrial",business,2024-05-28,DE,low,False,verified
C-0761,Daniel White,72,Broadcast journalist,checking,2024-06-05,US,low,False,verified
C-0762,Joshua Powell,49,Magazine journalist,business,2018-10-11,US,medium,False,verified
C-0763,Gary Ward,80,Engineering geologist,savings,2026-01-25,US,low,True,verified
C-0764,Karen Hoffman,44,Acupuncturist,checking,2017-09-17,UK,low,False,verified
C-0765,David May,62,Wellsite geologist,checking,2019-01-01,DE,low,False,verified
C-0766,Stephen James,25,Clothing/textile technologist,business,2020-06-03,US,low,False,verified
C-0767,Diane Pruitt,71,Minerals surveyor,checking,2021-09-15,US,high,False,verified
C-0768,Katelyn Phillips,58,"Engineer, automotive",checking,2019-10-08,US,medium,False,verified
C-0769,Brendan Bonilla,21,Soil scientist,business,2021-11-23,US,low,False,verified
C-0770,Christine Soto,61,"Engineer, production",checking,2025-03-19,US,medium,False,verified
C-0771,Brian Medina,39,"Presenter, broadcasting",checking,2023-01-11,CA,low,False,verified
C-0772,Nicole Hernandez,73,Psychiatric nurse,checking,2023-09-25,US,medium,False,verified
C-0773,Benjamin Thompson,33,Food technologist,checking,2022-02-22,US,low,False,verified
C-0774,Crystal Green,68,Network engineer,savings,2021-01-27,FR,medium,False,verified
C-0775,Eugene Price,27,Commissioning editor,savings,2021-11-29,US,low,False,verified
C-0776,Lisa Avila,73,Textile designer,savings,2017-01-07,FR,medium,False,verified
C-0777,Heather Shaw,47,Horticultural consultant,checking,2024-06-07,CA,medium,False,verified
C-0778,Brandon Hubbard,56,Primary school teacher,savings,2020-05-18,US,low,False,verified
C-0779,Amanda Moore,66,English as a second language teacher,checking,2017-12-05,US,low,False,verified
C-0780,Robert Gardner,67,Cytogeneticist,checking,2019-07-18,FR,low,False,verified
C-0781,Traci Camacho,53,Midwife,business,2026-02-20,KY,low,False,verified
C-0782,Shaun Thomas,69,Architectural technologist,checking,2016-08-12,FR,low,False,verified
C-0783,Kimberly Arroyo,21,Industrial/product designer,savings,2018-08-31,US,low,False,verified
C-0784,Molly Lewis,43,Science writer,savings,2017-12-27,US,medium,False,verified
C-0785,Luis King,37,Colour technologist,checking,2018-05-18,US,medium,False,verified
C-0786,Sarah York,66,Stage manager,checking,2021-03-06,PA,low,False,verified
C-0787,Donna Jones,37,Chief Technology Officer,business,2018-07-16,US,low,False,verified
C-0788,Tiffany Howard,57,Farm manager,checking,2017-07-25,DE,high,False,verified
C-0789,Stephanie Stewart,74,"Production designer, theatre/television/film",checking,2019-11-06,US,low,True,verified
C-0790,Melissa Hernandez,28,Tax adviser,checking,2020-03-17,US,medium,False,verified
C-0791,Jeffrey Smith,68,Fine artist,savings,2024-06-03,UK,low,False,verified
C-0792,Margaret Hill,44,Media buyer,savings,2017-11-27,US,low,False,pending
C-0793,Sherry Ford,70,Mechanical engineer,business,2024-04-24,US,low,False,verified
C-0794,Mr. Matthew Miller,33,Health visitor,savings,2025-02-24,US,low,False,pending
C-0795,Joshua Baker,56,Camera operator,checking,2023-11-03,US,low,False,verified
C-0796,Sarah Welch,24,Television camera operator,business,2022-05-09,FR,medium,False,verified
C-0797,Christy Johnson,70,Gaffer,savings,2021-12-31,US,medium,False,verified
C-0798,Mrs. Patricia Diaz MD,46,Theme park manager,business,2023-11-24,US,low,False,verified
C-0799,John Dixon,68,Occupational psychologist,business,2020-03-15,DE,low,False,verified
C-0800,David Maynard,55,Visual merchandiser,savings,2023-05-29,MM,low,False,verified
C-0801,Brenda Moore,75,Systems developer,business,2026-01-19,US,high,True,verified
C-0802,Tracy Fitzgerald,73,Radio broadcast assistant,savings,2025-12-15,US,low,False,verified
C-0803,Philip Hall,45,"Geneticist, molecular",business,2020-04-04,US,low,False,verified
C-0804,Daniel Velez,41,Media planner,checking,2020-06-11,US,low,False,verified
C-0805,Sierra Williams,19,Jewellery designer,savings,2017-08-06,CA,medium,False,verified
C-0806,Madeline Hill,69,General practice doctor,checking,2022-05-08,CA,medium,False,verified
C-0807,Jamie Gray,47,Theatre manager,business,2023-02-05,US,low,False,verified
C-0808,Kellie Bennett,18,Environmental health practitioner,business,2021-09-23,DE,low,False,verified
C-0809,Sean Tucker,54,Race relations officer,checking,2025-06-08,FR,low,True,verified
C-0810,Stephen Gonzales,79,Event organiser,business,2017-05-02,US,low,False,verified
C-0811,Christine Lopez,23,Medical illustrator,business,2022-08-02,US,medium,False,verified
C-0812,Mary Perry,52,Lawyer,business,2023-10-08,US,low,False,verified
C-0813,Mr. Daniel Martin,50,Paediatric nurse,checking,2016-10-14,US,low,False,verified
C-0814,Kenneth Martin,20,Science writer,business,2016-12-15,US,high,False,verified
C-0815,Amy Scott,48,Education administrator,business,2021-09-24,US,low,False,expired
C-0816,Wayne Walsh,23,Herpetologist,savings,2026-01-14,US,low,False,verified
C-0817,Lawrence Ruiz,34,Race relations officer,savings,2018-04-09,CA,medium,False,pending
C-0818,Lindsay Norton,41,"Education officer, environmental",savings,2022-10-18,US,low,False,verified
C-0819,Carol Jennings,39,Professor Emeritus,savings,2022-07-13,US,high,False,verified
C-0820,James Anderson,44,"Administrator, sports",checking,2018-08-03,US,low,False,verified
C-0821,Kathy Barnes,34,Dealer,savings,2022-08-14,DE,low,False,verified
C-0822,Steven Greene,61,Ship broker,business,2021-08-06,US,low,False,verified
C-0823,John Anderson,69,Toxicologist,checking,2021-12-16,US,low,False,verified
C-0824,Todd Gregory,58,Plant breeder/geneticist,checking,2021-10-14,US,high,False,pending
C-0825,Andrew Moreno,35,Estate manager/land agent,savings,2025-12-13,US,low,False,verified
C-0826,Dr. Gregory Ballard,55,Teaching laboratory technician,savings,2017-07-16,US,low,False,expired
C-0827,John Hall,18,Charity officer,savings,2019-05-25,US,low,False,verified
C-0828,Jennifer Lopez,36,Actor,checking,2022-05-06,US,low,True,verified
C-0829,Adam Pena,58,Interpreter,savings,2020-08-26,BS,medium,False,verified
C-0830,Jeffery Richards,75,Games developer,business,2025-02-11,CA,low,False,verified
C-0831,Jacob Hill,47,Occupational psychologist,business,2024-02-11,US,high,False,pending
C-0832,Richard Olson,60,Metallurgist,checking,2022-02-26,FR,low,False,verified
C-0833,Dr. Kenneth Schroeder,21,Occupational therapist,checking,2023-12-03,US,high,False,verified
C-0834,Mary Adkins,29,Product manager,business,2024-05-24,US,low,False,verified
C-0835,Ariel Romero,63,Lexicographer,checking,2024-07-28,DE,low,False,verified
C-0836,Melinda Williams,49,Neurosurgeon,savings,2026-03-18,FR,low,True,verified
C-0837,Brandon Thomas,39,Tourism officer,checking,2020-12-01,US,low,False,pending
C-0838,Daniel Miller,72,Applications developer,business,2023-10-23,US,medium,False,verified
C-0839,Jennifer Douglas,70,Historic buildings inspector/conservation officer,checking,2023-09-06,KP,low,False,expired
C-0840,Theresa Wilkins,58,"Research officer, trade union",business,2020-12-14,US,low,False,pending
C-0841,Matthew Lara,36,Higher education lecturer,business,2018-07-06,UK,low,False,pending
C-0842,Kayla Hale,42,Volunteer coordinator,savings,2018-04-05,US,low,False,verified
C-0843,David Smith,26,"Designer, industrial/product",savings,2017-06-07,US,low,False,verified
C-0844,James Caldwell,52,"Optician, dispensing",business,2022-06-04,US,low,False,verified
C-0845,Nancy Jones,21,Chemical engineer,checking,2022-01-22,US,medium,True,verified
C-0846,Kristin Aguilar,61,"Loss adjuster, chartered",business,2026-03-13,US,low,False,pending
C-0847,Larry Lee,19,Operations geologist,checking,2022-04-25,US,high,False,verified
C-0848,Jason Rodriguez,58,"Buyer, industrial",savings,2021-08-06,US,high,False,verified
C-0849,Bruce Palmer,22,Furniture designer,savings,2025-04-29,US,low,False,verified
C-0850,Laura Benson,69,Multimedia programmer,business,2022-03-13,UK,low,False,pending
C-0851,Nina Ali,71,Proofreader,savings,2023-05-19,US,medium,False,verified
C-0852,Shannon Olson,44,Further education lecturer,savings,2017-03-28,UK,low,False,verified
C-0853,Wendy Rhodes,68,Event organiser,business,2024-07-25,US,low,False,verified
C-0854,Harry Nichols,29,General practice doctor,savings,2019-01-17,US,medium,False,verified
C-0855,Michael Nicholson,31,Call centre manager,savings,2022-02-09,US,low,False,verified
C-0856,Erik Robinson,63,"Teacher, secondary school",checking,2019-04-03,CA,low,False,verified
C-0857,Melanie Browning,53,Research scientist (physical sciences),savings,2023-12-08,FR,low,False,pending
C-0858,David Baker,52,Estate manager/land agent,business,2018-08-04,US,low,False,verified
C-0859,Luke Moore,68,Clinical biochemist,savings,2017-10-05,FR,low,False,verified
C-0860,Tyler Vasquez,20,Accounting technician,savings,2024-03-16,CA,low,False,verified
C-0861,Amanda Olson,65,Web designer,savings,2019-09-20,US,high,False,verified
C-0862,Sierra Andrews,75,Haematologist,savings,2021-06-21,US,medium,False,verified
C-0863,Dr. Diana Walker,25,Technical author,checking,2017-11-05,DE,low,False,verified
C-0864,Jenny Ayers,22,Amenity horticulturist,checking,2021-08-03,DE,low,False,verified
C-0865,Michael Thompson,41,Community arts worker,savings,2023-07-19,DE,low,False,verified
C-0866,Michael Smith,20,"Engineer, materials",business,2020-05-11,FR,low,False,verified
C-0867,Isaiah Hensley,66,"Embryologist, clinical",checking,2022-01-18,US,low,False,verified
C-0868,John Austin,53,Medical secretary,savings,2018-05-27,US,low,False,verified
C-0869,Jason Goodwin,35,Medical sales representative,savings,2025-02-08,DE,medium,False,verified
C-0870,Christopher Anderson,75,Teaching laboratory technician,business,2023-06-05,US,high,False,verified
C-0871,Michelle Brock,48,"Surveyor, building control",business,2020-11-19,US,medium,True,verified
C-0872,Charles Haley,33,Dealer,savings,2021-04-17,US,low,True,verified
C-0873,Javier Taylor,33,"Scientist, forensic",business,2021-11-26,DE,high,True,verified
C-0874,John King,65,Tax inspector,business,2017-01-15,CA,low,False,verified
C-0875,Christopher Lewis,73,Forest/woodland manager,checking,2021-04-30,US,low,False,verified
C-0876,Joanna Cook,62,Media planner,checking,2020-03-02,US,low,False,verified
C-0877,Rhonda Cooper,31,Paramedic,business,2017-10-10,US,low,False,verified
C-0878,Tracey Gonzalez,61,Teaching laboratory technician,checking,2023-01-23,US,medium,False,verified
C-0879,Veronica Mitchell,29,"Journalist, broadcasting",business,2023-04-19,US,low,False,verified
C-0880,Dr. Steve James,33,Historic buildings inspector/conservation officer,business,2021-03-15,VG,low,False,pending
C-0881,Sheena Davidson,66,Leisure centre manager,savings,2020-10-12,US,low,False,verified
C-0882,Jennifer Meadows,41,Cartographer,checking,2018-03-08,US,low,False,verified
C-0883,Evan Carter,52,"Geologist, engineering",checking,2022-08-14,US,low,False,verified
C-0884,Stephen Norman,74,Medical laboratory scientific officer,checking,2024-01-17,US,low,False,verified
C-0885,Joanna Jackson,25,Advice worker,business,2017-10-24,UK,low,False,verified
C-0886,David Manning,80,Cartographer,business,2018-09-02,US,low,False,verified
C-0887,Brendan Zuniga,22,Public librarian,savings,2022-01-18,US,medium,False,pending
C-0888,James Hubbard,39,Charity officer,business,2017-08-08,US,low,False,verified
C-0889,Angela Huynh,46,Newspaper journalist,checking,2019-08-29,US,low,False,verified
C-0890,Duane Sims,41,"Conservator, museum/gallery",checking,2021-10-31,CA,medium,True,verified
C-0891,Andrew Kelly,28,"Journalist, magazine",business,2025-03-17,US,low,False,verified
C-0892,Seth Donovan,25,Sports therapist,savings,2021-01-05,US,high,False,verified
C-0893,Melissa Thompson,63,"Therapist, speech and language",savings,2021-02-16,US,low,False,verified
C-0894,Sherry Graham,52,"Social research officer, government",checking,2019-08-30,SY,low,True,pending
C-0895,Joshua Ballard,77,Private music teacher,checking,2019-08-23,US,low,False,verified
C-0896,Christopher Smith,36,"Scientist, research (medical)",checking,2024-09-19,US,medium,False,verified
C-0897,Hailey Harrison,64,Actuary,checking,2023-06-11,US,low,False,verified
C-0898,Pedro Evans DDS,25,"Horticulturist, commercial",checking,2022-07-14,US,low,False,verified
C-0899,Kimberly Lopez,56,"Surveyor, mining",business,2020-12-07,US,low,False,verified
C-0900,Miguel Brewer,23,Multimedia specialist,business,2018-10-08,US,medium,False,pending
C-0901,Mario Black,38,Video editor,business,2024-08-22,US,low,False,pending
C-0902,Dominique Paul,72,Geophysical data processor,checking,2020-09-10,US,low,False,verified
C-0903,Catherine Roberts,73,"Programmer, applications",business,2022-09-28,BZ,low,False,verified
C-0904,Marcus Lopez,69,Advertising account executive,business,2018-01-31,US,high,False,verified
C-0905,Alison Compton,37,Herbalist,checking,2019-04-04,CA,high,False,verified
C-0906,Monica Hall,44,Dentist,business,2016-09-16,US,high,False,verified
C-0907,Jason Floyd,71,Research scientist (physical sciences),checking,2026-07-18,US,low,False,verified
C-0908,Rick Rivera,65,Dancer,checking,2017-02-14,FR,low,False,verified
C-0909,Andrea Harrison,60,"Engineer, agricultural",checking,2025-07-09,FR,low,False,verified
C-0910,James Smith,35,Fish farm manager,checking,2020-05-30,DE,high,False,verified
C-0911,Danielle Vang,73,"Engineer, civil (contracting)",checking,2021-03-04,US,low,False,verified
C-0912,Kelly Hendrix,54,Public librarian,savings,2020-06-15,UK,medium,False,verified
C-0913,Taylor Moore,26,Archivist,checking,2024-01-05,US,low,False,verified
C-0914,Barbara Olson,36,Hydrogeologist,business,2018-07-20,US,low,False,verified
C-0915,Sharon Robinson,56,"Clinical scientist, histocompatibility and immunogenetics",savings,2018-12-03,US,low,False,verified
C-0916,Adrian Bauer,62,Television/film/video producer,business,2017-10-05,US,low,False,verified
C-0917,Alexa Williams,36,Public relations officer,checking,2023-06-13,CA,medium,False,pending
C-0918,Randy Wright,50,Restaurant manager,savings,2017-06-23,CA,medium,False,verified
C-0919,Tara Shea,63,Best boy,business,2017-02-28,US,medium,False,verified
C-0920,Meredith Moody,26,Comptroller,savings,2021-06-11,US,low,False,verified
C-0921,Justin Newman,56,"Loss adjuster, chartered",business,2024-08-14,US,medium,False,verified
C-0922,Corey Norris,72,Materials engineer,business,2023-10-23,US,low,False,verified
C-0923,Andrew Mann,66,"Surveyor, land/geomatics",savings,2019-07-06,CA,low,False,verified
C-0924,Cheryl Lopez,68,Magazine features editor,business,2019-10-20,US,low,False,verified
C-0925,Sean George,60,"Surveyor, building",savings,2018-03-02,FR,medium,False,pending
C-0926,Joanna Weiss,40,Special educational needs teacher,savings,2020-03-27,DE,low,False,pending
C-0927,Mark Gray,72,Electrical engineer,business,2025-05-24,US,medium,False,verified
C-0928,Helen Oliver,66,IT sales professional,savings,2023-10-10,UK,low,False,pending
C-0929,Kimberly Hughes,64,"Scientist, research (physical sciences)",savings,2023-05-25,CA,high,False,verified
C-0930,Brittany Campbell,29,Outdoor activities/education manager,checking,2022-12-22,US,low,False,verified
C-0931,Joseph Jones,32,"Conservation officer, nature",checking,2018-05-08,US,low,False,verified
C-0932,Brian Lee,66,Ambulance person,checking,2022-04-10,UK,medium,False,verified
C-0933,Mary Fox,36,Therapeutic radiographer,checking,2019-02-14,US,low,False,pending
C-0934,Larry Jones,36,"Engineer, manufacturing",checking,2023-02-14,US,low,False,verified
C-0935,Sandra Mcdonald,61,"Biochemist, clinical",checking,2020-03-04,US,low,False,verified
C-0936,Stephanie Short,43,Barrister,checking,2024-10-19,US,low,False,verified
C-0937,Andrew Jones,80,Industrial buyer,savings,2017-05-05,US,low,False,expired
C-0938,Joseph Garcia,64,Exercise physiologist,checking,2021-11-18,UK,low,False,verified
C-0939,Joseph Wright,60,Editorial assistant,business,2022-02-23,FR,high,False,verified
C-0940,Nichole Miranda,34,Technical author,checking,2020-02-22,CA,low,False,verified
C-0941,Maurice Andrade,49,Dietitian,business,2024-06-27,UK,low,False,verified
C-0942,Kathy Sandoval,57,"Social research officer, government",savings,2026-07-20,US,medium,False,verified
C-0943,Harold Edwards,60,"Journalist, broadcasting",checking,2025-01-05,US,low,False,verified
C-0944,Mark Mckenzie,78,Jewellery designer,savings,2022-08-25,US,high,False,verified
C-0945,Cindy Cannon,46,Forest/woodland manager,checking,2020-03-01,US,low,False,verified
C-0946,Tyler Smith,28,Animal nutritionist,checking,2026-05-24,US,low,False,verified
C-0947,Kelly Holder,49,Immigration officer,business,2016-08-17,US,low,False,verified
C-0948,Mrs. Emily Ingram,43,Health and safety adviser,checking,2025-10-03,US,low,False,verified
C-0949,Laura Duncan,19,Chief Marketing Officer,business,2016-12-09,US,low,False,verified
C-0950,Charles Richardson,58,Television floor manager,checking,2019-01-23,US,low,False,expired
C-0951,Eric Duncan,33,"Teacher, adult education",savings,2025-09-29,US,low,False,verified
C-0952,Misty Mcguire,25,Early years teacher,checking,2021-06-12,US,low,False,verified
C-0953,Michele Weiss,75,Chief of Staff,checking,2022-07-08,US,low,False,verified
C-0954,Nicholas Johnston,38,Careers information officer,business,2024-05-13,US,low,False,verified
C-0955,Felicia Hobbs,69,Politician's assistant,business,2020-09-23,DE,low,False,verified
C-0956,Sheila Perez,72,Town planner,savings,2025-11-07,US,medium,False,verified
C-0957,Lynn Brown,43,"Scientist, research (physical sciences)",savings,2016-12-22,BZ,low,False,verified
C-0958,Brittany Shaw,35,Environmental consultant,savings,2018-02-04,US,low,False,verified
C-0959,Yolanda Maddox,37,"Therapist, nutritional",business,2022-04-26,US,medium,False,verified
C-0960,Jeffrey Hartman,57,Data scientist,business,2017-11-19,DE,low,False,verified
C-0961,Kenneth Williams,54,Oceanographer,checking,2019-03-11,US,low,False,verified
C-0962,Jeffrey Wolfe,52,Control and instrumentation engineer,business,2021-05-16,US,medium,False,pending
C-0963,James Duncan,41,"Surveyor, mining",checking,2022-09-22,US,low,False,verified
C-0964,Danielle Jones,73,Planning and development surveyor,savings,2019-10-19,FR,low,False,verified
C-0965,Ann Powers,56,Pharmacologist,savings,2020-03-20,FR,low,False,verified
C-0966,Gregory Rios,53,Industrial/product designer,checking,2018-04-04,DE,low,False,verified
C-0967,Roberto Lang,68,Youth worker,checking,2018-01-08,FR,low,False,verified
C-0968,Robert Gonzalez,21,Midwife,savings,2018-02-14,US,low,False,verified
C-0969,Angelica Singh,74,Financial manager,savings,2026-01-20,US,low,False,verified
C-0970,Sheila Wilkins,50,"Administrator, education",savings,2019-12-30,DE,low,False,pending
C-0971,Elizabeth Ruiz,74,Learning disability nurse,savings,2018-08-27,US,low,False,verified
C-0972,Christina Mills,65,Further education lecturer,savings,2022-01-19,US,high,False,verified
C-0973,Wendy Neal,34,Adult nurse,business,2020-04-30,DE,low,False,verified
C-0974,Kelsey Scott,48,Best boy,business,2019-05-28,UK,low,False,verified
C-0975,Lisa Brown,41,Actuary,checking,2017-03-25,CA,low,False,verified
C-0976,Mary Durham,68,Media buyer,business,2025-03-17,US,low,False,verified
C-0977,Sean Banks,61,Exercise physiologist,savings,2026-05-13,US,low,False,verified
C-0978,Michelle Mckee,76,Radio producer,checking,2025-03-26,US,low,False,verified
C-0979,Charlotte Mason,28,"Programmer, systems",checking,2022-03-04,FR,low,False,verified
C-0980,Amanda Nielsen,23,Industrial/product designer,checking,2019-11-25,US,low,False,verified
C-0981,Christopher Reed,70,Management consultant,savings,2020-02-13,US,medium,False,verified
C-0982,Zachary Irwin,70,Health and safety adviser,business,2024-09-06,US,medium,False,verified
C-0983,Sherry Zamora,68,Air traffic controller,business,2026-01-02,US,low,False,verified
C-0984,Courtney Peterson,33,"Nurse, learning disability",business,2023-02-18,US,medium,False,verified
C-0985,James Yu,38,Video editor,checking,2025-04-16,CA,low,False,verified
C-0986,Jennifer Berry,30,Physiological scientist,savings,2026-04-09,US,low,False,verified
C-0987,Erin Daniels,19,"Engineer, maintenance",business,2023-02-02,US,low,False,pending
C-0988,Melinda Harris,72,Corporate investment banker,savings,2019-08-27,US,low,False,verified
C-0989,Kelly Taylor,28,Dance movement psychotherapist,business,2023-02-16,PA,low,False,verified
C-0990,Brooke Jones,49,Site engineer,savings,2026-01-19,US,low,False,pending
C-0991,Evan Hobbs,49,Air traffic controller,checking,2024-03-21,US,low,False,verified
C-0992,Jennifer Jenkins,30,Probation officer,checking,2024-01-08,US,low,False,verified
C-0993,Mallory Rodgers,76,"Designer, blown glass/stained glass",savings,2024-05-10,FR,low,False,verified
C-0994,Cody Farmer,38,Veterinary surgeon,business,2022-09-25,US,low,False,verified
C-0995,Lisa Carlson,53,Exercise physiologist,savings,2023-06-09,US,low,False,verified
C-0996,Michael Woods,50,Retail buyer,business,2025-01-09,US,low,False,verified
C-0997,Matthew White,29,Naval architect,checking,2021-06-24,CA,low,False,verified
C-0998,Corey Johnson,63,"Administrator, local government",business,2025-10-26,US,low,False,verified
C-0999,Courtney Powers,71,"Engineer, electrical",checking,2024-02-22,CA,medium,False,verified
C-1000,Timothy Duke,66,Warehouse manager,checking,2021-06-18,US,low,False,verified
C-1001,Jim Wright,27,Ophthalmologist,business,2024-04-29,US,medium,False,verified
C-1002,Samantha Cortez,32,"Nurse, mental health",savings,2022-09-05,US,low,False,verified
C-1003,Linda Fox,77,Arboriculturist,checking,2021-10-08,PA,low,False,verified
C-1004,Ronald Williams,72,Financial trader,business,2021-10-01,US,medium,False,verified
C-1005,Nicholas Grant,28,"Scientist, clinical (histocompatibility and immunogenetics)",business,2024-03-20,US,low,False,verified
C-1006,Cheryl Gonzales,80,Industrial buyer,savings,2024-04-20,US,low,False,verified
C-1007,Christopher Phillips,61,Audiological scientist,savings,2023-06-19,UK,medium,True,verified
C-1008,Julie Lucas,55,Chemical engineer,savings,2023-10-16,US,medium,False,verified
C-1009,Richard Pace,79,Sports coach,checking,2017-12-01,US,low,True,pending
C-1010,Jerry White,64,Therapeutic radiographer,business,2025-07-13,US,high,False,verified
C-1011,Sonya Davis,36,Jewellery designer,checking,2023-06-25,US,medium,False,verified
C-1012,Rebecca Higgins,34,Community pharmacist,savings,2017-06-23,US,low,False,verified
C-1013,Madison Miller,67,Music tutor,checking,2023-11-01,US,low,False,verified
C-1014,Lisa Moore,45,Statistician,business,2020-05-15,UK,medium,False,verified
C-1015,Susan Cunningham,71,Dealer,checking,2018-03-09,CA,low,False,verified
C-1016,Randy Williams,45,Insurance account manager,savings,2019-08-29,US,medium,False,verified
C-1017,Jill Sims,50,Commercial/residential surveyor,checking,2025-07-20,US,high,False,verified
C-1018,April Cannon,51,"Administrator, charities/voluntary organisations",business,2021-02-24,US,low,False,verified
C-1019,Kimberly Smith,80,"Research officer, political party",savings,2018-12-10,UK,low,False,verified
C-1020,Karen Ortiz,53,Cartographer,savings,2022-07-30,US,high,False,verified
C-1021,Stephen Ramirez,64,"Surveyor, hydrographic",business,2024-10-06,US,medium,False,verified
C-1022,Cody Brown,65,Magazine journalist,business,2016-12-06,US,low,False,verified
C-1023,Mary Massey,63,Hydrogeologist,checking,2019-11-16,US,low,False,verified
C-1024,Brian Chaney,76,"Designer, television/film set",savings,2023-04-15,US,low,False,expired
C-1025,Melissa Larson,19,"Surveyor, planning and development",savings,2018-05-04,FR,low,True,verified
C-1026,Kent Huynh,79,Chief Financial Officer,business,2024-04-01,US,low,False,verified
C-1027,Steven Wilkins,79,Physiotherapist,business,2024-12-30,US,low,False,verified
C-1028,John Martinez,70,Haematologist,savings,2019-11-09,CA,low,False,verified
C-1029,Daniel Clark,45,Barrister,business,2017-08-28,US,medium,False,verified
C-1030,Lori Benitez,45,Radio broadcast assistant,savings,2023-10-22,US,low,False,verified
C-1031,Rachel Mann,73,Physiotherapist,checking,2022-08-27,US,low,False,verified
C-1032,Joseph Carney,18,Manufacturing systems engineer,savings,2025-11-01,US,low,False,pending
C-1033,Kathleen Daniel,56,Research scientist (medical),business,2021-06-28,US,low,False,verified
C-1034,Leon Erickson,57,"Engineer, biomedical",business,2016-07-30,US,high,False,verified
C-1035,Mario Wilson,54,"Engineer, maintenance (IT)",checking,2024-07-23,US,low,False,verified
C-1036,Mrs. Felicia Castro DDS,57,"Administrator, arts",business,2022-12-21,US,low,False,verified
C-1037,Dawn Jones,46,Hydrologist,savings,2021-08-18,FR,low,False,verified
C-1038,Aaron Jennings,36,Licensed conveyancer,business,2020-07-10,US,medium,False,verified
C-1039,Toni Collier,69,"Engineer, biomedical",savings,2019-11-14,US,low,False,verified
C-1040,Michael Hendricks,30,Animal technologist,savings,2023-01-08,US,low,False,verified
C-1041,Mr. Steven Herrera,53,Legal executive,savings,2021-03-10,US,high,False,verified
C-1042,Tanya Brown,73,"Scientist, research (life sciences)",business,2019-07-23,US,low,False,verified
C-1043,Emily Herrera,32,"Engineer, manufacturing",checking,2022-05-04,US,low,False,verified
C-1044,Thomas Flynn,27,Brewing technologist,business,2026-04-05,US,medium,False,verified
C-1045,Andre Terrell,79,Social researcher,savings,2024-12-27,US,high,False,verified
C-1046,Jean Larson,20,Insurance account manager,business,2023-08-14,US,low,False,verified
C-1047,Andres Gutierrez,36,Research scientist (maths),business,2025-05-02,US,low,False,verified
C-1048,Ronald Turner,39,"Scientist, water quality",savings,2019-08-03,UK,low,False,pending
C-1049,Richard Strickland,69,Chief Executive Officer,checking,2021-01-01,US,low,False,verified
C-1050,John Porter,60,Energy manager,savings,2019-12-19,US,low,False,verified
C-1051,Dr. Eric Murphy,44,Chief Technology Officer,checking,2024-10-14,DE,medium,False,verified
C-1052,Megan Anderson,46,Animator,savings,2021-02-27,US,medium,False,verified
C-1053,Kelly Smith,43,Armed forces operational officer,savings,2023-06-08,UK,low,False,verified
C-1054,Anita Owens,21,Armed forces training and education officer,business,2017-08-05,US,high,False,verified
C-1055,Nichole Johnson,61,Insurance underwriter,business,2022-12-14,FR,low,False,verified
C-1056,Curtis Mitchell,35,Site engineer,business,2019-10-03,US,low,False,verified
C-1057,Bruce Hernandez,57,Graphic designer,business,2017-09-16,US,low,False,verified
C-1058,Kristin Garcia,74,Special effects artist,checking,2020-01-25,US,low,False,verified
C-1059,Charles Bush,52,Herpetologist,checking,2022-04-22,US,low,False,verified
C-1060,Eric Mcclain,74,"Sound technician, broadcasting/film/video",business,2020-12-31,US,low,False,verified
C-1061,John Lowe,25,Claims inspector/assessor,business,2020-05-26,KP,low,False,verified
C-1062,James Bush,59,"Therapist, drama",savings,2022-11-10,US,low,False,verified
C-1063,Jill Kelly,55,Learning mentor,business,2024-09-27,US,medium,False,verified
C-1064,Megan Ferguson,36,"Psychologist, occupational",business,2022-03-30,US,medium,False,verified
C-1065,Robert Hale,33,Chief Strategy Officer,savings,2021-02-13,US,low,False,verified
C-1066,Michelle Marshall,63,Exhibition designer,checking,2026-01-15,US,medium,False,verified
C-1067,Steven Scott,46,Medical physicist,savings,2020-06-26,US,low,False,verified
C-1068,Mary Mccormick,55,"Journalist, broadcasting",checking,2021-02-04,US,low,False,verified
C-1069,John Bell,27,"Psychologist, clinical",business,2025-01-08,US,low,False,verified
C-1070,Gregory Andrews,25,Rural practice surveyor,business,2017-08-05,US,low,False,verified
C-1071,Rebecca Nguyen,25,Building services engineer,business,2024-06-27,US,medium,False,verified
C-1072,Jennifer Gutierrez,25,Web designer,checking,2019-01-01,FR,low,False,verified
C-1073,John Jones,55,"Engineer, manufacturing",checking,2024-09-14,US,low,False,verified
C-1074,Rachel Graham,49,"Lighting technician, broadcasting/film/video",savings,2022-01-04,DE,low,False,verified
C-1075,Matthew Miller,54,"Teacher, secondary school",checking,2024-12-06,US,high,False,verified
C-1076,Kyle Nguyen,50,Chief Strategy Officer,business,2024-10-13,US,low,False,verified
C-1077,Tyler Jones,57,Clinical embryologist,business,2023-06-03,US,low,False,pending
C-1078,Sally Murphy,60,"Biochemist, clinical",checking,2017-06-20,US,medium,False,verified
C-1079,Stacy Berger,68,Academic librarian,business,2024-02-19,US,low,False,verified
C-1080,Jodi Carter,52,Warden/ranger,business,2022-05-06,BS,medium,False,verified
C-1081,Michael Stewart,19,"Teacher, early years/pre",savings,2024-07-04,US,low,False,pending
C-1082,Tamara Zuniga,63,Local government officer,business,2026-06-20,FR,low,False,verified
C-1083,Lisa Dixon,77,Conference centre manager,savings,2025-02-02,US,low,False,verified
C-1084,Steven Faulkner,23,Academic librarian,savings,2023-08-07,US,high,False,verified
C-1085,Heather Callahan,27,Airline pilot,checking,2018-12-01,CA,high,False,verified
C-1086,Jennifer Flores,21,Museum/gallery exhibitions officer,checking,2020-08-16,US,low,False,verified
C-1087,Daniel Thompson,70,Corporate treasurer,savings,2018-06-12,US,low,False,verified
C-1088,Tim Larsen,50,"Designer, exhibition/display",checking,2019-06-13,DE,high,False,verified
C-1089,Beth Smith,19,"Administrator, sports",checking,2018-01-02,US,low,False,verified
C-1090,Mary Proctor,53,Copy,business,2017-05-30,US,medium,False,verified
C-1091,Jennifer Bryant,79,Trade mark attorney,savings,2025-11-13,UK,low,False,verified
C-1092,Jordan Coleman,53,"Production assistant, television",checking,2020-05-30,KP,low,False,pending
C-1093,Jeff Smith,28,Research scientist (physical sciences),savings,2025-01-12,US,low,False,verified
C-1094,Jonathan Jenkins,71,Sports coach,business,2022-04-30,KP,low,False,verified
C-1095,Andrew Webb,37,"Merchandiser, retail",savings,2017-09-11,CA,low,False,verified
C-1096,Mr. Charles Simon,31,Health service manager,business,2021-03-19,US,low,False,verified
C-1097,Steve Davis,63,Public house manager,checking,2022-11-14,BZ,low,False,verified
C-1098,Mary Sutton,39,"Solicitor, Scotland",savings,2024-07-18,IR,high,False,pending
C-1099,Anthony Cooper,18,"Administrator, arts",business,2021-04-02,US,low,False,verified
C-1100,Julie Gross,68,"Pharmacist, community",business,2020-02-04,US,low,False,verified
C-1101,Elizabeth Jackson,40,"Therapist, speech and language",checking,2024-01-22,US,medium,False,verified
C-1102,Kristy Brown,41,Public librarian,savings,2022-05-06,US,low,False,verified
C-1103,Mary Carter,70,Aid worker,business,2019-06-07,FR,low,False,verified
C-1104,Jonathan York,49,Health physicist,business,2019-01-31,US,medium,False,verified
C-1105,Denise Scott,35,Clinical research associate,business,2022-08-08,US,low,False,verified
C-1106,Nancy Hopkins,26,Merchant navy officer,business,2024-08-23,US,low,False,verified
C-1107,Michael Washington,35,"Secretary, company",savings,2025-03-08,DE,medium,True,pending
C-1108,Bradley Thomas,61,"Designer, exhibition/display",business,2024-12-09,US,medium,True,verified
C-1109,Jennifer Reyes,38,Printmaker,checking,2023-10-29,US,medium,False,verified
C-1110,Kenneth Wilkinson,51,Audiological scientist,savings,2022-12-27,US,medium,False,verified
C-1111,Audrey Jackson,18,Oceanographer,checking,2021-04-29,US,low,False,verified
C-1112,Travis Nielsen,45,Facilities manager,savings,2020-05-12,BS,high,False,verified
C-1113,Karen Thomas,45,"Presenter, broadcasting",savings,2016-09-06,UK,low,False,verified
C-1114,Joan Gregory,33,Senior tax professional/tax inspector,checking,2023-05-24,FR,medium,False,verified
C-1115,Thomas Walsh,57,Podiatrist,checking,2022-09-02,DE,medium,False,verified
C-1116,Denise Nelson,42,Chief Technology Officer,checking,2019-02-12,UK,medium,False,verified
C-1117,Julia Leonard,57,Financial controller,business,2023-11-28,US,low,False,verified
C-1118,Chloe Rogers,43,Education administrator,savings,2019-09-12,US,low,False,verified
C-1119,Adam Jones,47,Paramedic,checking,2017-07-16,US,medium,False,verified
C-1120,Jeremy Robinson,39,Herpetologist,business,2019-01-31,US,low,False,verified
C-1121,Manuel Brown,26,"Therapist, music",business,2023-02-17,UK,low,False,verified
C-1122,Tiffany Little,26,Communications engineer,savings,2017-06-05,US,low,False,verified
C-1123,Jamie Gallagher,74,Systems developer,business,2024-08-06,US,medium,False,verified
C-1124,Brian Lopez,18,Hospital pharmacist,business,2021-03-26,US,low,False,verified
C-1125,Margaret Livingston,45,Health and safety inspector,checking,2024-04-04,US,low,False,pending
C-1126,Mary Carrillo,60,Furniture designer,checking,2018-03-08,US,low,False,verified
C-1127,Richard Reyes,44,Learning mentor,checking,2026-07-11,US,low,False,verified
C-1128,Robert Thompson,18,Building control surveyor,business,2021-06-25,US,low,False,verified
C-1129,Lisa White,78,Regulatory affairs officer,checking,2017-08-25,DE,medium,False,verified
C-1130,Jessica Mendez,22,Claims inspector/assessor,checking,2025-09-09,US,low,False,verified
C-1131,Ashley Jones,19,"Teacher, music",savings,2023-11-03,DE,low,False,verified
C-1132,Alicia Jimenez,53,Academic librarian,savings,2025-11-22,US,low,True,verified
C-1133,Deborah Graves,61,"Nurse, adult",savings,2022-04-24,US,low,False,verified
C-1134,Teresa Henry,33,Press photographer,checking,2020-08-08,US,medium,False,pending
C-1135,Robin Jones,22,Equities trader,savings,2016-08-06,US,low,False,verified
C-1136,Sabrina Olson,41,Tax adviser,checking,2021-12-01,DE,low,False,verified
C-1137,Felicia Turner MD,36,Chemical engineer,savings,2020-03-20,US,low,False,verified
C-1138,Gina Randall,79,Horticultural consultant,business,2023-01-16,US,medium,False,verified
C-1139,Andrew Cruz,42,"Engineer, aeronautical",business,2019-07-21,US,medium,False,verified
C-1140,Brian Barker,51,"Radiographer, therapeutic",business,2017-05-31,CA,low,False,verified
C-1141,Nancy Taylor,68,"Engineer, automotive",business,2016-10-25,US,low,False,verified
C-1142,Cynthia Price PhD,37,Insurance account manager,checking,2021-07-24,US,medium,False,pending
C-1143,Robin Levy,26,"Administrator, sports",savings,2016-12-07,US,low,False,verified
C-1144,Richard Williams,39,Commissioning editor,checking,2018-09-06,US,low,False,verified
C-1145,Kelly Bentley,19,Software engineer,savings,2018-01-20,US,low,False,verified
C-1146,Tammy Johnson,50,Counsellor,business,2021-06-14,US,low,False,verified
C-1147,Terry Montgomery,41,Financial manager,savings,2023-07-30,DE,low,False,verified
C-1148,Christopher Williams,67,Information systems manager,business,2024-10-09,FR,medium,False,verified
C-1149,Logan Conley,18,Bonds trader,checking,2024-09-28,CA,low,False,expired
C-1150,Jonathan Lloyd,50,English as a second language teacher,savings,2017-03-12,US,medium,False,verified
C-1151,George Huff,55,Operational investment banker,business,2019-10-22,DE,medium,False,verified
C-1152,Laura Taylor,30,"Engineer, production",checking,2024-03-16,US,medium,False,verified
C-1153,Gabriela Martinez,26,Counsellor,business,2024-02-21,US,medium,False,verified
C-1154,Jacob Martin,44,Financial planner,checking,2025-10-27,US,low,False,verified
C-1155,Brett Boone,19,Video editor,business,2020-04-29,US,medium,False,verified
C-1156,Shawn Miller,31,Actor,checking,2018-05-11,KP,low,False,verified
C-1157,Matthew Eaton,37,Pension scheme manager,savings,2023-07-02,US,low,False,verified
C-1158,Karen Martinez,30,Customer service manager,savings,2022-12-18,US,high,False,verified
C-1159,Jennifer Hurley,21,Tree surgeon,checking,2023-06-25,FR,low,False,verified
C-1160,Michelle Salazar,25,Chartered management accountant,savings,2022-11-02,US,low,False,verified
C-1161,Hannah Smith,31,Fashion designer,checking,2018-06-26,US,low,False,verified
C-1162,Dr. Lisa Huffman,50,"Solicitor, Scotland",business,2021-08-22,US,low,False,verified
C-1163,Mark Clark,43,Astronomer,business,2018-07-02,CA,medium,False,pending
C-1164,Melinda Schmitt,54,Public relations account executive,savings,2021-07-16,US,medium,False,verified
C-1165,Thomas Brown,63,Medical physicist,checking,2019-06-01,US,low,False,verified
C-1166,Geoffrey Trujillo,57,Professor Emeritus,business,2016-12-30,US,low,False,verified
C-1167,Tammy Thompson,78,Air cabin crew,savings,2021-05-31,US,low,False,verified
C-1168,Steven Griffith,76,"Therapist, drama",savings,2022-05-12,US,low,False,verified
C-1169,Paul Villanueva,53,Event organiser,savings,2024-05-09,KP,high,False,verified
C-1170,Brent Rojas,28,"Engineer, communications",checking,2020-04-26,US,low,True,verified
C-1171,John Washington,65,Press photographer,checking,2018-01-05,US,medium,False,verified
C-1172,Jordan Hughes,65,Copy,checking,2021-02-21,UK,low,False,verified
C-1173,Ian Nelson,70,Legal executive,checking,2017-11-01,DE,medium,False,verified
C-1174,Amy Taylor,52,"Psychologist, occupational",business,2021-02-24,UK,low,False,verified
C-1175,Greg Tanner,40,Trade mark attorney,savings,2018-02-17,US,low,True,verified
C-1176,Tiffany Whitehead,71,Technical brewer,business,2026-04-07,DE,medium,False,verified
C-1177,Angelica Vincent,37,Records manager,checking,2025-03-09,US,low,True,verified
C-1178,John Ford,41,"Administrator, education",savings,2023-11-12,US,low,True,verified
C-1179,Danielle Murphy,61,TEFL teacher,business,2018-10-15,US,low,False,verified
C-1180,Theresa Mcintyre,20,"Accountant, chartered public finance",checking,2020-09-28,US,low,False,verified
C-1181,William Quinn,77,Retail merchandiser,business,2016-11-24,US,low,False,verified
C-1182,Karen Yates,18,Chief Technology Officer,checking,2021-02-01,UK,low,True,verified
C-1183,Justin Smith,35,Optometrist,business,2026-01-24,DE,low,True,verified
C-1184,Edward Holland,49,Chemical engineer,savings,2016-09-21,US,medium,False,pending
C-1185,Candice Stevens,24,"Teacher, English as a foreign language",business,2024-01-14,US,low,False,verified
C-1186,Jesse Ingram,58,"Optician, dispensing",business,2018-05-31,US,low,False,verified
C-1187,Lori Padilla,55,Accommodation manager,checking,2025-03-02,US,low,False,verified
C-1188,Steven Cook,57,Amenity horticulturist,savings,2019-07-13,US,low,False,verified
C-1189,Melissa Salazar,41,Teaching laboratory technician,checking,2024-07-05,US,low,False,verified
C-1190,Angela Gilmore,56,Automotive engineer,checking,2021-09-17,US,medium,False,verified
C-1191,Helen Williams,80,Music therapist,checking,2020-03-21,US,low,False,verified
C-1192,Holly Thompson,31,"Surveyor, land/geomatics",business,2023-08-12,US,low,False,expired
C-1193,Patricia Taylor,42,"Lecturer, higher education",business,2018-12-13,US,low,False,verified
C-1194,John Crosby,30,Telecommunications researcher,savings,2025-04-11,US,low,False,verified
C-1195,Nicole Hodges,71,IT sales professional,savings,2020-02-03,UK,low,False,verified
C-1196,Michael Ramirez,33,Biomedical scientist,checking,2020-04-16,FR,low,False,verified
C-1197,Jonathan Gallegos,68,"Psychotherapist, dance movement",checking,2023-08-30,US,low,False,verified
C-1198,Kim Carter,50,Web designer,business,2020-03-30,CA,medium,False,verified
C-1199,Melissa Spence,42,Brewing technologist,checking,2018-06-13,US,medium,False,pending
C-1200,Anita Myers,64,Editorial assistant,savings,2019-06-13,US,low,False,verified
C-1201,Ashley Hill,22,Data scientist,checking,2021-07-12,US,low,False,verified
C-1202,Kelly Burton,50,Hospital doctor,business,2020-09-23,DE,medium,False,pending
C-1203,Tara Wells,37,Petroleum engineer,business,2021-01-01,US,high,False,verified
C-1204,Dorothy Brown,54,Exhibition designer,savings,2024-11-30,US,low,False,verified
C-1205,Gabriella Lane,49,"Journalist, newspaper",business,2021-06-04,US,low,False,verified
C-1206,Kerri Kelley,33,"Programmer, systems",checking,2019-08-09,US,low,False,verified
C-1207,Richard Jackson,59,Gaffer,savings,2018-10-31,US,low,False,verified
C-1208,Dwayne Bruce,78,Data scientist,business,2020-02-04,FR,medium,True,verified
C-1209,Christopher Glass,55,Social worker,savings,2019-06-02,US,low,False,verified
C-1210,Sara Schwartz,37,"Designer, exhibition/display",business,2018-03-06,US,high,False,verified
C-1211,Xavier Andrews,77,Prison officer,business,2019-03-03,FR,medium,False,verified
C-1212,Justin Johnson,35,Investment analyst,business,2026-05-06,US,low,False,verified
C-1213,Jerry Cantrell,18,"Social research officer, government",savings,2019-07-31,US,low,False,verified
C-1214,Jennifer Porter,28,Dance movement psychotherapist,savings,2026-01-16,US,low,False,verified
C-1215,Brittney Cordova,46,Sports coach,business,2026-04-27,CA,medium,False,verified
C-1216,Michael Wells,75,Horticultural consultant,checking,2026-04-05,CA,low,False,verified
C-1217,Wendy Estrada,23,Systems analyst,checking,2023-11-07,US,low,False,verified
C-1218,Gina Rodriguez,66,Quality manager,savings,2025-07-26,DE,low,False,pending
C-1219,Juan Parker,51,Operational investment banker,savings,2022-09-27,US,low,False,pending
C-1220,Hunter Nguyen,39,Translator,business,2022-12-23,FR,low,False,verified
C-1221,Courtney Walls,60,Health physicist,checking,2018-07-09,US,low,False,verified
C-1222,Samuel Rhodes,73,Chartered loss adjuster,business,2026-04-28,US,low,False,pending
C-1223,John Morrison,35,Sales promotion account executive,business,2025-12-31,US,medium,False,verified
C-1224,Heather Hernandez,60,Physiotherapist,savings,2020-04-05,US,low,False,pending
C-1225,Dustin Bell,73,Product designer,savings,2025-04-22,US,high,False,verified
C-1226,Nicholas Wallace,57,Pathologist,savings,2024-08-07,DE,low,False,pending
C-1227,Robert Waller,36,Photographer,business,2023-11-07,US,low,False,verified
C-1228,Russell Harper,49,Cytogeneticist,savings,2018-08-23,US,low,False,verified
C-1229,Sean Hatfield,46,Brewing technologist,savings,2025-11-23,US,low,False,verified
C-1230,Jaime Smith,63,Government social research officer,savings,2020-09-16,CA,low,False,pending
C-1231,Michelle Fischer,34,"Copywriter, advertising",business,2018-07-22,US,low,False,verified
C-1232,Donna Henry,49,Immigration officer,savings,2024-11-28,CA,medium,False,verified
C-1233,Justin Ford,42,Aid worker,business,2024-06-23,US,medium,False,verified
C-1234,Eric Davidson,45,Public house manager,savings,2017-10-21,SY,low,False,verified
C-1235,Donna White,77,Financial risk analyst,savings,2016-11-05,UK,medium,False,verified
C-1236,Katherine Arellano,54,Tour manager,business,2024-01-08,MM,low,False,verified
C-1237,Krystal Oneill,38,Publishing copy,checking,2026-04-22,KP,medium,False,verified
C-1238,Jacqueline Quinn,18,Adult guidance worker,business,2025-01-06,US,medium,False,verified
C-1239,Anthony Flores,47,Control and instrumentation engineer,savings,2020-02-20,FR,low,False,verified
C-1240,Isaac Fields,37,Market researcher,business,2017-01-18,US,high,False,expired
C-1241,Mark Jones,31,"Engineer, biomedical",checking,2024-03-24,US,low,False,verified
C-1242,Brandon Goodwin,63,Speech and language therapist,savings,2019-10-16,US,medium,False,verified
C-1243,Ryan Marsh,67,Geoscientist,savings,2023-06-02,US,medium,False,verified
C-1244,Anne Carpenter,53,Cytogeneticist,checking,2016-09-10,VG,low,False,expired
C-1245,Jacqueline Washington,51,"Librarian, public",business,2025-10-10,US,low,False,verified
C-1246,Daniel Gordon,26,Emergency planning/management officer,checking,2024-07-07,US,medium,False,verified
C-1247,Melissa Cisneros,28,Ship broker,business,2023-09-09,US,low,False,verified
C-1248,Rebekah Butler,65,Camera operator,savings,2017-09-23,CA,medium,True,verified
C-1249,Alan Bailey,72,Medical laboratory scientific officer,savings,2017-12-14,US,low,False,verified
C-1250,William Mills,80,"Lighting technician, broadcasting/film/video",checking,2018-04-15,CA,low,False,expired
C-1251,Patrick Wilson,80,"Conservation officer, historic buildings",savings,2025-02-17,US,low,False,verified
C-1252,Darrell Martinez,62,"Conservator, furniture",business,2026-05-17,DE,high,False,verified
C-1253,Phillip Rodriguez,73,Advertising account executive,business,2024-04-23,US,low,False,verified
C-1254,Amanda Rodriguez,25,Scientific laboratory technician,checking,2022-06-30,US,low,False,verified
C-1255,Terry Williams,65,Illustrator,savings,2023-03-29,US,medium,False,verified
C-1256,Rachel Mora,26,"Engineer, land",savings,2022-06-10,US,low,False,verified
C-1257,Michael Johnson,62,Dancer,savings,2025-01-08,US,low,False,verified
C-1258,Tiffany Bailey,71,"Designer, multimedia",business,2025-02-11,US,low,False,verified
C-1259,Lisa Wagner,75,Broadcast journalist,savings,2017-07-22,BS,low,False,verified
C-1260,Alexis Robinson,25,"Engineer, agricultural",savings,2026-03-17,US,low,False,verified
C-1261,Paul Smith,20,Child psychotherapist,savings,2025-10-22,US,high,False,verified
C-1262,Sarah Wells,78,Theme park manager,business,2018-06-01,US,low,False,pending
C-1263,Ashley Davenport,46,Museum education officer,savings,2020-10-21,US,low,False,verified
C-1264,Jennifer Juarez,62,Interior and spatial designer,savings,2017-10-19,US,low,True,verified
C-1265,Chad Farmer,31,Homeopath,savings,2022-02-19,CA,low,False,verified
C-1266,Garrett Wilson,34,Herpetologist,checking,2021-02-18,CA,low,False,verified
C-1267,Melissa Randall,78,Equities trader,business,2022-02-07,UK,low,False,verified
C-1268,Scott Lopez,54,Building control surveyor,business,2025-07-06,FR,low,False,verified
C-1269,Teresa Richardson,68,"Administrator, Civil Service",checking,2026-07-21,US,low,False,verified
C-1270,Brian Kim DDS,61,Chartered certified accountant,business,2017-10-03,FR,low,False,verified
C-1271,Michael Madden,27,Dispensing optician,savings,2017-03-18,US,low,False,pending
C-1272,Gina Larson,68,Operations geologist,savings,2017-10-16,KP,low,False,verified
C-1273,Molly Ramirez,40,Television camera operator,business,2022-07-02,US,low,False,verified
C-1274,Rebecca Harding,78,Market researcher,checking,2021-04-28,UK,low,False,verified
C-1275,Jennifer Washington,74,Health promotion specialist,checking,2018-01-14,US,low,False,verified
C-1276,Bryan Burns,27,Exercise physiologist,checking,2022-11-06,US,low,False,pending
C-1277,Brett Brown,33,Broadcast journalist,business,2021-07-18,US,low,False,verified
C-1278,Christopher Jacobs,35,"Journalist, newspaper",checking,2018-02-02,US,low,False,pending
C-1279,Anne Jones,23,"Scientist, product/process development",checking,2024-03-28,DE,low,False,verified
C-1280,Christina Bates,78,Recycling officer,savings,2021-08-12,UK,low,False,verified
C-1281,Rhonda Fernandez,18,Adult nurse,checking,2026-02-02,US,low,False,verified
C-1282,Jeffrey Melendez,61,Music therapist,business,2021-01-24,US,low,False,verified
C-1283,Jessica Johnson,62,"Editor, film/video",business,2022-02-17,US,medium,False,verified
C-1284,Elizabeth Mccarthy,20,Regulatory affairs officer,business,2020-11-14,US,low,False,pending
C-1285,James Gallagher,29,"Teacher, adult education",savings,2023-04-25,US,low,False,verified
C-1286,Melissa Armstrong,28,Publishing copy,checking,2022-03-09,US,high,False,verified
C-1287,Anthony Baker,72,"Therapist, art",savings,2026-04-10,US,low,False,verified
C-1288,Heather Levine,37,IT sales professional,business,2017-03-06,US,low,False,pending
C-1289,Bethany Richardson,18,Television production assistant,business,2016-10-31,US,low,False,verified
C-1290,Gloria Davis,18,Location manager,savings,2026-06-26,US,low,False,verified
C-1291,Anthony Sanchez,76,Farm manager,checking,2023-01-17,US,low,False,verified
C-1292,Susan Jones,41,Industrial/product designer,checking,2017-09-16,US,medium,False,verified
C-1293,Joshua Johnson,40,"Pharmacist, hospital",business,2022-03-31,US,low,False,verified
C-1294,Deborah Dominguez,20,Theatre stage manager,savings,2016-10-14,DE,low,False,pending
C-1295,Kelly Morris,79,Chief Technology Officer,business,2024-08-24,CA,high,False,verified
C-1296,Michael Rogers,66,Retail buyer,checking,2024-09-05,US,low,False,verified
C-1297,Carol Evans,24,Press photographer,savings,2018-08-01,US,low,False,verified
C-1298,Valerie Jones,71,Social worker,checking,2018-09-15,US,low,False,verified
C-1299,Edward Berry,23,Equities trader,checking,2022-10-23,US,low,False,verified
C-1300,Michelle Lane,73,"Therapist, drama",checking,2019-12-07,DE,high,False,verified
C-1301,Robert Alvarez,69,"Engineer, manufacturing systems",savings,2020-01-14,DE,medium,False,verified
C-1302,Rodney Wagner,26,Hydrologist,checking,2020-11-22,US,low,False,pending
C-1303,Christina Morales,23,"Scientist, biomedical",savings,2021-02-04,US,low,False,verified
C-1304,Catherine Smith,48,"Scientist, clinical (histocompatibility and immunogenetics)",savings,2025-03-11,DE,low,False,verified
C-1305,Christy Hayden,40,"Psychologist, sport and exercise",business,2019-03-30,FR,low,False,verified
C-1306,Rhonda Farrell,65,Politician's assistant,checking,2025-11-29,US,low,False,pending
C-1307,Amy Gonzalez,78,"Psychologist, counselling",checking,2018-01-15,UK,low,False,verified
C-1308,Michael Evans,26,"Presenter, broadcasting",checking,2020-08-31,US,low,False,verified
C-1309,Susan Walters,33,Passenger transport manager,business,2019-03-27,US,low,False,verified
C-1310,Christopher Mcdaniel,56,Fashion designer,savings,2020-08-15,UK,low,False,verified
C-1311,Corey Sanchez,46,Insurance claims handler,savings,2021-03-16,US,low,False,verified
C-1312,Jessica Lucas,30,Animator,business,2018-08-01,IR,medium,True,verified
C-1313,Allen Clarke,66,Health physicist,business,2023-02-25,US,high,False,verified
C-1314,Samuel Stuart,22,"Radiographer, diagnostic",checking,2024-05-21,US,low,False,verified
C-1315,Steven Edwards,62,Hydrogeologist,savings,2025-03-27,US,low,False,verified
C-1316,Jennifer Cox,43,Chemical engineer,checking,2020-07-13,US,low,False,pending
C-1317,Sarah Young,42,"Teacher, English as a foreign language",business,2023-11-29,CA,medium,False,verified
C-1318,Kelly Calderon,31,"Scientist, water quality",business,2019-01-30,CA,low,False,verified
C-1319,Cynthia Martinez,51,Intelligence analyst,checking,2019-11-09,US,low,False,verified
C-1320,Jean Goodman,20,Fashion designer,business,2025-12-02,US,low,True,verified
C-1321,Brian Lewis,35,Haematologist,savings,2020-12-16,US,low,False,verified
C-1322,Kevin Henry,40,Minerals surveyor,business,2023-07-24,US,low,False,verified
C-1323,Joshua Wells,26,Fine artist,checking,2026-03-13,US,medium,False,expired
C-1324,Taylor Cox,32,Mental health nurse,business,2024-10-11,US,high,False,pending
C-1325,Walter Obrien,62,Audiological scientist,checking,2023-06-22,US,high,False,verified
C-1326,Cynthia Tran,46,Insurance broker,savings,2022-12-15,US,low,False,verified
C-1327,Stephanie Jennings,32,Social researcher,business,2025-03-26,US,medium,False,pending
C-1328,Jasmine Browning,29,"Nurse, learning disability",savings,2025-11-03,UK,low,False,verified
C-1329,Elizabeth Mayer,28,Fashion designer,savings,2019-07-16,US,medium,False,verified
C-1330,Caitlin Gonzales,47,Investment analyst,business,2025-05-11,CA,high,False,verified
C-1331,Jennifer Johnson,42,Catering manager,checking,2024-10-18,US,low,False,verified
C-1332,Kaitlin Gutierrez,67,Learning mentor,savings,2023-09-27,US,low,False,verified
C-1333,Samantha Holloway,24,Games developer,business,2021-08-17,KY,medium,False,verified
C-1334,Lance Li,54,"Journalist, newspaper",checking,2021-02-04,DE,medium,False,verified
C-1335,Anthony May,35,"Producer, radio",business,2024-06-22,DE,low,True,verified
C-1336,James Fuller,74,Interior and spatial designer,checking,2022-04-28,US,low,False,verified
C-1337,David Reeves,59,"Conservator, furniture",checking,2025-01-12,US,low,False,verified
C-1338,Rebecca Flores,25,Purchasing manager,savings,2025-04-19,US,low,False,verified
C-1339,Christopher Watkins,77,Land,savings,2024-07-23,US,medium,False,verified
C-1340,Jason White,61,Multimedia programmer,checking,2026-01-05,US,low,False,verified
C-1341,Courtney Vaughan,24,"Surveyor, insurance",checking,2023-01-13,US,high,False,pending
C-1342,Susan Mccann,73,"Engineer, civil (contracting)",savings,2019-03-08,US,medium,False,verified
C-1343,Amber Williamson,25,Tourism officer,business,2019-03-02,US,low,False,verified
C-1344,Jacob Valentine,42,Commercial/residential surveyor,checking,2016-09-14,US,low,False,verified
C-1345,Patricia Hebert,78,"Research officer, trade union",business,2017-09-30,US,high,False,verified
C-1346,Cheryl Atkins,52,Geographical information systems officer,savings,2019-06-11,US,low,False,verified
C-1347,Carlos Gates DDS,33,Heritage manager,checking,2023-10-31,US,low,False,verified
C-1348,Christopher Sparks,76,Air cabin crew,savings,2019-06-20,IR,low,False,verified
C-1349,Luke Solomon,27,Merchant navy officer,business,2022-05-24,US,high,False,verified
C-1350,Angelica Harrison,26,Jewellery designer,savings,2026-04-23,US,high,False,verified
C-1351,Daniel Reyes,62,Pharmacologist,savings,2023-12-04,US,low,False,verified
C-1352,Brandon Brown,41,Learning mentor,savings,2025-11-16,US,low,False,verified
C-1353,Hector Obrien,29,"Therapist, sports",checking,2023-08-30,US,medium,False,verified
C-1354,Abigail Wagner,39,Museum/gallery curator,checking,2019-08-04,FR,medium,False,verified
C-1355,Jacob Donaldson,20,"Surveyor, land/geomatics",business,2016-12-22,CA,medium,False,verified
C-1356,Christopher Vasquez,74,"Librarian, academic",checking,2025-05-05,US,low,False,pending
C-1357,Evan Moreno,45,Curator,savings,2019-03-03,US,low,False,verified
C-1358,William Porter,21,Health visitor,savings,2024-01-16,CA,low,False,pending
C-1359,Diane Mcdowell,47,Video editor,checking,2024-11-10,US,low,False,verified
C-1360,Kelly Graham,59,"Development worker, international aid",checking,2019-09-20,CA,low,False,verified
C-1361,Pamela Hernandez DVM,36,Printmaker,savings,2017-02-04,US,low,False,verified
C-1362,David Johnson,30,Gaffer,business,2018-03-14,US,high,False,verified
C-1363,Brian Woodard,68,"Research officer, trade union",checking,2016-12-21,US,low,False,pending
C-1364,Michael Washington,79,"Research officer, government",checking,2017-09-08,US,low,False,verified
C-1365,Brittany Bailey,24,"Engineer, electronics",checking,2025-03-31,US,low,False,verified
C-1366,Christopher Hicks,68,Government social research officer,checking,2022-03-13,US,low,False,verified
C-1367,Christy Bolton,23,"Accountant, chartered management",business,2021-10-28,CA,low,False,verified
C-1368,Jennifer Jones,28,Research scientist (physical sciences),business,2023-05-02,US,low,False,verified
C-1369,Allison Maldonado,26,Community development worker,checking,2020-07-03,US,low,False,pending
C-1370,Tiffany Hood,57,"Designer, exhibition/display",business,2016-11-07,US,low,False,verified
C-1371,Michael Castillo,27,Geophysical data processor,checking,2022-07-04,US,low,False,verified
C-1372,Wayne Douglas,38,Production manager,savings,2019-10-24,UK,high,False,verified
C-1373,Morgan Bernard,29,"Teacher, adult education",business,2017-11-09,US,medium,False,verified
C-1374,Rebecca Campbell,26,Automotive engineer,savings,2024-01-02,FR,high,False,verified
C-1375,Lindsey Davis,57,Freight forwarder,business,2018-05-06,FR,low,False,verified
C-1376,Sharon Davis,44,"Engineer, manufacturing",business,2018-03-12,US,low,False,expired
C-1377,Dominique Goodwin,33,"Designer, exhibition/display",business,2017-10-08,US,medium,True,verified
C-1378,Jeffrey Drake MD,43,Toxicologist,savings,2017-11-16,FR,low,False,verified
C-1379,Sandra Hunt,52,Recruitment consultant,checking,2021-01-07,US,low,False,verified
C-1380,Derrick Burke,30,Chemical engineer,checking,2024-02-17,US,low,False,expired
C-1381,Lisa Hamilton,48,Physiological scientist,savings,2017-06-29,US,low,True,verified
C-1382,Valerie Rhodes,38,"Designer, fashion/clothing",business,2025-11-14,US,low,False,verified
C-1383,Maria Miller,80,Psychotherapist,checking,2020-12-08,US,low,False,verified
C-1384,Karen Hernandez,58,Conference centre manager,savings,2023-05-29,US,low,False,verified
C-1385,David Patterson,51,"Teacher, adult education",savings,2017-01-15,FR,low,False,verified
C-1386,Andrew Rodriguez,66,"Physicist, medical",checking,2020-09-10,UK,low,False,verified
C-1387,Nathan Hess,28,Marine scientist,business,2019-02-11,US,low,False,verified
C-1388,Jonathan Wilson,75,"Psychologist, counselling",business,2018-05-11,US,low,False,verified
C-1389,James Miller,70,Human resources officer,business,2019-09-14,CA,medium,False,verified
C-1390,Nicole Cole,49,Geochemist,checking,2019-12-23,CA,low,False,verified
C-1391,Rhonda Clark,78,Careers information officer,savings,2024-01-13,KY,low,False,verified
C-1392,Shelby Rodriguez,30,Social researcher,checking,2016-09-28,US,low,False,verified
C-1393,Adam Rios,30,Psychiatrist,business,2023-06-26,DE,low,True,verified
C-1394,Tracy Guzman,50,"Radiographer, therapeutic",savings,2019-08-05,US,low,False,verified
C-1395,Lisa Vazquez,52,Nutritional therapist,checking,2024-08-11,US,low,False,verified
C-1396,Chad Lee,29,"Administrator, sports",business,2023-07-11,CA,low,False,verified
C-1397,Alexander Castillo,62,Dance movement psychotherapist,business,2023-01-23,US,high,False,verified
C-1398,Mark Tyler,19,"Engineer, aeronautical",business,2017-06-04,UK,high,False,verified
C-1399,Brittany Henderson,46,Commercial horticulturist,business,2018-03-23,US,low,True,verified
C-1400,Michael Maynard,47,Public affairs consultant,business,2016-10-04,US,low,False,verified
C-1401,David Phillips,76,"Nurse, children's",checking,2017-01-27,MM,low,False,verified
C-1402,Mark Marquez,41,Pathologist,savings,2025-01-18,US,low,False,verified
C-1403,Linda Spencer,18,Horticultural therapist,checking,2016-12-07,FR,low,True,verified
C-1404,Jose Hardy,56,Ranger/warden,checking,2018-11-19,US,low,False,expired
C-1405,Albert Ray,30,Surgeon,business,2017-03-14,SY,low,False,verified
C-1406,Jennifer Kennedy,58,"Research officer, trade union",checking,2022-10-16,US,high,False,pending
C-1407,Joan Graham,24,"Designer, television/film set",business,2019-06-12,US,medium,False,verified
C-1408,Gregg Hall,58,English as a foreign language teacher,checking,2022-06-10,US,medium,False,verified
C-1409,Tammy Castaneda,18,Psychotherapist,business,2017-11-16,UK,medium,False,verified
C-1410,Michael Moyer,19,Media buyer,business,2024-07-10,US,medium,False,verified
C-1411,Sarah Howell,59,Heritage manager,savings,2023-06-22,US,low,False,verified
C-1412,John Thompson,60,"Designer, graphic",savings,2022-08-15,US,low,False,verified
C-1413,Jason Chaney,77,Immunologist,business,2018-11-29,US,low,False,verified
C-1414,Yvonne Howard,72,Games developer,checking,2020-02-19,CA,high,False,verified
C-1415,Ronald Kline,49,Ambulance person,business,2024-08-19,US,low,False,verified
C-1416,Brian Perez,29,"Surveyor, planning and development",checking,2018-10-21,US,low,False,verified
C-1417,Gerald Kelly,39,Armed forces training and education officer,checking,2024-04-07,US,low,False,verified
C-1418,Stephanie Castaneda,77,"Scientist, biomedical",savings,2022-08-10,CA,low,True,verified
C-1419,Anthony Shah,41,"Programmer, systems",savings,2026-03-11,US,medium,True,verified
C-1420,Vanessa Harrington,48,Travel agency manager,savings,2024-05-21,UK,high,False,verified
C-1421,Samantha Williams,49,Civil Service fast streamer,checking,2018-03-27,FR,low,False,verified
C-1422,Daniel Ward,74,"Horticulturist, commercial",business,2023-08-24,CA,low,False,verified
C-1423,Kathleen Harrell,31,"Designer, exhibition/display",business,2023-01-13,US,low,False,verified
C-1424,Chad Allison,57,Print production planner,savings,2026-04-06,US,low,False,verified
C-1425,Adriana Davenport,74,Public relations account executive,savings,2019-12-23,US,high,False,verified
C-1426,Angela Watson,19,Patent examiner,savings,2020-03-03,US,low,False,verified
C-1427,Brittany Molina,60,"Pharmacist, community",checking,2024-06-08,US,low,False,verified
C-1428,Jeffrey Hardin,31,Proofreader,checking,2026-01-31,US,low,False,verified
C-1429,Melanie Acevedo,31,Probation officer,business,2018-01-07,UK,low,False,verified
C-1430,Robert Acevedo,59,Chartered accountant,checking,2019-12-12,US,low,False,verified
C-1431,Raymond Hamilton,49,"Nurse, learning disability",checking,2024-02-27,DE,low,False,verified
C-1432,Margaret Orr,55,Barrister,checking,2026-05-05,US,low,True,verified
C-1433,Rebecca Liu,36,Hotel manager,savings,2020-10-03,US,medium,False,verified
C-1434,Mercedes Russo,59,Interior and spatial designer,savings,2025-08-28,US,low,False,verified
C-1435,Douglas Rose,66,Data processing manager,checking,2023-07-27,US,low,False,verified
C-1436,Daniel Stephens,62,Water engineer,checking,2023-01-31,US,low,False,pending
C-1437,Stacy Harrington,24,Ophthalmologist,savings,2024-04-26,US,low,False,verified
C-1438,Angela Medina,23,Newspaper journalist,savings,2023-10-25,US,medium,False,verified
C-1439,Beth Braun,73,Herpetologist,savings,2018-09-13,US,low,False,verified
C-1440,Emily Peterson,62,"Designer, jewellery",business,2016-10-18,FR,medium,False,verified
C-1441,Kimberly Green,25,Industrial buyer,savings,2023-10-30,US,low,False,verified
C-1442,Mrs. Amy Watson,60,"Runner, broadcasting/film/video",savings,2020-02-09,US,low,False,verified
C-1443,Matthew Martinez,64,Hydrogeologist,checking,2022-04-16,US,low,False,verified
C-1444,Gerald Young,73,Television camera operator,savings,2022-03-22,UK,low,False,verified
C-1445,Lori Ferguson,21,"Therapist, nutritional",savings,2018-11-26,PA,low,False,verified
C-1446,Michael Briggs,31,"Teacher, primary school",business,2023-04-16,DE,medium,False,verified
C-1447,Kelly Wright,72,Land,business,2021-09-23,FR,low,False,pending
C-1448,Richard Gibson,50,Data processing manager,savings,2023-09-06,US,medium,False,verified
C-1449,Angela Brown,54,"Conservator, furniture",business,2021-04-29,BZ,low,False,verified
C-1450,Jacob Fox,47,Theatre stage manager,savings,2022-02-25,UK,low,False,verified
C-1451,Shelby Silva,53,Pharmacologist,savings,2026-07-13,US,low,False,verified
C-1452,Theresa Dennis,46,Pension scheme manager,checking,2024-10-20,US,low,True,verified
C-1453,Cameron Dawson,30,"Conservation officer, nature",checking,2026-03-31,US,low,False,verified
C-1454,Kendra Benson,21,"Programmer, applications",business,2021-04-19,US,low,False,verified
C-1455,Terry Wood,33,Commissioning editor,savings,2022-07-31,US,low,False,verified
C-1456,Bryan Armstrong,24,Architect,savings,2021-10-16,US,medium,False,verified
C-1457,Eric Brooks,40,Hospital pharmacist,business,2021-06-04,DE,low,False,verified
C-1458,Brenda Lawrence,62,Art therapist,business,2025-12-07,UK,low,False,pending
C-1459,Drew White,22,Records manager,savings,2016-08-01,DE,low,False,verified
C-1460,Andrea Williams,19,Quarry manager,savings,2022-04-18,US,high,False,verified
C-1461,Stephanie Harrington,80,Public relations officer,checking,2024-11-28,US,low,False,verified
C-1462,Brandi Taylor,54,Psychiatrist,business,2024-03-07,UK,high,False,verified
C-1463,Brittany Luna,24,Chartered public finance accountant,checking,2024-07-24,CA,medium,False,verified
C-1464,Jennifer Hall,49,Nutritional therapist,checking,2019-12-15,US,low,True,verified
C-1465,Michael Ramos,67,Health physicist,business,2023-01-09,US,medium,False,verified
C-1466,Michelle Armstrong,64,Insurance broker,business,2022-03-05,UK,low,False,verified
C-1467,Justin Lee,19,Water engineer,savings,2021-12-25,US,low,False,verified
C-1468,Tina Boyd,79,Publishing copy,checking,2021-08-04,DE,low,False,verified
C-1469,Matthew Schmidt,46,Advertising account executive,business,2019-04-25,US,low,False,verified
C-1470,Ronald Combs,78,TEFL teacher,checking,2021-01-02,US,low,True,verified
C-1471,Lisa Morales,47,Armed forces technical officer,business,2021-06-24,US,high,False,verified
C-1472,Gina White,27,Aeronautical engineer,checking,2025-02-28,US,low,False,verified
C-1473,David Wilson,36,Child psychotherapist,savings,2021-12-25,US,medium,True,verified
C-1474,Clayton Tate,37,"Designer, exhibition/display",savings,2019-08-19,FR,low,False,verified
C-1475,Christopher Mendez,36,"Journalist, magazine",business,2018-05-18,FR,low,False,verified
C-1476,Elizabeth Garcia,64,Curator,savings,2020-09-10,UK,low,False,verified
C-1477,James Carey,33,Community arts worker,business,2017-01-30,US,low,False,pending
C-1478,Kyle Young,56,Rural practice surveyor,checking,2024-02-02,UK,low,False,verified
C-1479,Brian Brown,30,"Psychologist, forensic",checking,2022-02-04,US,low,False,verified
C-1480,Allen Schultz,58,Advertising account executive,checking,2019-04-04,UK,low,False,verified
C-1481,Megan Sanchez,46,"Surveyor, building control",business,2023-01-30,US,low,False,verified
C-1482,Keith Griffin,44,"Restaurant manager, fast food",checking,2018-08-07,US,low,False,verified
C-1483,Jacqueline Galloway,26,Financial trader,business,2021-12-09,US,high,False,verified
C-1484,Thomas Hayes,75,Accommodation manager,business,2024-09-09,US,medium,False,verified
C-1485,Lisa Delgado,47,Diplomatic Services operational officer,business,2016-07-26,CA,low,False,verified
C-1486,Karen Harper,24,Museum/gallery conservator,checking,2026-07-23,US,low,False,verified
C-1487,Christy Pittman,21,Herbalist,business,2017-01-07,UK,low,False,verified
C-1488,Kristine Turner,61,Nutritional therapist,business,2023-07-20,US,medium,False,verified
C-1489,Molly Lutz,57,Podiatrist,business,2018-09-03,US,low,False,verified
C-1490,Rebekah Henson,33,"Lighting technician, broadcasting/film/video",savings,2022-12-01,US,low,True,verified
C-1491,Michelle Nelson,37,IT technical support officer,checking,2019-12-24,US,low,False,verified
C-1492,Kyle Smith,57,Contracting civil engineer,business,2023-01-11,US,low,False,verified
C-1493,John Valenzuela,70,Early years teacher,business,2020-09-11,CA,low,False,verified
C-1494,Michele Farmer,36,Solicitor,checking,2017-05-17,US,low,False,verified
C-1495,Marilyn Ryan,62,"Producer, television/film/video",savings,2023-04-15,US,low,False,verified
C-1496,Robert Carey,42,Materials engineer,savings,2020-06-06,FR,low,True,verified
C-1497,Robin Terrell,76,Company secretary,checking,2021-03-11,US,high,False,verified
C-1498,Jill Walker,40,Advertising account planner,business,2024-02-24,KY,medium,False,verified
C-1499,Michelle Lee,22,Visual merchandiser,savings,2022-10-25,US,low,False,verified
C-1500,Connie Baird,68,Medical laboratory scientific officer,savings,2016-12-06,US,low,False,verified
C-1501,Michael Obrien Jr.,59,Occupational hygienist,checking,2017-09-03,US,low,False,verified
C-1502,Jonathan Jackson,51,"Engineer, biomedical",checking,2023-03-01,US,low,False,pending
C-1503,Melanie Cunningham,19,Bookseller,business,2022-06-12,US,low,False,verified
C-1504,Bethany Mahoney,32,Estate agent,business,2025-05-17,US,medium,False,verified
C-1505,Denise Abbott,44,Advice worker,savings,2026-06-26,US,low,False,verified
C-1506,Kim King,41,"Surveyor, minerals",business,2025-05-24,US,low,True,verified
C-1507,Jeffery Nunez,58,Associate Professor,business,2025-02-07,UK,low,False,verified
C-1508,Ryan Russell,65,Community development worker,savings,2023-05-14,US,low,False,verified
C-1509,Isaiah Blake,60,Environmental manager,savings,2017-01-12,UK,low,False,verified
C-1510,Kim Stewart,73,"Nurse, children's",savings,2018-07-05,US,low,False,pending
C-1511,Kenneth Johnson,71,Equities trader,savings,2026-05-06,US,low,False,verified
C-1512,Benjamin Wright,69,"Development worker, international aid",savings,2019-11-09,US,low,False,verified
C-1513,Mario Johnson,51,Podiatrist,checking,2024-08-23,US,low,False,verified
C-1514,Lori Cook,70,Fitness centre manager,checking,2019-01-13,US,high,False,verified
C-1515,Tyler Wall,22,"Lecturer, further education",business,2021-10-05,VG,low,False,pending
C-1516,Benjamin Greene,21,Print production planner,business,2024-03-16,US,low,False,verified
C-1517,Lauren Miller,20,"Biochemist, clinical",checking,2025-09-24,US,low,False,verified
C-1518,Steve Steele,70,Conference centre manager,business,2017-03-08,US,low,False,pending
C-1519,Amy Bishop,69,Podiatrist,business,2017-03-22,US,high,False,verified
C-1520,Kristin Phillips,78,Museum/gallery curator,checking,2020-07-31,MM,low,False,verified
C-1521,Jennifer Hancock,35,Youth worker,business,2016-09-01,US,low,True,verified
C-1522,Robert Hobbs,37,Water quality scientist,savings,2017-07-29,US,low,False,verified
C-1523,Megan Johnson,73,"Scientist, forensic",checking,2019-11-05,US,low,False,verified
C-1524,Brian Larson,62,Broadcast journalist,savings,2022-06-29,US,low,False,verified
C-1525,Sue Martinez,80,Sales executive,checking,2019-02-16,US,low,False,pending
C-1526,Nathaniel Wallace,18,Financial manager,savings,2017-12-09,DE,low,False,verified
C-1527,Cameron Silva,18,Scientific laboratory technician,business,2026-02-28,KY,low,False,verified
C-1528,Emily Mcclure,38,Dancer,checking,2018-01-14,US,low,False,expired
C-1529,Grant Wood,25,Actuary,business,2021-09-28,CA,low,False,verified
C-1530,Brianna Young,72,"Surveyor, land/geomatics",savings,2025-02-24,US,low,False,verified
C-1531,Craig Gonzalez,33,"Engineer, drilling",business,2024-06-01,US,medium,False,verified
C-1532,Michael Neal,44,"Psychologist, sport and exercise",business,2022-07-24,UK,high,False,verified
C-1533,Kenneth Mccarty,51,Warden/ranger,savings,2019-07-24,US,low,False,verified
C-1534,Brian Walter,33,Archivist,business,2021-07-10,US,low,False,pending
C-1535,Margaret Steele,35,"Psychologist, prison and probation services",checking,2022-10-21,US,low,False,pending
C-1536,Nicholas Cisneros,42,Learning disability nurse,checking,2024-08-20,US,low,False,verified
C-1537,James Mckenzie,60,Accounting technician,checking,2020-03-11,DE,low,False,verified
C-1538,Alvin Wilson,76,Horticultural therapist,business,2020-12-19,US,medium,False,verified
C-1539,Susan Ward,39,Air traffic controller,business,2018-07-22,FR,medium,False,verified
C-1540,Daniel Green,53,Ecologist,checking,2019-12-18,US,high,False,verified
C-1541,Cassandra Smith,64,Garment/textile technologist,business,2025-09-02,US,medium,False,pending
C-1542,Michael Gray,18,Clinical psychologist,checking,2019-12-13,US,medium,False,verified
C-1543,Jesus Wood,54,Microbiologist,checking,2023-03-05,DE,low,False,verified
C-1544,Vanessa Cuevas,54,Politician's assistant,business,2025-05-07,FR,low,False,verified
C-1545,Charles Glass,47,Energy manager,savings,2018-06-25,US,high,False,verified
C-1546,James Greene,78,Financial risk analyst,savings,2025-10-10,DE,low,False,verified
C-1547,Laurie Dickerson,67,Hospital pharmacist,checking,2024-06-17,UK,low,False,verified
C-1548,Anthony Flynn,59,Computer games developer,savings,2025-01-29,CA,low,False,verified
C-1549,Stacey Clark,20,Ceramics designer,business,2024-05-30,US,medium,False,verified
C-1550,Lisa Jackson,72,Network engineer,checking,2024-01-29,FR,low,True,verified
C-1551,Katrina Jimenez,25,"Psychologist, forensic",business,2018-05-09,UK,low,False,verified
C-1552,Kelly Webb,45,"Research officer, trade union",checking,2021-04-20,US,low,False,verified
C-1553,Margaret Gibbs,41,Animator,checking,2018-08-20,US,high,False,verified
C-1554,Jodi Young,27,Engineering geologist,business,2019-08-16,US,low,False,verified
C-1555,Laura Walls,63,Minerals surveyor,checking,2019-02-09,US,high,False,verified
C-1556,Paul Phillips,59,"Scientist, physiological",savings,2020-01-30,US,high,False,expired
C-1557,Julie Oliver,58,Physiological scientist,business,2021-01-28,SY,medium,False,verified
C-1558,Jacob Jimenez,56,Government social research officer,checking,2020-05-21,US,low,False,verified
C-1559,David Brewer,39,Mechanical engineer,savings,2025-07-31,DE,medium,False,verified
C-1560,Jonathan Payne,46,Careers information officer,business,2024-06-03,US,high,False,verified
C-1561,Annette Jones,41,Arboriculturist,business,2022-01-09,US,low,False,verified
C-1562,Michael Wright,33,Haematologist,checking,2018-06-21,DE,low,False,verified
C-1563,Brenda Wyatt,25,Speech and language therapist,savings,2025-09-08,US,low,False,verified
C-1564,Elijah Short,74,Operations geologist,checking,2026-01-09,US,low,False,verified
C-1565,Norma Smith,26,Science writer,savings,2026-06-16,US,medium,True,verified
C-1566,Sharon Perez,51,"Engineer, manufacturing systems",checking,2021-04-23,UK,high,False,verified
C-1567,Rachel Todd,25,"Psychologist, clinical",checking,2019-12-21,US,medium,False,verified
C-1568,Ryan Patterson,20,Pensions consultant,savings,2018-08-29,PA,medium,False,verified
C-1569,Justin Brooks,45,Technical brewer,checking,2025-04-20,US,medium,False,verified
C-1570,Oscar Porter,75,Marine scientist,savings,2019-12-18,US,low,False,verified
C-1571,Michael Powell,50,Soil scientist,business,2019-07-24,US,low,False,verified
C-1572,Latoya Johnson,54,Corporate treasurer,business,2018-02-06,FR,medium,False,verified
C-1573,Erin Soto,38,Toxicologist,savings,2025-09-13,US,high,True,pending
C-1574,Jeanne James,35,"Nurse, adult",business,2017-03-14,US,medium,False,verified
C-1575,John Murphy,49,Production engineer,checking,2022-12-15,CA,low,False,pending
C-1576,Christopher Leonard,60,"Editor, film/video",checking,2016-11-19,FR,low,False,verified
C-1577,Katherine Lopez,75,Building control surveyor,savings,2025-09-05,US,high,False,verified
C-1578,Daniel Carter,19,"Scientist, research (physical sciences)",checking,2017-04-06,US,low,False,verified
C-1579,Joseph Jackson,71,Paediatric nurse,checking,2020-06-22,US,low,False,verified
C-1580,Betty Barnes PhD,45,Neurosurgeon,checking,2026-02-11,US,low,False,expired
C-1581,Beverly Harris,69,Podiatrist,savings,2024-09-28,PA,medium,False,verified
C-1582,Caitlin Andrews,47,Insurance claims handler,business,2022-06-10,CA,medium,False,verified
C-1583,Melinda Hill,20,Actor,checking,2026-06-23,US,low,False,verified
C-1584,Roger Jacobs,74,Fine artist,business,2021-10-27,DE,low,False,verified
C-1585,Sherry Stevens,32,Teaching laboratory technician,business,2016-12-14,CA,low,False,verified
C-1586,Matthew Ellison,30,"Loss adjuster, chartered",business,2023-07-27,CA,medium,False,verified
C-1587,Elizabeth Austin,22,Economist,checking,2020-09-18,US,low,False,verified
C-1588,Luke Reynolds,58,Music tutor,business,2025-09-03,US,low,False,verified
C-1589,Keith Long,74,Armed forces logistics/support/administrative officer,checking,2018-12-17,CA,low,False,verified
C-1590,Denise Fuller,36,"Horticulturist, amenity",savings,2023-03-26,US,low,False,verified
C-1591,Nicholas Barrera,46,"Research officer, political party",checking,2020-09-04,US,low,False,verified
C-1592,Barbara Wood,43,Civil Service fast streamer,business,2021-08-10,US,low,False,verified
C-1593,Jennifer Martin,61,"Engineer, maintenance (IT)",savings,2021-08-16,US,low,False,verified
C-1594,Benjamin Neal,67,"Psychologist, clinical",checking,2020-05-17,US,low,False,verified
C-1595,Savannah Sanders,76,Administrator,savings,2019-01-26,US,low,False,verified
C-1596,Breanna Santiago,44,"Psychologist, forensic",savings,2021-05-30,US,low,False,verified
C-1597,Joshua Allen,57,Primary school teacher,business,2017-12-19,US,low,False,verified
C-1598,Sarah Jackson,23,Adult nurse,business,2022-08-20,US,low,False,verified
C-1599,Caleb Figueroa,41,Dispensing optician,business,2017-05-04,UK,low,False,verified
C-1600,Megan Hernandez,28,Materials engineer,checking,2018-05-06,US,low,False,verified
C-1601,Stephanie Patel,66,Private music teacher,business,2023-07-14,US,low,False,verified
C-1602,Robin Davidson,32,"Civil engineer, contracting",business,2020-06-20,CA,medium,False,verified
C-1603,Anthony Smith,26,Multimedia programmer,business,2024-03-27,UK,medium,False,verified
C-1604,Jade Allen,65,"Chemist, analytical",business,2016-09-21,US,low,False,verified
C-1605,Adrian Hoover,56,Biomedical scientist,checking,2018-10-08,US,medium,False,verified
C-1606,Rebecca Rivas,24,Diplomatic Services operational officer,checking,2023-10-21,FR,high,False,verified
C-1607,Jose Ochoa,44,IT trainer,business,2022-03-09,US,low,False,verified
C-1608,Daniel Weaver,49,Phytotherapist,business,2017-10-09,US,low,False,verified
C-1609,Howard Thompson,80,Operational investment banker,savings,2023-02-08,UK,low,False,verified
C-1610,Daniel Robinson,39,Health promotion specialist,savings,2023-01-24,US,medium,False,verified
C-1611,Austin Robinson,49,Illustrator,business,2024-03-28,CA,low,False,verified
C-1612,Dr. Micheal Moody DVM,54,"Teacher, adult education",savings,2018-04-12,US,low,False,verified
C-1613,Lindsay Jarvis,20,Network engineer,checking,2023-05-06,US,low,False,verified
C-1614,Melissa Rivera,68,"Investment banker, corporate",checking,2026-05-06,FR,low,False,verified
C-1615,Andrea Smith,50,Textile designer,business,2021-01-19,US,medium,False,verified
C-1616,Natalie Gordon,42,"Administrator, Civil Service",savings,2018-11-21,UK,medium,False,verified
C-1617,Stephanie Parker,80,Phytotherapist,savings,2024-02-20,CA,low,False,verified
C-1618,Amy Brooks,65,Housing manager/officer,business,2018-08-01,US,low,True,verified
C-1619,Martin Young,57,"Therapist, sports",checking,2026-06-14,FR,low,False,verified
C-1620,Shawn Taylor,78,"Investment banker, corporate",business,2023-01-01,US,low,False,verified
C-1621,Kelly Madden,64,Homeopath,savings,2024-01-26,DE,low,False,verified
C-1622,Nicholas Cooper,48,"Engineer, land",savings,2021-12-16,US,high,True,verified
C-1623,Mary Wright,39,Environmental education officer,savings,2022-08-24,DE,low,False,verified
C-1624,Frank Ramos,40,Accounting technician,business,2017-03-18,US,low,False,verified
C-1625,Troy Williams DVM,37,"Engineer, energy",checking,2017-10-26,US,low,False,verified
C-1626,Joshua Pope,27,"Engineer, energy",savings,2018-12-05,US,medium,False,verified
C-1627,Neil Collins,55,"Engineer, civil (consulting)",business,2019-01-05,UK,medium,False,verified
C-1628,David Mitchell,65,"Production assistant, radio",business,2026-03-30,BZ,low,False,verified
C-1629,Scott Olson,23,Media buyer,business,2020-07-18,BS,low,False,verified
C-1630,Jeremy Wagner,21,Police officer,savings,2024-03-02,US,low,False,verified
C-1631,Rebecca Smith,25,Museum/gallery curator,savings,2020-11-02,US,low,False,verified
C-1632,Terrence Evans,51,Soil scientist,checking,2018-02-03,US,low,False,verified
C-1633,Dawn Ford,71,Professor Emeritus,checking,2019-05-25,CA,low,False,verified
C-1634,Karen Cook,45,"Psychotherapist, child",business,2018-07-09,US,low,True,verified
C-1635,April Hensley,31,Minerals surveyor,business,2021-06-24,US,low,False,pending
C-1636,Teresa Waller,65,Midwife,savings,2020-05-27,US,low,False,verified
C-1637,William Jones,76,Arboriculturist,checking,2026-06-28,US,high,False,verified
C-1638,Timothy Martin,59,Press photographer,checking,2026-02-19,FR,low,False,verified
C-1639,Nicole Bailey,70,Records manager,savings,2022-11-30,KY,medium,False,expired
C-1640,Anthony Cruz,48,Photographer,business,2023-12-03,US,medium,False,verified
C-1641,Andrew Li,75,Air broker,business,2023-07-16,US,low,False,verified
C-1642,Deborah Gibson,72,Data processing manager,savings,2019-02-08,CA,low,False,verified
C-1643,Tiffany Skinner,72,"Administrator, charities/voluntary organisations",savings,2017-09-24,UK,low,False,verified
C-1644,Michael Cruz,28,Theatre director,business,2026-04-22,US,medium,False,verified
C-1645,Theodore Liu,60,Diagnostic radiographer,business,2024-11-11,US,low,False,verified
C-1646,Eric Ponce,46,Museum/gallery exhibitions officer,savings,2022-06-04,CA,low,False,verified
C-1647,Nicole Glass,53,Chartered public finance accountant,checking,2017-08-28,CA,low,False,verified
C-1648,Rebecca Olsen,76,Geophysical data processor,savings,2024-01-20,UK,low,False,verified
C-1649,Jennifer Parker,68,Dispensing optician,savings,2024-09-23,US,low,False,verified
C-1650,Benjamin Horton,61,"Scientist, water quality",business,2020-09-24,US,high,False,verified
C-1651,Jeffrey Thompson,42,Electronics engineer,business,2023-08-09,US,low,False,verified
C-1652,Christopher Fry,35,"Production designer, theatre/television/film",savings,2022-03-27,US,low,False,verified
C-1653,Curtis Brady,55,"Engineer, agricultural",checking,2019-02-27,FR,low,False,verified
C-1654,Jennifer Sims,71,Clinical embryologist,business,2025-04-01,US,low,False,verified
C-1655,Edward Gray,69,Health and safety inspector,business,2017-03-16,US,medium,False,verified
C-1656,David Washington,68,Chiropractor,checking,2016-08-28,US,low,False,verified
C-1657,Tyler Ortega,25,Architectural technologist,business,2017-07-13,US,low,False,verified
C-1658,Adrienne Morrison,42,Geographical information systems officer,business,2025-11-20,US,low,True,verified
C-1659,George Jordan,18,Metallurgist,savings,2023-05-20,US,low,False,verified
C-1660,Ethan Allen,37,Media planner,savings,2023-03-20,UK,low,False,verified
C-1661,Anthony Kelly,62,Lawyer,checking,2024-08-17,US,medium,False,verified
C-1662,Seth Morales,48,Corporate treasurer,business,2016-10-26,US,low,True,pending
C-1663,Joseph Tapia,45,Fish farm manager,checking,2020-03-31,DE,high,False,verified
C-1664,Mary Alvarez,74,Patent attorney,business,2023-03-02,US,high,False,verified
C-1665,Mark Mcmahon,39,IT technical support officer,savings,2016-09-23,US,high,False,verified
C-1666,Angel Aguirre,28,"Journalist, magazine",checking,2023-05-06,US,low,False,verified
C-1667,John Stevenson,33,Ceramics designer,savings,2020-01-18,FR,low,False,verified
C-1668,Teresa Alvarez,28,Chiropodist,checking,2023-11-28,US,low,False,verified
C-1669,Cory Thomas,71,"Scientist, product/process development",checking,2025-04-29,DE,medium,False,verified
C-1670,Michelle Johnson,26,Research scientist (medical),checking,2024-07-13,CA,medium,False,verified
C-1671,Michael Dunn,52,"Psychologist, sport and exercise",savings,2018-03-30,US,low,False,pending
C-1672,Brian Bates,29,Financial adviser,savings,2018-12-30,US,low,False,verified
C-1673,Tony Graves,59,Claims inspector/assessor,savings,2020-11-29,US,low,False,verified
C-1674,Caitlin Hickman,59,Music therapist,savings,2024-03-24,US,low,False,verified
C-1675,David Alvarez,79,Community pharmacist,checking,2023-03-21,US,low,False,verified
C-1676,Madeline Vasquez,40,Learning mentor,business,2025-04-14,UK,medium,False,verified
C-1677,Pamela Burke,26,Lobbyist,business,2020-05-02,US,low,False,verified
C-1678,Nancy James,21,"Surveyor, planning and development",checking,2026-03-24,US,low,False,verified
C-1679,David Green,67,Horticultural therapist,checking,2017-06-10,US,medium,False,pending
C-1680,Patrick Pineda,52,Commercial art gallery manager,checking,2022-04-17,VG,medium,False,verified
C-1681,Erik James,70,Accommodation manager,business,2019-09-03,US,medium,False,verified
C-1682,Cheryl Price,49,Pharmacologist,checking,2019-10-05,FR,low,False,verified
C-1683,Michael Hogan,36,"Scientist, product/process development",savings,2023-03-15,FR,low,False,verified
C-1684,Ashley Smith,58,Psychiatrist,savings,2019-09-22,US,low,False,verified
C-1685,Elizabeth Robinson,23,"Programmer, applications",business,2018-01-14,US,low,False,verified
C-1686,Paul Sweeney,47,Animal nutritionist,business,2022-07-21,US,low,False,pending
C-1687,William Martinez,20,"Teacher, secondary school",savings,2021-05-07,US,low,True,verified
C-1688,Kathleen Padilla,80,Mudlogger,business,2017-02-24,US,low,False,verified
C-1689,Brittany Moran,78,Equality and diversity officer,business,2023-07-27,US,low,False,verified
C-1690,Sean White,68,Ranger/warden,savings,2023-11-03,KP,low,False,verified
C-1691,Robert Gaines,21,"Designer, jewellery",checking,2026-06-23,US,low,False,pending
C-1692,Gail Gregory,60,Magazine features editor,savings,2024-02-21,FR,low,False,verified
C-1693,Joseph Campbell,19,"Engineer, broadcasting (operations)",checking,2023-07-30,FR,low,False,verified
C-1694,Anne Morris,32,Telecommunications researcher,savings,2025-03-22,US,medium,False,verified
C-1695,Timothy Torres,58,"Development worker, community",business,2022-05-03,US,low,False,pending
C-1696,John Merritt,40,"Engineer, manufacturing systems",checking,2018-09-29,US,low,False,verified
C-1697,Nancy Smith,34,Teaching laboratory technician,checking,2017-08-01,US,low,False,pending
C-1698,Shannon Bennett,40,Physiotherapist,savings,2023-05-12,US,low,False,verified
C-1699,Anthony Kelly,47,Public relations account executive,savings,2018-05-12,FR,low,False,verified
C-1700,William Santos,66,"Therapist, horticultural",savings,2020-11-25,US,medium,False,verified
C-1701,Nathan Sanchez,26,Commissioning editor,checking,2018-12-21,DE,low,False,verified
C-1702,Michael Blevins DDS,54,Mining engineer,checking,2024-04-28,BS,low,False,verified
C-1703,Megan Davis DDS,40,Museum/gallery exhibitions officer,savings,2019-04-26,US,low,False,verified
C-1704,Holly Wilson,61,Charity fundraiser,business,2017-10-13,US,medium,False,verified
C-1705,Susan Walker,49,Theatre director,checking,2022-04-18,US,low,False,verified
C-1706,Denise Mcgee,18,"Therapist, horticultural",business,2018-05-17,US,medium,False,verified
C-1707,Mr. Jeffrey Duncan,59,Child psychotherapist,checking,2019-10-26,US,high,False,verified
C-1708,Shannon Medina,57,"Optician, dispensing",business,2024-09-10,US,high,False,verified
C-1709,Justin Herrera,28,Senior tax professional/tax inspector,business,2021-06-13,US,low,False,pending
C-1710,Lauren Reeves,73,Company secretary,savings,2024-02-06,US,medium,False,verified
C-1711,Matthew Wilson,77,Tour manager,business,2023-07-08,US,high,False,verified
C-1712,Jeremy Edwards,47,Archaeologist,checking,2017-11-07,US,low,False,expired
C-1713,Christopher Hart,50,Animal nutritionist,business,2017-05-30,VG,low,False,verified
C-1714,Edwin Burch,64,Dramatherapist,savings,2020-10-17,US,low,True,verified
C-1715,April Turner,73,"Scientist, physiological",checking,2025-08-11,SY,low,False,verified
C-1716,Joseph Taylor,67,Recycling officer,business,2023-07-08,US,low,False,verified
C-1717,Victoria Bell,43,Solicitor,business,2021-09-02,US,medium,False,verified
C-1718,Mary Williams,25,Animator,savings,2018-06-12,US,low,False,verified
C-1719,Ronnie Bernard,41,Town planner,checking,2022-01-31,US,low,False,verified
C-1720,Destiny Daniel,39,"Pharmacist, hospital",business,2017-04-22,US,low,False,verified
C-1721,James Mckee,39,Office manager,checking,2021-02-15,US,low,False,verified
C-1722,Megan Bentley,66,Customer service manager,savings,2021-12-03,FR,low,False,verified
C-1723,Nicholas Cowan,37,"Engineer, automotive",business,2023-09-16,US,low,False,verified
C-1724,Maria Dixon,69,"Development worker, community",business,2020-10-05,US,low,False,verified
C-1725,Willie Hamilton,31,Agricultural engineer,business,2026-03-16,FR,low,False,verified
C-1726,Devin Schmidt,51,Sports therapist,checking,2020-08-18,US,low,False,pending
C-1727,Brandon Blankenship,50,Government social research officer,checking,2018-01-10,US,low,False,pending
C-1728,Denise Garcia,48,Environmental education officer,savings,2020-05-08,US,low,False,verified
C-1729,Timothy Thompson,31,Information officer,savings,2022-06-14,UK,low,False,verified
C-1730,Anna Bailey,47,"Teacher, music",business,2025-03-21,UK,high,False,verified
C-1731,Lisa Mosley,65,"Doctor, hospital",savings,2019-09-29,US,low,True,verified
C-1732,Catherine Shaffer,53,Ship broker,business,2022-01-30,US,medium,False,verified
C-1733,Jennifer Vargas,51,Futures trader,savings,2016-08-28,US,low,False,verified
C-1734,Brittney Martinez,63,Multimedia specialist,checking,2022-03-29,US,low,False,verified
C-1735,Thomas Fowler,64,Metallurgist,savings,2023-08-22,FR,high,False,verified
C-1736,Lee Mann,66,"Education officer, museum",business,2020-12-14,DE,low,False,verified
C-1737,John Mitchell,22,Phytotherapist,savings,2021-10-08,US,low,False,verified
C-1738,Tammy Perez,56,Chartered loss adjuster,checking,2026-01-15,UK,low,True,verified
C-1739,Erik Davis,46,Cartographer,business,2017-05-01,US,low,False,verified
C-1740,Brandon Johnston,44,Chartered accountant,business,2023-12-31,US,low,False,verified
C-1741,Katherine Baxter,59,Photographer,checking,2023-05-03,US,low,False,verified
C-1742,Breanna Jimenez,58,Site engineer,checking,2023-07-18,US,low,False,verified
C-1743,Luis Bartlett,50,Actor,checking,2023-09-15,US,low,False,verified
C-1744,Nicole Sanchez,73,"Secretary, company",checking,2023-05-28,US,low,False,verified
C-1745,Jerry Jackson,31,"Scientist, research (physical sciences)",checking,2025-08-08,DE,low,False,verified
C-1746,Jacob Anderson,31,Manufacturing engineer,business,2026-02-02,UK,low,False,verified
C-1747,James Brooks,57,"Clinical scientist, histocompatibility and immunogenetics",business,2019-12-11,US,low,False,expired
C-1748,Sandra Rosales,35,Commercial/residential surveyor,savings,2019-06-19,US,high,False,verified
C-1749,Mr. Aaron Welch,39,"Nurse, mental health",business,2018-09-27,FR,low,False,verified
C-1750,Timothy Day,18,Animal technologist,checking,2025-12-02,US,low,False,verified
C-1751,Sarah Brown,19,Accounting technician,business,2022-09-20,CA,low,False,verified
C-1752,Hector Smith,45,Electronics engineer,checking,2020-08-01,US,low,False,verified
C-1753,Jeffrey Gonzalez,35,Seismic interpreter,savings,2021-09-15,DE,low,False,verified
C-1754,Caleb Freeman,78,"Designer, furniture",savings,2024-04-04,IR,medium,False,pending
C-1755,John Brooks,56,Medical sales representative,business,2020-11-05,US,low,False,verified
C-1756,Robert Rodriguez,77,Print production planner,checking,2023-02-16,FR,low,False,verified
C-1757,Charles Burgess,73,"Accountant, chartered public finance",savings,2020-02-27,US,low,False,verified
C-1758,Christina Lopez,52,Architect,business,2017-11-25,US,low,False,verified
C-1759,Gary Johnson,22,"Engineer, civil (contracting)",business,2026-01-18,US,medium,False,verified
C-1760,Victoria Wilson,31,Records manager,savings,2022-01-24,US,low,False,verified
C-1761,Michelle Nguyen,65,Office manager,savings,2021-08-01,DE,low,False,verified
C-1762,Sarah Price,71,Clinical molecular geneticist,business,2026-02-21,US,low,False,verified
C-1763,Beth Cooper,79,"Administrator, Civil Service",business,2024-03-28,KP,medium,False,verified
C-1764,Michael Peterson,65,"Therapist, speech and language",savings,2023-12-09,FR,low,False,verified
C-1765,Dylan Tucker,72,"Pilot, airline",savings,2019-01-16,US,low,False,verified
C-1766,Jorge Wright,45,Colour technologist,checking,2025-03-16,DE,low,False,expired
C-1767,Danielle Hoover MD,59,"Civil engineer, contracting",business,2023-07-30,CA,low,False,verified
C-1768,Catherine Riddle,43,"Therapist, art",business,2022-11-08,US,low,False,verified
C-1769,Bryan Morales,27,Graphic designer,checking,2026-06-20,US,medium,False,verified
C-1770,Jessica Jensen,30,"Chemist, analytical",business,2025-03-17,US,high,False,verified
C-1771,Joseph Graves,27,Exercise physiologist,savings,2018-10-13,US,low,False,verified
C-1772,Antonio Simmons,52,Arts development officer,checking,2019-08-10,US,high,False,verified
C-1773,Douglas Bell,28,Personal assistant,checking,2019-01-13,DE,high,False,pending
C-1774,Catherine Smith,74,IT technical support officer,checking,2018-09-07,US,low,False,verified
C-1775,Terry Garcia,46,Electrical engineer,checking,2019-02-01,US,low,False,verified
C-1776,Geoffrey Rodriguez DDS,29,Sub,business,2024-04-08,US,high,False,verified
C-1777,Isaac Patrick,49,Theme park manager,business,2021-11-07,US,low,False,verified
C-1778,Matthew Clark,69,Music tutor,business,2017-06-08,BS,low,False,verified
C-1779,Mark Guzman,69,Architectural technologist,checking,2022-06-06,US,low,False,verified
C-1780,Martha Lee,72,Product designer,business,2025-10-26,FR,low,False,verified
C-1781,Joshua Cooper,19,Public relations account executive,checking,2026-06-18,US,medium,False,verified
C-1782,Nathan Williams,18,"Engineer, agricultural",savings,2020-09-29,US,low,False,verified
C-1783,Stephanie Malone,31,"Surveyor, minerals",business,2026-04-26,US,low,False,verified
C-1784,Joan Love,77,Press photographer,business,2017-03-29,CA,high,False,verified
C-1785,Timothy Gordon,25,Advertising copywriter,savings,2018-03-26,CA,low,False,verified
C-1786,Walter Roberts,19,Systems developer,savings,2017-03-04,US,low,False,verified
C-1787,Cheryl Olsen,20,"Research officer, trade union",business,2023-05-31,US,low,False,verified
C-1788,Valerie Martin,75,Sales executive,savings,2020-05-28,CA,low,False,verified
C-1789,Jennifer Nelson,72,Educational psychologist,business,2016-08-07,IR,low,False,verified
C-1790,Leslie Smith,75,Scientific laboratory technician,checking,2021-02-12,US,low,False,verified
C-1791,Kelly Turner,65,English as a second language teacher,business,2019-07-12,US,low,False,verified
C-1792,Bryan Walker,65,"Social research officer, government",savings,2018-12-12,CA,medium,False,verified
C-1793,Charles Stephenson,64,Contracting civil engineer,business,2019-04-08,DE,low,False,verified
C-1794,Maria Wright,74,"Engineer, materials",checking,2021-11-28,US,medium,False,verified
C-1795,Gregory Jacobs,77,"Merchandiser, retail",savings,2019-10-23,US,medium,False,verified
C-1796,Stacey Baker,18,Contracting civil engineer,savings,2020-08-24,BS,low,False,verified
C-1797,Erika Brown,48,Administrator,checking,2024-10-20,US,medium,False,verified
C-1798,Vincent Thompson,31,"Administrator, sports",checking,2021-12-09,US,low,False,verified
C-1799,Paula Deleon,39,Claims inspector/assessor,savings,2023-10-16,FR,low,False,verified
C-1800,Theresa Scott,60,Trade mark attorney,checking,2022-01-27,US,medium,False,verified
C-1801,Connie Adams,26,Television camera operator,savings,2022-11-11,KY,low,False,verified
C-1802,Jennifer Griffin,40,Politician's assistant,checking,2020-04-01,US,low,False,pending
C-1803,Anna White,70,Electrical engineer,business,2024-09-20,US,low,False,verified
C-1804,Keith Harding,40,Education administrator,business,2023-01-15,US,low,False,verified
C-1805,Christopher Thompson,41,"Nurse, mental health",business,2023-06-09,US,low,False,verified
C-1806,Charles Simmons,28,"Programme researcher, broadcasting/film/video",business,2025-08-28,US,low,False,verified
C-1807,Ariel Rose,79,"Administrator, charities/voluntary organisations",business,2022-08-06,US,low,False,verified
C-1808,Alex Serrano,51,Armed forces logistics/support/administrative officer,checking,2017-11-19,US,medium,False,verified
C-1809,Debra Mays,63,Tourism officer,business,2016-09-12,FR,low,False,verified
C-1810,Tina Rodriguez,44,Lexicographer,savings,2025-02-02,US,low,False,verified
C-1811,Charles Malone,28,"Producer, radio",business,2024-09-19,US,low,False,verified
C-1812,John Sanchez,78,Speech and language therapist,checking,2023-06-27,US,low,False,verified
C-1813,Barbara Bryan,27,"Civil engineer, contracting",business,2022-01-04,US,low,False,verified
C-1814,Stephen Perry,67,Accommodation manager,business,2025-09-08,US,low,False,verified
C-1815,Jeffery Hernandez,57,Historic buildings inspector/conservation officer,checking,2018-10-28,US,low,False,verified
C-1816,Janice Henson,78,"Clinical scientist, histocompatibility and immunogenetics",savings,2021-06-25,US,low,False,verified
C-1817,Courtney Huber MD,74,Camera operator,business,2022-09-21,US,low,False,verified
C-1818,Thomas Gillespie,64,Armed forces logistics/support/administrative officer,business,2022-08-11,DE,high,False,verified
C-1819,Joseph Greene,79,"Physicist, medical",checking,2018-01-24,US,low,False,verified
C-1820,Elizabeth Roth,58,Magazine features editor,business,2025-04-26,FR,low,False,verified
C-1821,Jonathan Wood,63,Geochemist,checking,2024-09-02,US,low,False,verified
C-1822,Angela Smith,67,Database administrator,business,2024-05-05,US,low,False,verified
C-1823,Charles Griffin,60,Purchasing manager,checking,2024-09-16,US,low,False,verified
C-1824,Jeffrey Acosta,25,Dance movement psychotherapist,savings,2017-06-20,US,low,False,pending
C-1825,Catherine Cruz MD,20,Photographer,checking,2021-05-18,US,low,False,verified
C-1826,Lindsay Fields,43,Corporate investment banker,business,2024-08-02,US,medium,False,pending
C-1827,Danielle Barnes,78,Research scientist (medical),checking,2021-12-14,DE,low,False,verified
C-1828,Joshua Hall Jr.,34,"Pharmacist, community",checking,2021-10-31,US,medium,False,pending
C-1829,Roberta Robinson,21,Chartered loss adjuster,checking,2018-12-01,DE,low,False,verified
C-1830,Xavier Smith,67,"Surveyor, insurance",business,2021-04-21,US,low,False,verified
C-1831,Brian Pruitt,72,Media planner,savings,2025-01-19,US,low,False,verified
C-1832,Sabrina Phillips,37,Cytogeneticist,savings,2024-12-01,US,high,False,verified
C-1833,Tara Fisher,66,"Engineer, materials",checking,2024-11-04,US,low,False,verified
C-1834,Chad Hayden,66,Customer service manager,savings,2020-05-03,US,high,False,verified
C-1835,Vincent Watson,62,Claims inspector/assessor,business,2023-03-12,US,low,False,verified
C-1836,Ryan Harrell,23,Air traffic controller,business,2018-01-12,US,low,False,verified
C-1837,David Smith,52,Pension scheme manager,checking,2018-01-22,FR,low,False,verified
C-1838,Patrick Adkins,80,Hydrographic surveyor,savings,2021-04-07,US,low,False,verified
C-1839,Jill Newman,35,"Administrator, Civil Service",savings,2019-06-07,DE,low,False,expired
C-1840,Stanley Johnson,69,Early years teacher,savings,2021-08-06,DE,low,False,pending
C-1841,Ronnie Frazier,44,"Programme researcher, broadcasting/film/video",business,2022-02-08,US,low,False,verified
C-1842,Tamara Shaw,58,Ergonomist,business,2020-10-19,US,medium,False,verified
C-1843,William Boyd,34,Comptroller,checking,2023-12-30,US,low,False,pending
C-1844,Anthony Long,79,"Surveyor, land/geomatics",business,2022-08-13,US,low,False,expired
C-1845,Michael Woods,24,Ophthalmologist,business,2024-11-01,DE,medium,False,verified
C-1846,Robert Lucas,63,"Engineer, broadcasting (operations)",business,2019-04-07,US,low,False,expired
C-1847,Jack Maxwell,21,Legal executive,checking,2016-11-04,US,low,False,verified
C-1848,Joshua Jones,53,"Therapist, speech and language",business,2016-09-03,CA,low,False,verified
C-1849,Chelsea Harris,22,Amenity horticulturist,business,2018-12-19,CA,low,False,verified
C-1850,Kelly Williams,66,Radio broadcast assistant,savings,2017-01-07,US,high,False,verified
C-1851,Tony Smith,54,Marketing executive,business,2024-01-30,US,high,False,verified
C-1852,Kathryn Edwards,80,"Nurse, adult",business,2023-10-27,US,low,False,verified
C-1853,Michele Davis,51,Orthoptist,checking,2025-07-12,US,medium,False,verified
C-1854,Kathryn Hampton,19,Aeronautical engineer,business,2022-06-08,US,high,False,verified
C-1855,Kevin Christian,78,Horticultural therapist,business,2018-03-05,UK,low,False,verified
C-1856,Angela Garrett,37,Exhibition designer,checking,2025-05-29,CA,low,False,verified
C-1857,Martha Mack,30,"Designer, multimedia",savings,2026-07-01,UK,low,False,verified
C-1858,Wendy Franklin,19,"Scientist, research (medical)",business,2025-11-13,US,low,False,verified
C-1859,Richard Morgan,51,Media buyer,savings,2022-10-19,UK,low,False,verified
C-1860,Amanda Marquez,79,Naval architect,savings,2018-12-15,US,low,False,verified
C-1861,Lisa Rubio DDS,61,Research scientist (medical),savings,2017-07-15,DE,low,False,verified
C-1862,Randall Collins,70,Chartered loss adjuster,checking,2021-07-21,US,low,True,verified
C-1863,Christopher Phillips,37,Broadcast journalist,checking,2019-05-14,US,low,False,verified
C-1864,Brandon White,56,Psychiatrist,savings,2019-02-22,CA,high,False,pending
C-1865,David Mcdowell,68,Counselling psychologist,checking,2025-12-18,US,high,False,verified
C-1866,Katherine Cox,79,Historic buildings inspector/conservation officer,checking,2020-07-28,DE,low,False,verified
C-1867,Sylvia Anderson,76,Medical technical officer,business,2021-09-09,US,medium,False,verified
C-1868,Emily Miller,38,Patent attorney,business,2021-08-16,US,low,False,verified
C-1869,Shawn Fleming,36,Web designer,checking,2026-05-04,US,low,False,verified
C-1870,Richard Lyons,42,"Surveyor, mining",savings,2016-08-23,US,low,False,verified
C-1871,Donna Moore,68,Oceanographer,checking,2025-02-07,US,medium,False,verified
C-1872,Shane Caldwell,37,Magazine journalist,business,2021-03-22,US,medium,False,verified
C-1873,Stephanie Marshall,21,Chartered certified accountant,checking,2018-05-14,US,low,False,verified
C-1874,Tyler Sanders,51,Police officer,savings,2018-07-23,US,low,False,verified
C-1875,Evan Davies,29,"Radiographer, diagnostic",savings,2018-09-09,DE,medium,False,verified
C-1876,Ashley Gibson,42,Sports administrator,savings,2018-02-13,DE,high,False,verified
C-1877,Mark Flores,76,Ambulance person,checking,2026-06-11,US,high,False,verified
C-1878,Amy Stokes,27,Planning and development surveyor,business,2026-05-08,US,low,False,verified
C-1879,Daniel Johnson,74,Pharmacologist,business,2019-04-06,US,medium,False,verified
C-1880,Angela Jones,71,Ophthalmologist,savings,2017-05-19,US,medium,False,verified
C-1881,Jocelyn Barnes,67,"Engineer, site",checking,2023-04-06,US,low,False,verified
C-1882,Ronald Davis,68,Phytotherapist,checking,2019-12-26,UK,low,False,verified
C-1883,Carmen Bailey,63,Personnel officer,business,2021-05-19,BZ,low,False,verified
C-1884,Rachel Sheppard,25,Press sub,checking,2020-02-10,US,medium,False,pending
C-1885,Jasmine Smith,51,"Therapist, speech and language",savings,2018-07-20,US,low,False,verified
C-1886,Laura Thomas,66,Investment analyst,business,2016-09-14,US,medium,False,verified
C-1887,Taylor Porter,67,Investment analyst,savings,2017-09-13,US,low,False,pending
C-1888,Jennifer Meyer,20,"Accountant, chartered certified",business,2026-06-13,US,low,False,verified
C-1889,Shannon Walters,30,Technical sales engineer,business,2017-07-15,FR,low,False,pending
C-1890,William Fisher,58,Sports coach,savings,2024-04-22,US,low,False,verified
C-1891,Cindy Clark,56,"Engineer, aeronautical",business,2026-04-13,US,low,False,verified
C-1892,Alexis Cervantes,22,"Administrator, sports",checking,2019-08-02,US,low,True,verified
C-1893,Robert Martinez,27,Restaurant manager,savings,2023-01-20,US,low,True,verified
C-1894,Jason Bell,25,Special effects artist,savings,2020-10-27,US,medium,True,verified
C-1895,Gabriella House,59,Proofreader,checking,2020-11-05,US,low,False,verified
C-1896,Kurt Daniels,57,Museum/gallery curator,checking,2019-06-01,US,low,False,verified
C-1897,Melanie Walters,74,Web designer,checking,2025-12-11,US,low,False,verified
C-1898,Annette Miller,41,Civil Service administrator,business,2017-06-17,US,low,False,verified
C-1899,Timothy Garcia,52,Youth worker,savings,2025-11-02,US,high,False,verified
C-1900,Jeremy Perkins,44,Amenity horticulturist,checking,2023-03-30,DE,medium,False,verified
C-1901,Christy Frank,43,Structural engineer,savings,2020-05-17,US,medium,False,verified
C-1902,John Martinez,64,"Psychologist, forensic",business,2020-09-10,DE,medium,False,verified
C-1903,Michele Figueroa,37,Actor,savings,2025-12-17,US,low,False,verified
C-1904,Katie Adams,79,"Geneticist, molecular",business,2019-08-21,US,low,False,verified
C-1905,Susan Nunez,77,"Accountant, chartered management",business,2025-07-26,US,low,False,verified
C-1906,Alan Hernandez,29,Minerals surveyor,checking,2024-12-21,DE,high,False,verified
C-1907,Natalie Stewart,69,"Doctor, hospital",savings,2026-02-26,US,low,False,verified
C-1908,Dana Beltran MD,49,"Nurse, learning disability",checking,2024-11-06,US,low,False,verified
C-1909,Laura Anderson,68,Newspaper journalist,savings,2026-05-04,US,low,True,verified
C-1910,Tanner Holmes,38,Press sub,checking,2018-11-15,US,low,False,verified
C-1911,Beth Wilson,76,Technical author,checking,2024-05-28,US,low,False,verified
C-1912,Lori Green,24,Surgeon,business,2018-02-26,US,low,False,verified
C-1913,Brandon Johnson,44,"Administrator, arts",savings,2022-11-08,UK,low,False,verified
C-1914,Alyssa Zimmerman,60,Careers information officer,savings,2022-04-13,BS,high,False,verified
C-1915,Nicholas Lucero,48,Materials engineer,savings,2018-06-06,US,medium,False,expired
C-1916,Courtney Lee,29,Financial trader,checking,2023-10-30,US,medium,False,pending
C-1917,Jamie Green,23,Arts development officer,checking,2019-04-25,US,low,False,verified
C-1918,Lori Little,77,TEFL teacher,business,2025-03-26,US,low,False,verified
C-1919,Timothy Martinez,80,Curator,checking,2019-05-22,US,low,False,verified
C-1920,Anna Snyder,30,Medical illustrator,business,2025-09-10,CA,low,False,pending
C-1921,Brian Pope,21,Patent attorney,business,2017-04-19,US,low,False,verified
C-1922,Angela Mcdaniel,65,Mining engineer,business,2025-06-18,US,low,False,verified
C-1923,Joanne Martin,19,Hydrogeologist,checking,2016-08-31,CA,low,False,verified
C-1924,Keith Obrien,39,Ambulance person,checking,2017-09-26,US,medium,False,verified
C-1925,Gregory Cooley,40,Tourism officer,business,2022-01-11,US,low,False,verified
C-1926,Patrick House,23,"Engineer, automotive",business,2022-08-17,UK,high,False,verified
C-1927,Kelly Hodges,24,"Engineer, technical sales",savings,2025-03-26,US,low,False,verified
C-1928,Daniel Murphy,73,English as a second language teacher,savings,2017-05-25,US,low,True,verified
C-1929,Beth Hill,58,"Engineer, communications",checking,2026-02-05,US,low,False,verified
C-1930,Juan Phillips,26,Research scientist (life sciences),savings,2020-12-03,US,high,False,verified
C-1931,Tammy Wright,68,"Engineer, civil (consulting)",business,2023-06-08,US,low,True,verified
C-1932,Diana Long,70,Television production assistant,savings,2024-06-30,US,medium,False,verified
C-1933,Carol Harris,55,Ranger/warden,savings,2020-11-24,US,low,False,verified
C-1934,Kyle Nelson,52,"Investment banker, operational",business,2022-10-17,DE,high,False,verified
C-1935,Jessica Bradley,38,Midwife,savings,2025-07-18,UK,low,False,verified
C-1936,Joanna Preston,36,Sales promotion account executive,savings,2019-02-04,US,low,False,verified
C-1937,Larry Wiley,79,Set designer,business,2020-02-01,US,low,False,verified
C-1938,Christopher Morris,64,Electronics engineer,savings,2020-02-21,UK,low,False,verified
C-1939,Matthew Watson,65,Interior and spatial designer,business,2017-10-14,US,low,False,pending
C-1940,Adam Murphy,64,"Psychologist, occupational",checking,2022-03-28,US,low,False,verified
C-1941,David Jones,38,Herpetologist,business,2022-08-01,US,high,False,verified
C-1942,Ashley Ramirez,74,Translator,checking,2026-01-10,US,low,False,pending
C-1943,Megan Berry,47,"Pharmacist, community",checking,2023-05-21,US,low,False,verified
C-1944,Robert Gonzalez,42,Artist,business,2024-08-04,US,low,False,verified
C-1945,Dr. Jason Martinez Jr.,78,"Journalist, newspaper",savings,2022-06-23,US,low,True,verified
C-1946,Alex Smith,49,Teaching laboratory technician,checking,2026-06-11,FR,low,False,verified
C-1947,Diane Skinner,56,Operational researcher,business,2016-12-07,FR,low,False,verified
C-1948,Kelsey Rogers,24,"Administrator, sports",savings,2017-04-04,US,high,False,verified
C-1949,Robert Cummings,49,Haematologist,savings,2019-09-26,CA,low,True,verified
C-1950,Bobby Hampton,61,"Research officer, political party",business,2022-09-08,CA,low,False,verified
C-1951,Michael Gibson,69,Community development worker,business,2024-12-29,FR,medium,False,pending
C-1952,Ashley Walker,44,Administrator,savings,2017-12-13,UK,low,False,verified
C-1953,Shannon Ramsey MD,75,Chartered management accountant,checking,2018-06-23,US,medium,False,verified
C-1954,Jackie Leach,79,"Accountant, chartered public finance",checking,2025-11-27,US,medium,False,pending
C-1955,Debbie Glover,33,Clinical psychologist,checking,2017-01-16,US,low,False,verified
C-1956,Dennis Watts,27,Museum education officer,business,2019-04-06,US,low,False,verified
C-1957,Chad Murray,42,Computer games developer,savings,2019-10-04,US,medium,False,verified
C-1958,Kevin Horn,32,Patent attorney,business,2022-12-07,US,low,False,verified
C-1959,Kelly Allen,79,Purchasing manager,checking,2023-03-06,US,low,False,verified
C-1960,Erica Simon,56,Equities trader,business,2017-06-25,BS,low,False,verified
C-1961,Michelle Gomez,36,Financial manager,savings,2023-02-28,DE,medium,False,verified
C-1962,Christine Miller,27,"Research officer, trade union",checking,2017-03-02,US,low,False,verified
C-1963,Daniel Cardenas,76,Emergency planning/management officer,savings,2021-06-10,UK,low,False,verified
C-1964,Robert Gill,35,"Scientist, audiological",checking,2025-02-23,US,low,False,verified
C-1965,Emily Gibson,19,"Designer, exhibition/display",savings,2025-01-16,CA,low,False,verified
C-1966,Carlos Rangel,42,Musician,business,2026-04-25,CA,low,False,verified
C-1967,Kayla Deleon,66,Emergency planning/management officer,savings,2017-04-01,CA,low,False,verified
C-1968,Michael Lynn,63,Technical brewer,business,2023-01-18,US,low,False,verified
C-1969,Shawn Mcgee,78,Financial adviser,business,2016-09-23,CA,low,False,pending
C-1970,Derek Alvarez,66,Set designer,savings,2021-02-02,US,low,False,verified
C-1971,Timothy Miller,53,Plant breeder/geneticist,savings,2018-09-07,US,medium,False,verified
C-1972,Jeffrey Cook,21,Prison officer,business,2019-04-16,US,low,True,verified
C-1973,Matthew Dennis,20,"Pharmacist, hospital",savings,2018-07-03,US,medium,False,pending
C-1974,Christopher Hill,42,Translator,business,2021-07-02,CA,low,True,verified
C-1975,Michael Lucas,62,Clinical psychologist,checking,2018-10-05,US,low,True,verified
C-1976,Andrew Adams,18,Brewing technologist,checking,2021-11-19,DE,medium,False,verified
C-1977,Stephen Lyons,27,Ophthalmologist,business,2020-06-25,US,low,False,verified
C-1978,Nicholas Suarez,42,"Geologist, wellsite",savings,2021-07-07,FR,medium,False,verified
C-1979,Dalton Walsh,43,"Therapist, occupational",savings,2019-06-11,DE,low,False,verified
C-1980,Cody Velez,31,Writer,savings,2021-05-01,US,low,False,verified
C-1981,Terry Allen,54,International aid/development worker,business,2023-05-19,US,medium,False,verified
C-1982,Gary Gibson,21,"Administrator, Civil Service",business,2023-03-24,US,low,False,verified
C-1983,Alex Mccann,37,Camera operator,savings,2018-04-09,FR,low,False,verified
C-1984,Alexandra Bell,47,Public relations account executive,checking,2022-05-25,US,low,False,verified
C-1985,David Rodriguez PhD,60,Tax adviser,savings,2023-05-14,US,low,False,verified
C-1986,Darren Gordon,78,Data processing manager,checking,2024-04-26,US,high,False,verified
C-1987,Robert Rogers,41,Recycling officer,savings,2023-11-30,US,low,False,verified
C-1988,Dawn Tucker MD,59,"Administrator, Civil Service",savings,2024-11-03,US,low,True,verified
C-1989,Gene Holmes,77,"Therapist, occupational",savings,2021-05-29,CA,low,False,pending
C-1990,Joseph Bowman,77,Data scientist,checking,2026-05-08,US,low,False,verified
C-1991,Mary Thomas,19,Research scientist (medical),business,2016-11-14,US,low,False,verified
C-1992,Melissa Jordan,42,"Engineer, maintenance",savings,2024-01-04,DE,low,False,verified
C-1993,Troy Fowler,20,Graphic designer,business,2025-05-03,CA,low,False,verified
C-1994,Stephanie Cole,35,Secretary/administrator,savings,2018-04-25,FR,low,False,verified
C-1995,Hannah Rivera,59,Theme park manager,savings,2020-09-26,US,medium,False,verified
C-1996,Ellen Williams DDS,63,Lobbyist,business,2024-11-27,US,low,False,verified
C-1997,Robert Knight,41,"Loss adjuster, chartered",business,2019-06-13,US,high,False,verified
C-1998,Kathryn Jennings,55,"Psychologist, prison and probation services",checking,2023-05-17,US,low,False,verified
C-1999,Donna Grant,44,"Designer, textile",checking,2019-08-08,CA,high,False,verified
C-2000,Robert Smith,59,Architect,checking,2018-09-26,CA,low,False,verified
C-2001,Becky Freeman,76,"Accountant, chartered public finance",business,2020-11-12,US,low,False,verified
C-2002,April King,54,Maintenance engineer,savings,2025-05-08,US,high,False,verified
C-2003,Kathryn Mullen,74,"Surveyor, mining",savings,2018-02-11,US,high,False,verified
C-2004,Devin Ferrell,53,"Engineer, chemical",business,2020-11-19,US,high,False,verified
C-2005,Donna Johnson,38,Marine scientist,business,2019-01-19,US,medium,False,pending
C-2006,Jasmine Ross,40,Chief Technology Officer,business,2025-06-30,US,low,False,verified
C-2007,Linda Thompson,62,Press photographer,savings,2023-05-10,US,medium,False,pending
C-2008,Kenneth Vega,76,"Engineer, communications",savings,2019-01-24,US,low,False,verified
C-2009,Curtis Torres,24,Human resources officer,savings,2022-03-26,FR,low,True,verified
C-2010,Kimberly Bennett,46,Press sub,savings,2017-07-10,CA,low,False,verified
C-2011,Melissa Gordon,41,Materials engineer,savings,2021-03-31,US,low,False,pending
C-2012,Jason Jenkins,80,Air broker,savings,2025-09-09,US,low,False,verified
C-2013,Randall Davis,67,Counselling psychologist,savings,2022-09-19,US,low,False,verified
C-2014,David Hunt,42,Conference centre manager,savings,2022-10-10,IR,high,False,verified
C-2015,Sherry Brown,33,"Nurse, learning disability",business,2017-10-28,FR,medium,False,verified
C-2016,Julie Hines,80,"Scientist, marine",checking,2021-03-02,US,low,False,verified
C-2017,Anthony Gallegos,44,Clinical biochemist,savings,2019-11-25,US,low,False,verified
C-2018,Dylan Olson,46,Learning disability nurse,savings,2025-03-17,US,low,False,verified
C-2019,Kevin Dixon,21,Astronomer,checking,2023-07-31,US,low,False,verified
C-2020,Kristina Coffey,28,Copy,savings,2018-10-19,US,low,False,verified
C-2021,Sarah Turner,49,Insurance risk surveyor,savings,2023-10-04,CA,low,False,verified
C-2022,Renee Hanson,20,"Engineer, control and instrumentation",checking,2017-09-17,US,low,False,verified
C-2023,Larry Martinez,46,Chief Strategy Officer,business,2019-01-14,US,high,False,verified
C-2024,Alexander Wagner,41,"Nurse, adult",business,2017-02-13,CA,low,False,verified
C-2025,Jared Mcgrath,48,Farm manager,savings,2024-12-24,US,low,False,verified
C-2026,Samantha Maldonado,78,Warehouse manager,business,2017-10-18,UK,low,False,pending
C-2027,Alex Thomas,28,Financial adviser,savings,2018-04-09,US,low,False,verified
C-2028,Kimberly Alvarez,48,Horticultural consultant,savings,2019-06-17,US,high,False,verified
C-2029,Kevin Richardson,30,Haematologist,savings,2020-06-23,UK,low,False,verified
C-2030,Ashley Butler,18,"Physicist, medical",savings,2018-01-17,US,low,False,verified
C-2031,Bryan Price,33,Telecommunications researcher,checking,2019-08-04,FR,medium,False,verified
C-2032,Stephanie Harvey,42,Archivist,business,2025-08-24,US,low,False,verified
C-2033,Charles Khan,27,Proofreader,savings,2019-05-02,CA,low,False,verified
C-2034,Mrs. Savannah Gordon,44,Magazine journalist,business,2025-08-04,CA,low,False,verified
C-2035,Kayla Thompson,38,"Designer, blown glass/stained glass",checking,2020-01-31,US,low,False,pending
C-2036,Gina Espinoza,73,Counselling psychologist,savings,2019-05-07,US,medium,False,verified
C-2037,Elizabeth Long,59,Radio broadcast assistant,business,2020-04-30,US,low,False,verified
C-2038,Matthew Johnston,19,"Runner, broadcasting/film/video",checking,2024-04-26,US,low,False,verified
C-2039,Beverly Nguyen,43,Telecommunications researcher,checking,2020-01-17,CA,low,False,pending
C-2040,Jennifer Williams,76,"Designer, interior/spatial",checking,2018-11-18,FR,medium,False,verified
C-2041,Kathryn Shelton,56,Jewellery designer,business,2024-02-29,US,low,False,verified
C-2042,Dr. Morgan Young,52,Ecologist,business,2023-11-05,IR,low,False,verified
C-2043,William Nielsen,56,Biomedical engineer,business,2022-09-07,US,low,False,verified
C-2044,Ryan Jones,37,Minerals surveyor,savings,2022-08-18,DE,medium,False,verified
C-2045,Tammy Morris,30,"Production assistant, television",business,2020-05-04,FR,medium,False,verified
C-2046,Laura Gonzalez MD,41,Primary school teacher,business,2023-05-09,FR,low,False,verified
C-2047,Patrick Hamilton,64,Seismic interpreter,business,2024-08-26,US,medium,False,verified
C-2048,Kevin Soto,59,Chief Operating Officer,checking,2018-08-07,US,low,False,verified
C-2049,Stephanie Ward,27,Orthoptist,checking,2022-03-31,US,low,False,pending
C-2050,Gina Fleming,18,"Secretary, company",savings,2021-07-11,SY,low,False,pending
C-2051,Laura Wells,35,Management consultant,business,2020-02-17,US,low,False,verified
C-2052,Sarah Solis,48,Print production planner,checking,2020-11-02,US,low,False,verified
C-2053,Benjamin Miller,22,"Scientist, forensic",checking,2019-07-19,US,low,False,verified
C-2054,David Guzman,75,Lawyer,business,2016-10-15,UK,low,True,verified
C-2055,Donna Clayton,33,Newspaper journalist,savings,2023-08-07,US,low,False,verified
C-2056,Seth Donaldson,33,Cabin crew,savings,2021-11-28,US,low,False,verified
C-2057,Joseph Carr,57,Insurance underwriter,savings,2020-07-22,CA,high,False,verified
C-2058,Michael Rodriguez,33,Public affairs consultant,checking,2025-12-07,FR,low,False,verified
C-2059,Miss Amanda Fisher,18,"Engineer, control and instrumentation",savings,2019-11-29,CA,low,False,verified
C-2060,Brenda Payne,32,Landscape architect,savings,2025-10-22,US,medium,False,verified
C-2061,Sherry Young,66,"Buyer, industrial",checking,2024-08-15,CA,low,False,verified
C-2062,Lisa Conley,74,Animal technologist,business,2020-01-09,US,low,True,verified
C-2063,Jason Stevenson,41,Catering manager,savings,2025-06-10,US,medium,False,verified
C-2064,Carl Cummings,31,Civil Service administrator,savings,2016-12-02,US,low,False,verified
C-2065,Marie Reynolds,74,Immunologist,checking,2024-05-18,FR,high,False,verified
C-2066,Crystal Velazquez,69,Agricultural engineer,savings,2024-04-20,US,low,False,verified
C-2067,Kimberly Dalton,76,Adult nurse,checking,2022-02-02,US,low,False,verified
C-2068,Ralph Dominguez,28,Planning and development surveyor,savings,2023-07-30,US,medium,False,verified
C-2069,Ashley Wilson,80,Warden/ranger,checking,2026-05-23,US,low,False,verified
C-2070,Cory Kim,62,Barrister,business,2018-12-12,US,low,False,pending
C-2071,Adam Gutierrez,72,Software engineer,checking,2022-03-31,US,low,False,verified
C-2072,Alexis Cortez PhD,32,Camera operator,savings,2017-02-16,FR,low,False,verified
C-2073,Douglas Edwards,48,Town planner,checking,2023-02-12,US,medium,False,verified
C-2074,Eduardo Obrien,24,Quality manager,checking,2023-02-21,DE,medium,False,verified
C-2075,Angela Mays,64,"Engineer, land",savings,2021-07-06,US,low,False,verified
C-2076,Heather Herman,67,English as a second language teacher,checking,2020-12-31,US,low,True,verified
C-2077,Jacob Arnold,21,Financial risk analyst,checking,2021-10-31,US,low,False,verified
C-2078,Michael Gordon,35,Audiological scientist,checking,2020-01-12,US,low,False,verified
C-2079,Trevor Tucker,66,Careers information officer,savings,2018-08-07,DE,low,False,verified
C-2080,William Hall,61,Surgeon,checking,2018-09-02,US,low,False,verified
C-2081,Robert Thomas,56,Farm manager,business,2023-07-20,US,medium,False,verified
C-2082,Jordan Wilson,72,Research scientist (physical sciences),checking,2024-12-05,US,low,True,verified
C-2083,Kevin Evans,75,Chartered accountant,checking,2017-02-28,US,low,False,verified
C-2084,Janet Smith,31,Museum/gallery exhibitions officer,checking,2020-05-30,US,medium,False,verified
C-2085,Daniel Lopez,37,Plant breeder/geneticist,checking,2021-11-21,US,low,True,verified
C-2086,Amanda Hines,47,Agricultural engineer,business,2025-08-31,US,low,False,verified
C-2087,Gabrielle Clayton,27,Garment/textile technologist,business,2024-08-31,US,high,False,verified
C-2088,Nicole Peterson,73,Wellsite geologist,checking,2020-11-26,US,low,False,verified
C-2089,Nicholas Moss,80,Barista,checking,2024-08-21,US,low,False,verified
C-2090,Tiffany Randolph,24,Holiday representative,savings,2025-02-24,US,medium,False,verified
C-2091,Julie Armstrong,41,Tax inspector,savings,2024-04-03,US,low,False,verified
C-2092,Tyler Mcdonald,21,Field seismologist,business,2017-11-18,US,low,False,verified
C-2093,Robert Tapia,67,Chartered certified accountant,business,2026-07-21,US,medium,False,verified
C-2094,Elizabeth Duncan,63,Arboriculturist,checking,2022-09-20,CA,medium,False,verified
C-2095,Matthew Patton,42,Translator,checking,2016-09-08,US,low,True,verified
C-2096,Matthew Huff,30,Editorial assistant,checking,2021-01-01,CA,medium,False,verified
C-2097,Adam Johnson,31,Mechanical engineer,savings,2021-05-14,BZ,high,False,verified
C-2098,Claudia Brown,32,Cartographer,checking,2019-04-30,US,high,False,verified
C-2099,Emily Brown,69,Education administrator,checking,2019-02-22,UK,low,False,verified
C-2100,Debbie Simpson,75,Ergonomist,business,2022-11-13,FR,low,False,verified
C-2101,Luke Williams,69,Colour technologist,business,2023-02-10,US,medium,False,verified
C-2102,Jonathon Alexander,78,Investment analyst,business,2016-12-25,US,low,False,expired
C-2103,Amy Klein,34,Futures trader,savings,2026-04-26,US,medium,False,verified
C-2104,Ryan Atkinson,27,"Sound technician, broadcasting/film/video",savings,2023-10-01,DE,low,False,verified
C-2105,Hannah Jones,37,"Producer, radio",savings,2017-09-11,US,low,False,pending
C-2106,Damon Hudson,77,Pathologist,savings,2017-04-11,US,low,False,verified
C-2107,Douglas Johnson,41,Training and development officer,savings,2024-06-12,US,low,False,expired
C-2108,Jason Pearson,43,"Psychotherapist, dance movement",checking,2025-12-27,US,medium,False,verified
C-2109,Andre Richardson,38,Horticultural therapist,business,2025-11-13,CA,low,False,verified
C-2110,Allison Lynch,45,Intelligence analyst,checking,2021-09-02,US,medium,False,verified
C-2111,Katie Perkins,18,Local government officer,checking,2025-12-18,VG,low,False,expired
C-2112,Kevin Sandoval,23,Dealer,savings,2020-05-17,US,low,False,verified
C-2113,Mrs. Angela Walls MD,57,Retail manager,savings,2026-07-18,PA,medium,False,verified
C-2114,Morgan Ryan,55,Community development worker,checking,2025-01-15,US,low,False,verified
C-2115,Amber Kennedy,56,"Scientist, water quality",checking,2021-10-07,FR,low,False,verified
C-2116,Cory Johnston,20,Financial planner,checking,2019-11-07,US,medium,False,verified
C-2117,Vanessa Hall,50,International aid/development worker,checking,2024-01-18,US,low,False,verified
C-2118,David Oconnor,72,Outdoor activities/education manager,checking,2020-03-07,US,low,False,verified
C-2119,Jonathan Melendez,21,Radio broadcast assistant,business,2022-08-13,US,medium,False,expired
C-2120,Jason Hudson,36,Comptroller,checking,2025-10-27,CA,low,False,verified
C-2121,Terry Craig,59,Corporate investment banker,business,2022-08-15,US,high,False,verified
C-2122,Gloria Wilson,59,Osteopath,savings,2020-10-09,US,low,False,verified
C-2123,Ms. Mackenzie Barton,69,Education administrator,checking,2025-04-30,US,low,False,verified
C-2124,Bryan Baker,70,"Surveyor, building",checking,2023-09-05,US,medium,False,verified
C-2125,Brian Booth,68,Plant breeder/geneticist,savings,2016-10-20,US,high,False,verified
C-2126,Benjamin Robertson,26,Senior tax professional/tax inspector,savings,2025-10-01,US,low,False,verified
C-2127,Heather Morales,67,"Surveyor, hydrographic",savings,2018-12-23,DE,low,False,verified
C-2128,George Summers,48,Legal secretary,business,2022-06-24,US,low,False,verified
C-2129,Wendy Williams,43,Marine scientist,business,2026-01-24,US,high,False,verified
C-2130,Lynn Yang,64,Press photographer,business,2019-06-16,US,low,False,verified
C-2131,Chad White,44,Theme park manager,business,2025-09-23,US,low,False,verified
C-2132,Angela Huang,76,"Therapist, horticultural",business,2022-06-30,US,low,False,verified
C-2133,Jody Flores,75,"Editor, commissioning",business,2021-08-26,DE,medium,False,verified
C-2134,Theresa Davis,18,Human resources officer,business,2021-07-01,US,low,False,verified
C-2135,Joseph Fox,21,Rural practice surveyor,savings,2025-01-02,DE,medium,False,verified
C-2136,Frank Flores,73,"Editor, magazine features",business,2026-02-06,US,medium,False,verified
C-2137,Tony Khan,55,"Engineer, materials",savings,2020-11-13,US,low,False,verified
C-2138,Shawn Edwards,42,"Loss adjuster, chartered",business,2019-05-31,US,medium,False,verified
C-2139,Donald Gonzales,59,"Doctor, general practice",savings,2019-06-13,US,high,True,verified
C-2140,Virginia Molina,36,Exhibition designer,business,2023-03-25,US,low,False,verified
C-2141,Daniel Roberson,66,Dispensing optician,checking,2016-11-01,US,low,False,verified
C-2142,Toni Fernandez,73,"Engineer, broadcasting (operations)",savings,2016-08-18,PA,medium,True,verified
C-2143,Allison Harris,25,"Teacher, English as a foreign language",checking,2020-10-30,BZ,low,False,verified
C-2144,Cameron Chavez,48,Clinical molecular geneticist,business,2023-09-23,US,low,False,verified
C-2145,Barbara Oneal,69,"Research officer, political party",savings,2019-03-12,UK,low,False,verified
C-2146,Wendy Dennis,28,Commercial horticulturist,savings,2026-04-01,PA,low,False,verified
C-2147,Natasha Walker,66,Cabin crew,business,2019-11-01,IR,low,False,verified
C-2148,Desiree Mccoy,50,Scientific laboratory technician,checking,2023-04-15,US,low,False,verified
C-2149,Michael Mcclain,65,Arboriculturist,savings,2020-11-24,PA,medium,False,verified
C-2150,Rebecca Stewart,59,"Surveyor, insurance",checking,2023-03-06,US,low,True,verified
C-2151,Amanda Walters,60,Actuary,checking,2019-01-09,US,low,False,verified
C-2152,Shelby Robinson,71,"Engineer, building services",savings,2019-03-21,US,low,False,verified
C-2153,Robert Gross,53,Heritage manager,business,2017-11-18,CA,medium,False,verified
C-2154,Ann Black,52,"Engineer, site",checking,2016-08-05,US,low,False,verified
C-2155,Justin Clark,70,"Editor, magazine features",checking,2016-12-13,FR,high,False,verified
C-2156,Lisa Welch,49,Farm manager,checking,2022-12-10,UK,medium,False,verified
C-2157,Mr. Christopher Evans,23,Exhibition designer,savings,2025-04-25,FR,high,False,verified
C-2158,Katherine Mccoy,34,"Therapist, sports",checking,2020-02-19,US,low,False,verified
C-2159,Mr. Brian Ibarra,35,Holiday representative,checking,2020-10-04,US,medium,False,verified
C-2160,David Coleman,53,"Editor, commissioning",business,2021-03-18,US,medium,False,pending
C-2161,Brian Terry,43,"Conservation officer, historic buildings",savings,2024-04-20,US,low,False,verified
C-2162,Dr. John Jenkins,26,Farm manager,savings,2016-11-07,US,low,False,verified
C-2163,Daniel Rosales,69,Osteopath,checking,2017-03-04,US,low,False,verified
C-2164,Deborah Stewart,28,"Nurse, adult",savings,2024-08-27,US,low,False,verified
C-2165,Dean Brown,64,"Radiographer, diagnostic",business,2023-11-06,US,low,False,verified
C-2166,Robert Parker,44,Outdoor activities/education manager,savings,2018-10-11,US,low,False,verified
C-2167,Kimberly Chan,33,Clinical molecular geneticist,savings,2026-01-16,US,low,False,verified
C-2168,Erin Jacobs,26,Advertising account planner,checking,2026-01-25,US,high,False,verified
C-2169,James Deleon,74,"Lecturer, further education",savings,2025-09-08,FR,medium,False,verified
C-2170,Kristen Pena,30,"Scientist, physiological",business,2018-09-01,US,low,False,verified
C-2171,Victoria Massey,33,Occupational hygienist,savings,2025-02-28,PA,medium,False,verified
C-2172,Robert Lozano,26,Learning disability nurse,savings,2020-09-12,US,low,False,verified
C-2173,Danielle Smith,18,Advertising account planner,checking,2024-02-12,DE,low,False,verified
C-2174,Kathryn Moody,38,Archivist,checking,2018-02-18,US,low,False,verified
C-2175,David Barton,27,Firefighter,savings,2016-11-25,US,low,False,verified
C-2176,Robin Gray,78,Oncologist,checking,2017-11-16,US,low,False,verified
C-2177,Debra Miller,71,"Buyer, retail",savings,2021-08-10,CA,medium,False,verified
C-2178,Morgan Smith,35,Special educational needs teacher,savings,2022-08-12,UK,low,True,verified
C-2179,Noah Sparks,40,"Engineer, biomedical",checking,2024-11-17,US,low,False,verified
C-2180,Rachel Coleman,35,Advice worker,savings,2019-08-02,IR,low,False,verified
C-2181,Brett Costa,42,Technical author,savings,2021-04-12,US,high,False,verified
C-2182,Brandon Rasmussen,41,"Surveyor, mining",business,2019-05-08,CA,low,False,verified
C-2183,Michael Hunter,19,Museum/gallery exhibitions officer,savings,2016-09-25,US,low,False,verified
C-2184,James Watson MD,66,Clinical cytogeneticist,business,2021-02-01,FR,high,False,verified
C-2185,Allison Wise,58,Product manager,checking,2020-04-05,US,high,True,pending
C-2186,Maria Cook,39,Charity officer,savings,2017-07-08,US,low,False,verified
C-2187,Sean Burns,69,Fisheries officer,checking,2017-05-27,US,low,False,verified
C-2188,Ryan Mills,48,Tax adviser,business,2024-03-03,US,low,False,verified
C-2189,Johnny Jenkins,33,Leisure centre manager,business,2024-11-27,US,low,False,pending
C-2190,Michael George,75,"Accountant, chartered public finance",savings,2019-03-31,US,low,False,verified
C-2191,Justin Burns,22,Restaurant manager,savings,2019-09-11,SY,low,False,verified
C-2192,Erica Fletcher,31,"Scientist, audiological",checking,2022-02-10,CA,low,False,pending
C-2193,Morgan Morse,59,"Physicist, medical",business,2023-07-23,PA,medium,False,verified
C-2194,Peter Martin,23,Community development worker,checking,2018-03-24,US,medium,False,verified
C-2195,Wesley Williams,62,Photographer,checking,2021-07-07,US,low,False,verified
C-2196,Kelly Taylor,31,Sports development officer,checking,2020-09-29,US,medium,False,verified
C-2197,Bruce Forbes,62,Geoscientist,checking,2021-10-15,DE,high,False,verified
C-2198,Jacqueline Santos,80,Counsellor,business,2019-06-20,CA,low,False,verified
C-2199,Rebekah Crane,20,Meteorologist,business,2021-10-04,US,low,False,verified
C-2200,Joel Mayer,46,Control and instrumentation engineer,savings,2018-03-16,FR,low,True,verified
C-2201,Kara Stewart,66,Editorial assistant,checking,2018-01-25,US,medium,False,verified
C-2202,William Collins,18,Emergency planning/management officer,savings,2018-07-22,US,low,False,verified
C-2203,Jimmy Davis,66,Psychotherapist,savings,2022-07-05,US,low,False,verified
C-2204,Mark Ware,51,Location manager,business,2022-11-08,DE,low,False,pending
C-2205,Denise Hoover,28,Physiological scientist,business,2022-05-30,US,low,False,pending
C-2206,Marcus Powell,68,Forest/woodland manager,checking,2022-03-05,US,low,False,verified
C-2207,Christina Watkins,36,"Civil engineer, contracting",checking,2023-11-15,US,medium,False,verified
C-2208,Dennis Garcia,26,"Scientist, research (maths)",savings,2022-06-09,US,low,False,pending
C-2209,Erin Ingram,76,"Therapist, drama",business,2022-08-12,UK,low,False,verified
C-2210,Nancy Gilbert,32,Public librarian,savings,2018-08-28,US,low,False,verified
C-2211,David Robinson,53,Volunteer coordinator,savings,2018-01-11,US,low,False,verified
C-2212,Shannon Morris,29,Associate Professor,savings,2017-12-07,US,low,False,verified
C-2213,Jessica Ruiz,23,Immigration officer,business,2021-07-26,US,low,False,verified
C-2214,Justin Bennett,66,Musician,checking,2023-08-17,US,low,False,expired
C-2215,Ryan Stewart,18,Careers information officer,savings,2025-05-25,US,medium,False,verified
C-2216,Tina Dougherty,28,Health physicist,business,2023-09-05,US,medium,False,verified
C-2217,Kristina Henry,24,Fitness centre manager,checking,2023-06-02,IR,medium,False,verified
C-2218,Jessica Bailey,40,Agricultural consultant,checking,2025-03-24,US,low,False,pending
C-2219,Patricia Reed,34,Photographer,savings,2018-09-13,US,low,False,verified
C-2220,Yolanda Ayers,49,Museum/gallery exhibitions officer,business,2020-04-21,US,high,False,verified
C-2221,Whitney Gonzalez,68,Media planner,savings,2021-10-28,US,low,False,verified
C-2222,Eric Davis,21,"Merchandiser, retail",savings,2025-09-21,US,low,False,verified
C-2223,Alexis Nelson,64,Haematologist,business,2022-12-25,US,low,False,verified
C-2224,Zachary Padilla,69,Graphic designer,checking,2022-10-26,UK,low,False,verified
C-2225,Samantha Roy,28,Public affairs consultant,business,2026-07-15,US,low,True,verified
C-2226,Katherine Wells,31,Sports administrator,savings,2024-08-21,US,low,False,verified
C-2227,Allen Shannon,19,"Designer, ceramics/pottery",business,2023-08-15,US,medium,False,verified
C-2228,Samuel Miller,21,Communications engineer,checking,2017-02-14,US,medium,False,verified
C-2229,Amy Davis,53,Sport and exercise psychologist,business,2019-05-04,FR,medium,False,verified
C-2230,Mary Mclaughlin,48,Learning mentor,checking,2024-12-08,US,medium,False,verified
C-2231,Emily Fletcher,22,Theatre director,checking,2023-10-14,US,low,False,verified
C-2232,Adrian Beck,36,Pension scheme manager,business,2024-12-10,US,low,False,verified
C-2233,Ana Bryan,28,Retail banker,savings,2018-01-14,US,low,False,verified
C-2234,Christopher Williams,24,Transport planner,checking,2018-07-20,US,high,False,verified
C-2235,Carrie Francis,80,"Accountant, chartered certified",business,2019-09-04,US,low,False,verified
C-2236,Autumn Owens,20,Chartered legal executive (England and Wales),savings,2022-03-24,US,low,False,verified
C-2237,Brian Davis,36,Chartered legal executive (England and Wales),savings,2018-06-03,US,high,False,verified
C-2238,Tracy Wang,44,Administrator,checking,2018-09-27,UK,medium,False,pending
C-2239,Brad Ramsey,19,Fine artist,savings,2019-08-23,US,medium,False,verified
C-2240,Terri Hancock,80,Consulting civil engineer,checking,2019-09-02,US,low,False,verified
C-2241,Dustin Ramirez,39,Systems analyst,savings,2019-09-20,US,low,False,expired
C-2242,Cole Stephenson,31,"Editor, film/video",savings,2026-05-11,FR,high,False,verified
C-2243,Jeffrey Davis,74,Marine scientist,business,2022-05-08,US,low,False,verified
C-2244,Martin Cole,63,"Doctor, hospital",business,2016-12-06,US,low,False,verified
C-2245,Janice Medina,80,"Engineer, materials",savings,2026-07-03,UK,low,False,verified
C-2246,Matthew Fleming,59,Homeopath,checking,2018-08-21,US,high,True,verified
C-2247,Kathy Gallegos,76,Geophysical data processor,business,2017-06-21,PA,medium,False,pending
C-2248,Deanna Mcdonald,50,Ambulance person,checking,2025-10-13,US,medium,False,verified
C-2249,Lynn Alvarez,31,"Psychologist, sport and exercise",savings,2022-06-07,US,high,True,verified
C-2250,James Chapman,26,Analytical chemist,business,2019-10-15,US,low,True,verified
C-2251,Ian Santana,49,"Designer, interior/spatial",checking,2020-10-11,US,medium,False,verified
C-2252,Matthew Garcia,74,Materials engineer,business,2019-08-17,US,low,False,verified
C-2253,Cody Johnson,22,Warehouse manager,checking,2021-02-16,US,low,False,verified
C-2254,Jessica Ross,36,Financial planner,savings,2019-02-02,US,low,False,verified
C-2255,George Gregory,44,Hydrologist,savings,2016-12-18,US,low,False,pending
C-2256,Cynthia Donovan,33,"Runner, broadcasting/film/video",checking,2017-08-22,US,low,False,verified
C-2257,Derrick Ray,72,"Therapist, horticultural",business,2016-11-06,FR,low,False,verified
C-2258,Tammy Tanner,58,"Scientist, research (physical sciences)",savings,2018-07-19,US,medium,False,verified
C-2259,Nicole Anderson,68,"Lecturer, further education",business,2024-06-13,US,low,False,verified
C-2260,Brandon Mcguire,19,Counsellor,savings,2024-07-30,CA,high,False,verified
C-2261,Christopher Smith,43,Data scientist,business,2018-07-27,US,low,False,verified
C-2262,Eric Lopez,78,"Engineer, electronics",business,2020-12-05,CA,low,False,verified
C-2263,Brittany Peters,70,Minerals surveyor,checking,2016-08-12,FR,low,False,verified
C-2264,Brett Pierce,53,"Nurse, mental health",business,2023-07-21,US,high,False,expired
C-2265,Mary Guerra,79,Financial manager,savings,2024-03-12,US,low,False,verified
C-2266,Carl Hines,67,Contracting civil engineer,savings,2020-07-24,SY,low,False,verified
C-2267,Douglas Leonard,51,Photographer,savings,2022-07-14,US,low,False,verified
C-2268,Hannah Santiago,60,Theatre director,checking,2016-10-31,US,low,False,verified
C-2269,Cassandra Young,54,Medical illustrator,business,2019-12-18,US,medium,False,verified
C-2270,Lisa Walton,46,Careers adviser,checking,2023-01-08,CA,low,False,verified
C-2271,Cole Clark,54,"Presenter, broadcasting",checking,2017-06-29,US,medium,False,verified
C-2272,Christopher Hernandez,51,Insurance risk surveyor,checking,2020-06-07,US,low,False,verified
C-2273,Amanda Mullen,54,"Pharmacist, community",savings,2018-05-11,US,low,False,verified
C-2274,Joseph Rodriguez,74,Charity fundraiser,savings,2020-01-10,BS,low,False,verified
C-2275,Mary Sullivan,67,"Administrator, charities/voluntary organisations",checking,2018-03-04,DE,low,False,pending
C-2276,Jonathon Parks,48,"Administrator, arts",savings,2021-06-04,KY,low,False,verified
C-2277,Jennifer Wise,29,Immunologist,business,2020-10-24,US,low,False,expired
C-2278,Audrey Roman,38,"Production designer, theatre/television/film",business,2021-08-02,DE,low,False,verified
C-2279,Michelle Richard,75,Medical sales representative,business,2017-09-05,US,medium,False,expired
C-2280,Jeff Malone,79,Cartographer,checking,2018-01-25,US,medium,False,verified
C-2281,Timothy Lawrence,53,"Engineer, civil (consulting)",savings,2021-09-17,US,low,False,verified
C-2282,Shelby Graham,23,"Psychologist, forensic",business,2019-05-20,CA,low,False,verified
C-2283,John Richardson,48,Tour manager,checking,2023-06-06,UK,low,False,verified
C-2284,George Phillips,38,Aeronautical engineer,business,2021-12-28,US,low,False,verified
C-2285,Howard Smith,43,"Journalist, broadcasting",business,2019-07-17,US,low,False,verified
C-2286,Brian Dennis,75,Ship broker,savings,2023-12-14,US,medium,False,verified
C-2287,Bradley Davis,60,Dance movement psychotherapist,business,2022-11-23,US,low,False,verified
C-2288,Donald Bonilla,80,Waste management officer,checking,2019-01-02,UK,low,False,verified
C-2289,Sandy Oconnor,70,"Scientist, research (physical sciences)",savings,2022-04-03,US,low,False,verified
C-2290,Gabriel Johnson,58,Transport planner,business,2026-05-02,US,low,False,verified
C-2291,Sonia Reyes,51,Careers information officer,savings,2019-12-10,US,medium,False,verified
C-2292,Elizabeth Morales,41,Educational psychologist,savings,2026-01-25,US,low,False,verified
C-2293,Matthew Andrade,43,Police officer,savings,2026-03-20,US,low,False,verified
C-2294,Laura Cooley,44,Warden/ranger,business,2021-09-14,US,low,False,verified
C-2295,Dana Lindsey,49,Minerals surveyor,business,2022-04-19,US,low,False,verified
C-2296,Timothy Hill,77,Electronics engineer,business,2019-05-02,US,low,False,verified
C-2297,Lindsey Browning,34,Higher education careers adviser,savings,2019-04-17,US,high,False,verified
C-2298,Albert Perry,38,"Conservation officer, nature",checking,2019-04-24,VG,medium,False,verified
C-2299,Richard Reid,77,Chief Strategy Officer,savings,2018-10-11,US,low,False,expired
C-2300,Frederick Brown,23,Holiday representative,business,2023-11-05,US,low,False,verified
C-2301,Julia Fisher,80,"Therapist, nutritional",business,2019-11-07,US,low,False,verified
C-2302,Timothy Smith,31,"Librarian, public",checking,2019-10-05,US,low,False,verified
C-2303,Brittany Dickerson,28,Research scientist (physical sciences),business,2018-09-02,FR,low,False,verified
C-2304,Megan Scott,24,Amenity horticulturist,checking,2023-03-04,KY,low,False,verified
C-2305,Angela Tucker,43,Location manager,checking,2017-05-24,DE,low,False,pending
C-2306,Kendra Torres,28,International aid/development worker,savings,2021-01-29,US,low,False,verified
C-2307,Christopher Richards,55,Management consultant,business,2022-03-19,US,medium,False,verified
C-2308,Phillip Potter,52,Herpetologist,checking,2022-02-16,US,medium,False,verified
C-2309,David Morse Jr.,45,Training and development officer,savings,2026-01-20,US,medium,False,verified
C-2310,James Lewis,61,Clinical psychologist,checking,2022-04-09,US,low,False,verified
C-2311,Christopher Waters,62,Oncologist,business,2022-01-24,US,low,False,verified
C-2312,Daniel Lester,62,Health promotion specialist,savings,2019-10-04,US,low,False,verified
C-2313,Brian Dyer,27,"Investment banker, corporate",savings,2021-08-02,US,low,True,verified
C-2314,Courtney Powell,58,"Psychologist, forensic",checking,2019-06-05,UK,low,False,expired
C-2315,Brooke Marks,39,Office manager,business,2019-06-13,US,high,False,verified
C-2316,Felicia Marshall,51,Drilling engineer,business,2023-05-26,US,medium,False,expired
C-2317,Kevin Barnes,80,Personal assistant,checking,2020-08-31,CA,medium,False,verified
C-2318,Lisa Taylor,57,Water quality scientist,business,2021-08-06,US,low,False,verified
C-2319,Kenneth Ortiz,20,Advice worker,checking,2019-10-25,CA,medium,False,verified
C-2320,Keith Kennedy,64,"Chemist, analytical",business,2026-01-31,DE,medium,False,pending
C-2321,Kyle Clarke,56,Neurosurgeon,checking,2022-01-31,US,medium,False,verified
C-2322,Sarah Martin,46,"Merchandiser, retail",business,2023-10-18,UK,low,False,verified
C-2323,John Marquez,46,"Engineer, communications",savings,2019-10-16,US,low,False,verified
C-2324,Steven Clark,30,"Psychologist, clinical",business,2021-02-26,US,medium,False,verified
C-2325,Jill Allen,67,"Editor, film/video",savings,2026-04-17,US,high,False,verified
C-2326,Ashley Munoz,49,Learning disability nurse,checking,2025-04-14,US,low,False,verified
C-2327,Danielle Bowen,72,Building control surveyor,savings,2016-08-19,US,medium,False,verified
C-2328,Michael Camacho,20,"Psychotherapist, dance movement",business,2025-03-09,IR,low,False,verified
C-2329,Jason Green,68,Soil scientist,savings,2017-10-09,US,low,False,verified
C-2330,Maria Ferguson,42,Aeronautical engineer,checking,2020-12-12,US,medium,False,verified
C-2331,Amy Cain,28,Archaeologist,checking,2020-03-13,US,medium,False,verified
C-2332,Kayla Banks,29,Phytotherapist,business,2024-06-09,US,low,False,verified
C-2333,Ryan Chang,33,TEFL teacher,business,2024-02-06,US,high,False,verified
C-2334,Christopher Gutierrez,71,"Librarian, academic",savings,2017-12-25,US,medium,False,pending
C-2335,John Baker,28,Landscape architect,checking,2022-12-26,US,low,False,verified
C-2336,Steven Vasquez,77,Financial risk analyst,checking,2024-02-19,US,low,False,verified
C-2337,Michael Rivera,55,"Production designer, theatre/television/film",savings,2023-07-24,US,medium,False,verified
C-2338,Linda Juarez,73,Data scientist,business,2021-10-13,US,low,False,verified
C-2339,Spencer Elliott,79,"Horticulturist, amenity",checking,2019-08-19,US,high,False,verified
C-2340,Latoya Torres,36,Printmaker,checking,2023-04-19,US,low,False,verified
C-2341,Robert Anderson,22,Translator,savings,2019-06-27,UK,high,False,verified
C-2342,Mark Johnson,39,"Engineer, mining",business,2022-05-25,DE,low,False,verified
C-2343,Adam Diaz,23,Rural practice surveyor,checking,2024-01-08,US,low,False,verified
C-2344,Jennifer Montgomery MD,29,Local government officer,checking,2023-01-01,DE,low,False,verified
C-2345,Kathryn Mills,69,Multimedia specialist,checking,2025-03-21,US,low,False,verified
C-2346,Mr. Joseph Thompson,27,Museum education officer,business,2016-09-14,BZ,medium,False,verified
C-2347,Gloria Parker,40,Environmental manager,savings,2018-01-24,US,low,False,pending
C-2348,Monica Wilson,21,"Engineer, chemical",business,2020-02-17,UK,medium,False,verified
C-2349,Thomas Escobar,72,"Scientist, research (physical sciences)",business,2025-07-18,FR,low,False,verified
C-2350,Heidi Johnson,53,Child psychotherapist,checking,2026-01-31,CA,low,False,verified
C-2351,Denise Nixon,66,Soil scientist,checking,2025-04-16,US,low,False,verified
C-2352,Amy Knight,50,Firefighter,checking,2019-01-04,CA,high,False,verified
C-2353,Catherine Mayer,45,Financial risk analyst,checking,2018-11-06,US,medium,False,verified
C-2354,Cassandra Krause,26,Geographical information systems officer,checking,2022-01-31,US,high,False,pending
C-2355,Colton Rivas,19,Bonds trader,savings,2025-08-17,KP,high,True,verified
C-2356,Eric Clark,32,Financial planner,business,2022-06-03,CA,low,False,pending
C-2357,Julie Herrera,73,Arts development officer,checking,2019-10-02,CA,low,True,verified
C-2358,Christina Wilson,58,Charity officer,checking,2021-04-28,US,low,False,verified
C-2359,Kevin George,51,Hydrologist,business,2022-04-04,FR,low,False,expired
C-2360,Shannon Rodriguez,72,Probation officer,business,2024-05-03,US,high,False,verified
C-2361,Robert Mendez,36,"Programmer, multimedia",business,2026-06-27,US,low,False,verified
C-2362,Jason Nelson,63,"Editor, commissioning",savings,2019-11-07,SY,high,False,pending
C-2363,Mr. Matthew Baker,70,Ship broker,savings,2019-01-20,UK,medium,False,verified
C-2364,Justin Parker,26,Printmaker,savings,2017-09-05,CA,low,False,verified
C-2365,Catherine Smith,21,Sales executive,checking,2021-04-08,US,medium,False,verified
C-2366,Austin Reynolds,31,Industrial buyer,business,2017-07-05,US,low,False,verified
C-2367,Grace Mcdaniel,63,"Education officer, museum",savings,2018-07-02,US,low,False,verified
C-2368,David Parker,34,Industrial/product designer,business,2019-10-07,US,high,False,verified
C-2369,Ashley Evans,54,Travel agency manager,savings,2018-09-01,CA,low,False,verified
C-2370,Erica Lee,60,Occupational hygienist,business,2024-06-03,US,low,False,verified
C-2371,Lisa Moore,79,"Scientist, clinical (histocompatibility and immunogenetics)",savings,2026-05-18,US,low,False,verified
C-2372,Rachel Chan,63,Geophysical data processor,business,2018-11-07,DE,low,False,verified
C-2373,Timothy Davenport,29,Metallurgist,savings,2018-01-05,CA,low,False,verified
C-2374,Hector Mcgee,79,"Production assistant, television",savings,2019-08-24,US,medium,False,verified
C-2375,Pamela Smith,33,Operations geologist,business,2017-02-12,US,low,False,verified
C-2376,Matthew Taylor,33,"Programmer, multimedia",business,2024-03-27,US,medium,False,verified
C-2377,Michael Clark,49,Furniture conservator/restorer,business,2019-07-06,FR,low,False,verified
C-2378,Frank Gibbs,36,"Journalist, magazine",savings,2022-02-22,DE,high,False,verified
C-2379,Rebecca Williamson,64,Printmaker,savings,2025-02-16,FR,low,False,verified
C-2380,David Nguyen,54,Quantity surveyor,savings,2025-12-24,US,low,False,verified
C-2381,Tiffany Arroyo,76,Newspaper journalist,checking,2023-06-11,US,medium,False,verified
C-2382,Katelyn Ramirez,78,Training and development officer,business,2022-06-05,US,high,False,verified
C-2383,Anthony Cooper,41,Soil scientist,checking,2020-04-04,US,medium,False,verified
C-2384,Ashley Taylor,20,"Buyer, retail",checking,2019-10-23,DE,medium,False,verified
C-2385,Jennifer Hernandez,50,Dentist,business,2022-06-18,US,low,False,verified
C-2386,Kristina Gonzales,40,Land,savings,2022-04-17,US,low,False,pending
C-2387,Debbie Schmidt,35,"Horticulturist, amenity",checking,2023-06-17,US,low,False,verified
C-2388,Randy Harrell,22,Interior and spatial designer,checking,2026-02-19,US,medium,False,verified
C-2389,Raymond Burgess,27,"Engineer, site",business,2018-05-28,US,low,False,verified
C-2390,Joel Cook,23,Futures trader,checking,2019-02-12,US,low,False,verified
C-2391,Allison Wilson,70,Paediatric nurse,savings,2020-11-02,US,high,False,expired
C-2392,Rebecca Decker,49,Best boy,savings,2025-09-11,UK,low,False,verified
C-2393,Alexis Kim,25,Ambulance person,savings,2026-03-01,US,low,False,pending
C-2394,Erin Ryan,60,Heritage manager,savings,2022-04-24,US,low,False,verified
C-2395,Morgan Cunningham,43,"Surveyor, insurance",savings,2024-05-15,UK,low,False,verified
C-2396,Rebecca Mathis,64,Chartered loss adjuster,checking,2022-04-21,US,low,False,verified
C-2397,Matthew Lee,57,"Buyer, industrial",business,2024-03-27,US,medium,True,verified
C-2398,Donald Hayes,52,"Designer, blown glass/stained glass",savings,2023-01-26,US,low,False,verified
C-2399,Matthew Morgan,24,"Secretary, company",savings,2024-05-17,US,medium,False,verified
C-2400,Tiffany Preston,61,Operational investment banker,checking,2022-04-24,FR,low,False,verified
C-2401,Ronald Smith,27,Equality and diversity officer,business,2019-10-15,MM,low,False,verified
C-2402,Scott Silva,41,"Journalist, newspaper",checking,2021-11-20,US,medium,False,verified
C-2403,Christina Underwood,31,Marine scientist,business,2025-07-01,US,low,False,verified
C-2404,Laura Lopez,67,Data scientist,savings,2018-08-17,US,low,False,verified
C-2405,Alexander Guzman,53,Archaeologist,checking,2024-05-11,DE,low,False,verified
C-2406,Tina Murphy,34,International aid/development worker,savings,2025-11-06,CA,medium,False,verified
C-2407,Christina Martin,41,Geoscientist,business,2018-11-23,US,low,False,verified
C-2408,Patricia Johnson,21,Printmaker,checking,2017-10-17,US,medium,False,verified
C-2409,Allison Dillon,26,"Engineer, manufacturing",savings,2020-05-14,US,medium,False,pending
C-2410,James Harris,78,Museum/gallery conservator,savings,2022-06-20,UK,medium,False,verified
C-2411,Wayne Hunter,21,Technical sales engineer,savings,2023-10-23,DE,low,False,pending
C-2412,Peter Martinez,75,Records manager,checking,2023-12-21,US,low,False,verified
C-2413,Zachary Perry,45,"Engineer, materials",savings,2026-06-01,US,high,False,verified
C-2414,Heather Scott,18,Clinical research associate,savings,2026-01-05,CA,low,False,verified
C-2415,James Fisher,31,Chiropodist,savings,2020-02-10,US,medium,False,verified
C-2416,Sara Hamilton,35,Hydrologist,savings,2018-11-09,DE,low,False,verified
C-2417,Marie Patrick,64,Public affairs consultant,business,2016-09-20,US,low,False,verified
C-2418,Monica Merritt,63,Armed forces technical officer,savings,2017-12-21,PA,low,False,verified
C-2419,Justin Anderson,47,"Designer, furniture",business,2017-12-19,US,low,False,verified
C-2420,Andrew Carlson,51,"Engineer, manufacturing systems",checking,2025-03-24,US,low,False,verified
C-2421,Jacqueline Perry,54,"Designer, industrial/product",checking,2020-10-03,UK,low,False,verified
C-2422,Joseph Hernandez,45,"Education officer, community",business,2020-03-19,US,low,True,verified
C-2423,Rachel Johnson,60,"Engineer, electronics",savings,2019-08-17,US,low,False,verified
C-2424,Susan Baker,74,IT sales professional,checking,2016-11-06,US,low,False,verified
C-2425,Allen Ruiz,26,Cytogeneticist,business,2025-09-13,UK,medium,True,verified
C-2426,James George,24,"Scientist, water quality",checking,2018-04-06,FR,high,False,verified
C-2427,Gregory Walker,55,Personnel officer,checking,2026-06-12,UK,low,False,verified
C-2428,John Lucero,52,Software engineer,business,2020-12-19,US,low,False,verified
C-2429,Rhonda Smith,38,Publishing copy,savings,2021-04-05,US,low,False,verified
C-2430,Bethany Douglas,56,Medical secretary,business,2026-02-18,CA,low,False,verified
C-2431,Anne Vasquez,43,"Teacher, English as a foreign language",business,2018-07-12,US,low,False,verified
C-2432,Carlos Dunlap,46,Equality and diversity officer,business,2023-02-27,UK,low,False,verified
C-2433,Michelle Campbell,76,Volunteer coordinator,checking,2017-08-13,US,high,False,verified
C-2434,Cody Hopkins,35,Land/geomatics surveyor,savings,2023-09-02,US,low,False,verified
C-2435,Kevin Black,79,"Geologist, engineering",business,2024-02-29,CA,low,False,verified
C-2436,Javier Stanley,46,TEFL teacher,savings,2023-12-06,PA,low,False,verified
C-2437,Nicole Marsh,79,Art therapist,business,2024-07-04,US,low,False,verified
C-2438,Alexis Walters,24,Field seismologist,savings,2018-03-08,US,low,False,verified
C-2439,Kenneth Webb,60,Local government officer,business,2018-06-10,US,low,False,pending
C-2440,Tricia Sullivan,61,"Engineer, site",business,2021-02-04,US,medium,False,verified
C-2441,Jeremiah Mcgee,75,"Scientist, audiological",savings,2025-10-20,US,low,False,verified
C-2442,Steven Scott,55,Ranger/warden,checking,2024-04-14,US,high,False,verified
C-2443,Brent Chase,77,"Scientist, physiological",checking,2019-03-12,PA,medium,False,verified
C-2444,Jessica Johnson,74,Speech and language therapist,checking,2017-10-29,US,low,False,verified
C-2445,Jim Rodriguez,77,Statistician,savings,2023-09-10,US,low,False,verified
C-2446,Gregory Chavez,38,Surgeon,checking,2026-05-29,US,low,False,verified
C-2447,Sean Wagner,37,Occupational therapist,business,2024-10-06,DE,low,False,verified
C-2448,Kayla Thomas,49,Environmental education officer,business,2024-04-28,US,medium,False,verified
C-2449,Patrick Fox,50,"Designer, blown glass/stained glass",savings,2022-03-12,US,low,False,verified
C-2450,Amber Patel,21,"Solicitor, Scotland",checking,2018-11-13,US,low,False,verified
C-2451,Kiara Brooks,45,Chiropodist,savings,2023-05-15,FR,low,True,verified
C-2452,Shannon Perez,36,"Designer, blown glass/stained glass",business,2021-12-21,US,medium,False,verified
C-2453,Jessica Harris,67,Artist,checking,2026-02-26,US,low,False,verified
C-2454,Elizabeth Santana,58,"Pharmacist, community",savings,2025-07-02,US,medium,False,verified
C-2455,Chad Hurley,33,Academic librarian,business,2017-04-24,FR,low,False,verified
C-2456,Mary Clark,22,Video editor,checking,2022-07-03,US,low,False,verified
C-2457,Paul Taylor,40,Quarry manager,business,2024-10-15,VG,medium,False,verified
C-2458,Renee Tapia,50,Financial manager,business,2020-06-23,US,high,False,verified
C-2459,Jason Vargas,32,Fish farm manager,business,2024-11-27,US,low,False,expired
C-2460,Victor Hill,66,Operational investment banker,business,2017-10-19,US,low,False,verified
C-2461,Terry Hernandez,22,"Producer, radio",savings,2017-12-27,US,high,False,verified
C-2462,Garrett Walsh,66,"Scientist, research (life sciences)",business,2019-09-04,US,low,False,verified
C-2463,Mark Ruiz,31,Primary school teacher,checking,2019-07-21,DE,medium,False,verified
C-2464,Patrick Gibson,38,Building services engineer,business,2025-05-14,DE,low,False,verified
C-2465,Michelle Hutchinson,41,Architect,checking,2020-05-18,US,medium,False,verified
C-2466,Ashley Owens,59,Textile designer,savings,2018-04-01,US,medium,False,verified
C-2467,Sharon Freeman,22,"Horticulturist, amenity",checking,2018-10-23,US,medium,False,pending
C-2468,Zachary Morrison,26,Tour manager,business,2025-03-20,US,low,False,verified
C-2469,Samuel Simpson,79,Podiatrist,business,2020-10-12,US,low,False,verified
C-2470,Sharon Ramirez,46,Health and safety adviser,checking,2025-08-11,CA,low,False,verified
C-2471,Erin Estrada,76,Food technologist,checking,2026-05-25,DE,low,False,verified
C-2472,Brian Shaffer,76,Financial manager,savings,2022-06-03,US,low,False,verified
C-2473,Jeffrey Baker,50,Ranger/warden,checking,2022-03-04,US,low,False,verified
C-2474,Jamie Stone,80,Museum/gallery exhibitions officer,checking,2016-12-25,US,medium,True,verified
C-2475,Ryan Day,61,Chief Technology Officer,checking,2022-04-27,CA,high,False,pending
C-2476,Phillip Ward,22,Trade mark attorney,checking,2020-10-12,US,low,False,verified
C-2477,Patrick Reed,53,Printmaker,checking,2025-02-01,US,low,False,verified
C-2478,Kelly Bentley,55,Podiatrist,checking,2023-04-04,US,low,False,verified
C-2479,Keith Johnson,59,Land/geomatics surveyor,business,2017-07-20,US,low,False,verified
C-2480,Rebecca Daniel,36,Forensic scientist,checking,2020-02-24,US,high,False,verified
C-2481,Heather Sheppard,45,Health and safety inspector,checking,2021-01-09,US,low,False,verified
C-2482,Jimmy Ritter,77,General practice doctor,checking,2024-04-01,CA,low,False,verified
C-2483,Justin Boyer,19,IT technical support officer,business,2023-12-21,US,low,False,verified
C-2484,Priscilla Jackson,69,Restaurant manager,business,2025-02-17,DE,low,False,verified
C-2485,Luis Singh,74,Estate agent,checking,2019-09-24,US,medium,False,verified
C-2486,Thomas Davis,21,"Optician, dispensing",savings,2019-09-11,US,low,False,verified
C-2487,Cody Reyes III,77,"Radiographer, diagnostic",business,2020-01-26,DE,low,False,verified
C-2488,Stephanie Fischer,66,Dispensing optician,checking,2019-10-17,CA,low,False,verified
C-2489,Kevin Stout,66,"Surveyor, minerals",checking,2019-07-12,US,low,False,verified
C-2490,Cassandra Montgomery,24,Call centre manager,savings,2018-07-20,CA,low,False,verified
C-2491,Kyle Mcdowell,58,Ophthalmologist,checking,2025-02-01,FR,high,True,pending
C-2492,Gerald Gomez,55,Contracting civil engineer,business,2025-10-11,US,high,False,verified
C-2493,Tyler Olsen,23,Hospital doctor,savings,2022-09-12,US,low,False,verified
C-2494,Erica Walker,35,Architect,checking,2019-01-09,US,low,False,verified
C-2495,Willie Johnson,45,Environmental manager,savings,2024-11-23,US,low,False,verified
C-2496,Mrs. Courtney Wong,65,"Engineer, technical sales",checking,2018-01-07,DE,low,False,verified
C-2497,Vincent Mathews,52,Radiation protection practitioner,savings,2024-12-10,US,low,False,verified
C-2498,Juan Carroll,78,Passenger transport manager,business,2018-06-04,MM,low,False,verified
C-2499,Jennifer Johnston,74,Naval architect,checking,2024-01-13,US,low,False,pending
C-2500,Vicki Lara,45,General practice doctor,checking,2020-11-16,US,low,False,verified
C-2501,Timothy Young,72,"Sound technician, broadcasting/film/video",savings,2020-02-19,US,low,False,verified
C-2502,Brandy Heath,52,Fine artist,business,2024-07-09,US,medium,False,verified
C-2503,Anne Lowery,75,"Runner, broadcasting/film/video",checking,2023-08-25,US,medium,False,verified
C-2504,Ashley Mckenzie,19,Estate agent,savings,2023-10-07,US,medium,False,verified
C-2505,Maria Spencer,40,Environmental manager,business,2021-03-20,CA,low,False,verified
C-2506,Amy Montgomery,70,Research scientist (medical),savings,2022-06-23,KP,low,False,verified
C-2507,Zachary Johnson,52,"Production assistant, radio",business,2022-02-26,US,medium,False,verified
C-2508,Gregory Dillon,18,Data scientist,savings,2017-03-14,US,medium,False,verified
C-2509,Troy Hill,63,Forensic psychologist,checking,2026-01-14,US,low,False,verified
C-2510,Michelle Henry,29,Contracting civil engineer,checking,2026-06-05,UK,low,False,pending
C-2511,Jesse Ryan,70,Industrial buyer,business,2019-11-14,FR,low,False,verified
C-2512,Sherri Shah,31,Cytogeneticist,checking,2024-03-24,UK,medium,False,verified
C-2513,Laurie Huffman,56,Travel agency manager,savings,2017-02-03,US,low,False,verified
C-2514,Laurie Hampton,65,Building services engineer,checking,2022-09-14,US,medium,False,verified
C-2515,Monica Oconnor,27,Fish farm manager,business,2026-05-13,US,low,False,expired
C-2516,Wanda Houston,24,Air traffic controller,checking,2023-01-22,US,medium,False,verified
C-2517,Bryan Davis DVM,73,"Teacher, secondary school",business,2023-07-29,DE,high,False,pending
C-2518,Renee James,26,Public relations account executive,savings,2017-12-12,US,medium,False,verified
C-2519,Brendan Kelly,54,Planning and development surveyor,savings,2025-05-10,CA,low,False,verified
C-2520,Mr. James Perez DVM,76,Ceramics designer,savings,2019-12-17,US,high,False,expired
C-2521,Kelly Smith,63,Trading standards officer,business,2017-03-04,US,low,False,verified
C-2522,Melanie Davis,32,Accommodation manager,savings,2026-03-15,US,medium,True,verified
C-2523,Abigail Cruz,25,Air broker,savings,2024-07-25,US,high,False,verified
C-2524,Jade Jones,61,Drilling engineer,checking,2018-06-13,US,medium,False,verified
C-2525,Catherine Robinson,42,Location manager,savings,2017-07-14,US,low,False,verified
C-2526,Brittney Brooks,59,"Editor, film/video",savings,2025-06-24,US,low,False,verified
C-2527,Sheryl Thompson,68,Database administrator,business,2024-09-15,US,low,False,verified
C-2528,Marco Mcconnell,68,Community arts worker,savings,2024-08-20,US,low,False,verified
C-2529,Eddie Bailey,43,Education administrator,savings,2022-06-19,US,low,False,verified
C-2530,Brett Lee,22,"Designer, fashion/clothing",checking,2026-07-16,US,low,False,verified
C-2531,Teresa Mcfarland,23,Sports therapist,savings,2024-11-18,US,low,False,pending
C-2532,Terry Barnett,63,Brewing technologist,savings,2019-12-12,FR,high,True,verified
C-2533,David Roth,70,Emergency planning/management officer,business,2024-07-03,US,low,False,verified
C-2534,Anthony Haas,53,Quantity surveyor,savings,2024-09-03,US,low,False,verified
C-2535,Michelle Combs,54,Child psychotherapist,business,2025-01-15,CA,low,False,verified
C-2536,Matthew Buck,52,"Surveyor, quantity",checking,2022-04-25,US,low,False,verified
C-2537,Jennifer Payne,61,"Engineer, control and instrumentation",business,2019-05-23,UK,low,False,verified
C-2538,Phillip Carter,45,Physiological scientist,savings,2020-08-09,US,low,False,verified
C-2539,John Henry,56,IT technical support officer,savings,2022-03-06,US,low,False,verified
C-2540,Elizabeth Gay,79,Holiday representative,business,2024-04-09,US,low,False,verified
C-2541,Kelsey Williams,23,Chartered public finance accountant,business,2019-08-20,US,medium,False,expired
C-2542,Stephanie Daniels,78,Interior and spatial designer,savings,2023-12-16,US,medium,False,verified
C-2543,Amber Turner,36,Emergency planning/management officer,business,2020-01-30,UK,low,False,verified
C-2544,Samantha Sutton,24,Politician's assistant,business,2023-12-13,US,low,False,verified
C-2545,Cassandra Wood,55,Armed forces operational officer,checking,2025-09-02,FR,high,False,verified
C-2546,Travis Stafford,55,IT consultant,savings,2017-04-17,CA,low,False,verified
C-2547,Daniel Bowman,41,"Administrator, local government",checking,2017-01-06,US,high,False,verified
C-2548,Steven Wilson,71,Horticultural therapist,savings,2016-08-11,US,low,False,verified
C-2549,Robert Guerra,73,"Editor, film/video",checking,2026-06-08,US,low,True,verified
C-2550,Jacqueline Monroe,43,Armed forces operational officer,savings,2018-02-14,US,high,False,verified
C-2551,Lisa Scott,70,"Pharmacist, hospital",savings,2023-05-15,US,low,False,expired
C-2552,Stephanie Collins,57,Government social research officer,checking,2020-08-27,US,medium,False,verified
C-2553,Rodney Bennett,59,Energy manager,business,2024-09-24,US,low,False,verified
C-2554,Kyle Sims MD,44,"Production assistant, radio",savings,2017-11-07,DE,low,False,pending
C-2555,Andrea Wilson,22,"Designer, interior/spatial",savings,2025-08-02,US,medium,False,verified
C-2556,Clifford Murphy DVM,54,Furniture conservator/restorer,checking,2026-02-12,US,high,False,verified
C-2557,Melissa Mitchell,60,Historic buildings inspector/conservation officer,savings,2019-05-31,PA,low,False,verified
C-2558,Ashley Wilson,70,"Engineer, drilling",checking,2026-01-25,US,low,False,verified
C-2559,Kathleen Martinez,45,Animal technologist,business,2021-04-03,US,low,True,pending
C-2560,Darryl Whitaker,54,Educational psychologist,checking,2017-05-26,FR,low,False,verified
C-2561,Andrea Graham,51,Metallurgist,checking,2020-12-11,US,low,False,verified
C-2562,Kyle Williams,56,Retail manager,checking,2024-03-26,US,low,False,verified
C-2563,Daniel Stewart,68,"Teacher, adult education",business,2016-09-14,PA,low,False,verified
C-2564,Scott King,23,Economist,savings,2020-01-24,US,high,False,verified
C-2565,Mathew Myers,40,"Designer, ceramics/pottery",business,2026-01-12,FR,low,False,verified
C-2566,Courtney Burton,31,Legal executive,business,2023-02-22,UK,low,False,verified
C-2567,Seth Jones,76,Financial trader,savings,2022-07-31,US,low,False,verified
C-2568,Christopher Payne,45,"Investment banker, corporate",checking,2017-02-17,US,low,False,expired
C-2569,Jennifer Ferguson,50,Water engineer,savings,2023-10-08,FR,low,False,verified
C-2570,Erica Johnson,69,Civil Service administrator,business,2023-05-29,DE,high,False,pending
C-2571,Aaron Brown,21,Naval architect,checking,2024-04-02,US,medium,False,verified
C-2572,Danny Fuller,39,"Surveyor, rural practice",checking,2022-01-08,US,low,False,verified
C-2573,Roger Alvarez,18,"Teacher, music",business,2023-01-05,US,low,False,pending
C-2574,Luis Cole,58,Field seismologist,business,2023-05-24,US,low,True,expired
C-2575,Haley Travis,23,"Programme researcher, broadcasting/film/video",savings,2021-05-10,UK,low,False,verified
C-2576,Jordan Suarez,69,Environmental manager,checking,2018-01-03,US,medium,False,verified
C-2577,Carrie Coffey,19,Furniture designer,checking,2025-05-20,US,medium,False,verified
C-2578,Alex Trujillo,23,Cytogeneticist,business,2016-12-27,US,low,True,verified
C-2579,Shawn Christian,38,Operational investment banker,business,2017-10-24,CA,low,False,verified
C-2580,Christine Sullivan,62,Pensions consultant,savings,2021-03-03,US,low,False,verified
C-2581,Tristan Ford,40,Leisure centre manager,business,2019-10-28,US,low,False,verified
C-2582,Nathaniel Harris,36,"Engineer, water",savings,2023-09-10,US,high,False,verified
C-2583,Tiffany Daniel,47,Water engineer,business,2020-03-13,US,low,False,verified
C-2584,Scott Conner,76,Minerals surveyor,savings,2023-01-02,US,low,False,verified
C-2585,Charles Rodriguez,57,Production manager,savings,2019-07-27,BZ,high,False,verified
C-2586,Patricia Hanson,40,Arts development officer,savings,2018-07-23,US,high,False,verified
C-2587,Steve Keller,52,"Scientist, forensic",checking,2020-11-18,US,low,False,pending
C-2588,Allison Clark,57,Tax inspector,savings,2023-03-27,US,high,False,verified
C-2589,Paul Elliott,39,"Designer, furniture",savings,2022-12-23,DE,low,False,verified
C-2590,Rebecca Hernandez,54,Investment analyst,savings,2021-04-01,US,low,False,verified
C-2591,Bianca Velazquez,52,Interpreter,checking,2022-09-01,US,medium,False,verified
C-2592,Kerry Fuller,50,Animal technologist,checking,2023-04-30,BS,low,False,verified
C-2593,Angelica Smith,36,Astronomer,checking,2019-11-18,DE,low,False,verified
C-2594,Timothy Kelly,49,Dentist,checking,2026-02-22,DE,low,False,verified
C-2595,Austin Hanson,58,Interpreter,checking,2022-05-26,US,medium,False,verified
C-2596,Karen Padilla,75,Horticultural consultant,checking,2019-08-06,US,low,False,verified
C-2597,Caitlin Gilmore,60,"Development worker, community",business,2020-09-18,CA,medium,False,verified
C-2598,Lisa Moore,22,Sub,savings,2022-11-07,FR,medium,True,verified
C-2599,Diana Charles,20,Fisheries officer,checking,2026-04-29,US,low,False,pending
C-2600,Bridget Wallace,33,Archaeologist,savings,2017-12-02,US,low,False,verified
C-2601,James Jackson,26,Advertising account planner,business,2022-06-05,US,high,False,verified
C-2602,Heidi Alexander DDS,74,Product/process development scientist,business,2025-07-03,US,low,False,verified
C-2603,Theresa Knight,55,"Librarian, academic",business,2026-06-11,US,low,False,verified
C-2604,Andrea Taylor,33,Hydrologist,checking,2023-05-04,BS,low,False,verified
C-2605,Ashley Donovan,40,"Engineer, chemical",business,2026-03-07,US,low,False,expired
C-2606,Michael Rush,26,Charity officer,savings,2020-02-10,US,high,False,verified
C-2607,Mrs. Lisa Garza,66,"Doctor, general practice",business,2020-03-20,US,low,False,verified
C-2608,Jose Hendrix,56,Aeronautical engineer,business,2021-06-17,CA,low,False,pending
C-2609,Amber Allen,76,Information officer,checking,2019-03-13,US,medium,False,verified
C-2610,Gail Nelson DVM,50,Proofreader,checking,2023-02-27,US,low,False,verified
C-2611,Andre Wiggins,47,Administrator,business,2023-11-29,UK,high,False,verified
C-2612,James Conway,63,Museum/gallery conservator,savings,2020-06-12,US,medium,False,pending
C-2613,Debra Brooks,62,Medical technical officer,business,2024-08-05,US,medium,False,pending
C-2614,Rachel Russell,55,"Lighting technician, broadcasting/film/video",checking,2017-11-20,US,medium,False,verified
C-2615,Dennis Lee,60,Herbalist,savings,2019-03-26,US,high,False,verified
C-2616,Tamara Miller,29,"Investment banker, operational",business,2025-03-06,US,low,False,verified
C-2617,Allison Anderson,78,Clinical biochemist,savings,2018-12-29,US,low,False,verified
C-2618,Austin Armstrong,77,Fast food restaurant manager,business,2024-05-09,FR,medium,False,verified
C-2619,Alexandra Smith,61,Licensed conveyancer,savings,2025-04-07,US,medium,False,verified
C-2620,Brooke Sims,35,Psychiatrist,business,2022-11-16,BS,low,False,verified
C-2621,Maurice Salazar,72,Banker,savings,2023-08-10,US,low,False,verified
C-2622,Paul Miller,66,"Chemist, analytical",savings,2023-09-30,DE,low,False,verified
C-2623,Jeffrey Jennings,18,"Engineer, materials",business,2017-01-23,US,high,False,verified
C-2624,Frank Moreno,46,Publishing copy,checking,2024-09-27,US,low,False,verified
C-2625,Kathleen Mccarthy,67,"Psychotherapist, child",savings,2019-06-12,US,low,False,expired
C-2626,Sharon Brown,70,Electrical engineer,business,2021-08-22,UK,high,False,verified
C-2627,William Baker,28,Special effects artist,business,2022-04-27,US,medium,False,verified
C-2628,Caleb Gill,71,Emergency planning/management officer,business,2018-06-08,US,low,False,verified
C-2629,Willie Martin,23,"Therapist, drama",savings,2019-07-13,US,high,False,verified
C-2630,Martin Robinson,74,Fitness centre manager,checking,2024-10-22,US,high,False,pending
C-2631,Kerry Pena,74,Food technologist,savings,2019-05-19,IR,low,False,pending
C-2632,Antonio Snyder,41,Best boy,checking,2022-10-06,UK,low,False,verified
C-2633,Angela Duran,20,Product designer,checking,2016-09-06,US,high,False,verified
C-2634,Anita Chapman,54,Medical illustrator,checking,2023-07-19,FR,low,False,verified
C-2635,Tina Carroll,72,"Investment banker, operational",savings,2021-01-26,CA,low,False,verified
C-2636,Karen Porter,34,Records manager,savings,2019-09-13,BZ,medium,False,pending
C-2637,Mrs. Laurie Williams MD,53,"Psychologist, occupational",business,2025-05-13,US,low,False,verified
C-2638,Robert Landry,79,Operational researcher,savings,2021-03-14,US,low,False,expired
C-2639,Jodi Thomas,77,Musician,checking,2020-10-04,US,low,False,verified
C-2640,Charles Stewart,54,Database administrator,business,2020-07-23,US,low,False,verified
C-2641,Rick Stanley,64,Drilling engineer,checking,2018-01-27,US,high,False,verified
C-2642,Claire Smith,33,Public house manager,savings,2018-01-23,US,low,False,pending
C-2643,Alex Myers,63,Immunologist,checking,2024-11-11,US,medium,False,verified
C-2644,Diamond Lee,47,Training and development officer,business,2023-10-20,US,low,False,verified
C-2645,Travis Moore,43,Best boy,business,2020-02-05,US,medium,False,expired
C-2646,Troy Mccarthy,41,Translator,savings,2019-06-16,US,low,False,expired
C-2647,Tony Lara,64,Pension scheme manager,business,2021-06-20,FR,medium,False,verified
C-2648,Lynn Morgan,26,Insurance risk surveyor,savings,2023-05-28,US,low,False,verified
C-2649,Bryan Anderson,77,Herbalist,business,2019-12-23,US,high,False,verified
C-2650,Michael Anderson,56,Systems analyst,savings,2026-04-08,US,low,False,verified
C-2651,Jeremy Butler,29,"Engineer, manufacturing systems",savings,2026-01-04,US,medium,False,verified
C-2652,Susan Orr,67,Publishing copy,business,2024-06-07,FR,low,False,verified
C-2653,Laura Rivera,60,"Engineer, broadcasting (operations)",checking,2025-08-01,UK,low,False,verified
C-2654,Rachael Armstrong,70,Estate manager/land agent,savings,2023-08-24,US,low,False,verified
C-2655,Robin Wright,44,"Surveyor, quantity",savings,2021-04-06,US,low,False,verified
C-2656,Jorge Davis,59,Data scientist,business,2022-10-20,US,medium,False,verified
C-2657,John Morrison,25,Geographical information systems officer,savings,2017-03-26,US,low,False,verified
C-2658,Corey Carrillo,28,Customer service manager,savings,2020-03-14,US,low,False,verified
C-2659,Kara Walker,75,"Accountant, chartered certified",business,2019-11-02,US,medium,False,verified
C-2660,Karen Thomas,49,Government social research officer,savings,2026-02-17,US,low,False,verified
C-2661,Mr. Stephen Gonzalez,44,Emergency planning/management officer,checking,2026-02-21,US,medium,False,verified
C-2662,Barbara Quinn,54,"Engineer, broadcasting (operations)",checking,2021-10-19,US,low,False,verified
C-2663,Danielle Bennett,76,"Administrator, arts",savings,2019-07-19,US,low,True,verified
C-2664,Edward Johnson,70,"Pharmacist, community",checking,2017-05-08,US,high,False,pending
C-2665,Theodore Hernandez,60,Museum/gallery exhibitions officer,savings,2022-02-12,US,low,False,verified
C-2666,Olivia Rodriguez,22,Graphic designer,checking,2021-02-14,US,low,False,verified
C-2667,Lawrence Mitchell,56,Theatre director,checking,2017-11-06,DE,low,False,verified
C-2668,Becky Parrish,51,Sub,business,2021-05-02,US,low,False,verified
C-2669,Ronnie Brooks,42,Agricultural engineer,business,2022-11-08,US,low,False,verified
C-2670,Jennifer Nguyen,19,Animal nutritionist,business,2023-01-01,US,low,False,verified
C-2671,Peter Williams,64,Sales promotion account executive,checking,2017-02-14,US,high,False,verified
C-2672,Bonnie Brown,27,Broadcast journalist,savings,2017-12-18,US,low,False,verified
C-2673,Christopher Reeves,56,Chief Executive Officer,business,2024-02-10,DE,low,False,verified
C-2674,Gina Gutierrez,32,Building control surveyor,savings,2021-06-27,US,low,False,verified
C-2675,Kelly May,76,Occupational hygienist,savings,2023-07-06,US,low,False,verified
C-2676,Ann Clark,25,"Designer, interior/spatial",business,2017-09-19,US,medium,False,verified
C-2677,Debbie Allen,25,"Surveyor, insurance",savings,2016-10-21,US,low,False,verified
C-2678,Melissa Mendoza,79,Archivist,business,2018-10-03,US,low,False,verified
C-2679,Christian Harrell,71,"Restaurant manager, fast food",business,2019-10-04,UK,low,False,verified
C-2680,Mark Foster,48,"Sales professional, IT",savings,2024-03-21,US,low,False,verified
C-2681,Michael Terry MD,80,Architect,savings,2018-07-26,BS,low,False,verified
C-2682,Dave Henry,36,Magazine journalist,checking,2023-08-01,US,high,False,expired
C-2683,Isabel Roach,60,"Development worker, international aid",business,2020-07-14,US,low,False,verified
C-2684,Adam Burton,29,Writer,business,2019-05-19,US,high,False,verified
C-2685,Kayla Moore,75,"Engineer, drilling",business,2024-02-08,US,medium,False,verified
C-2686,Craig Hurst,35,"Nurse, learning disability",checking,2017-10-03,UK,low,False,verified
C-2687,Allen Morrison,38,Science writer,savings,2024-04-06,DE,medium,False,verified
C-2688,Brian Hughes,18,Clinical biochemist,business,2023-12-29,US,low,False,verified
C-2689,Christina Hudson,36,Hydrogeologist,business,2024-11-22,US,low,False,verified
C-2690,Stacie Meyers,38,Media planner,business,2021-03-15,US,low,False,verified
C-2691,Crystal Zamora,77,Forensic psychologist,business,2018-09-24,FR,low,False,verified
C-2692,Adam Gallegos,54,"Lecturer, further education",business,2018-08-17,US,low,False,verified
C-2693,Jasmine Murphy,42,"Nurse, adult",business,2022-08-01,US,high,False,verified
C-2694,John Hoffman,21,Higher education lecturer,checking,2024-07-07,US,medium,False,verified
C-2695,Teresa Jones,60,Clinical biochemist,savings,2025-05-29,KP,low,False,verified
C-2696,Lisa Vincent,22,Graphic designer,savings,2025-11-12,CA,low,False,verified
C-2697,James Carroll,54,"Designer, jewellery",business,2017-07-15,US,low,True,pending
C-2698,Matthew Maddox,45,Microbiologist,checking,2017-04-28,US,medium,False,verified
C-2699,Alex Townsend,59,Communications engineer,checking,2019-08-02,US,low,True,pending
C-2700,Timothy Clay,48,"Engineer, energy",business,2017-10-07,US,low,False,verified
C-2701,Tiffany Mcguire,61,Publishing copy,business,2018-04-23,US,high,False,verified
C-2702,Nathaniel Gibson,42,TEFL teacher,checking,2023-07-07,UK,low,True,verified
C-2703,Alexander Hart,25,Biomedical scientist,savings,2023-11-17,US,low,False,verified
C-2704,Austin Gregory,49,Air traffic controller,checking,2016-12-07,US,low,False,verified
C-2705,John Thompson,63,"Administrator, Civil Service",savings,2022-05-01,US,low,False,verified
C-2706,Arthur Hammond,60,Health visitor,checking,2023-08-31,US,low,False,verified
C-2707,Christina Adams,23,Glass blower/designer,checking,2026-03-13,US,medium,False,verified
C-2708,Michael Patrick,39,Armed forces operational officer,savings,2025-04-19,US,low,False,verified
C-2709,Jessica Crane,55,Records manager,business,2024-06-26,DE,low,False,verified
C-2710,Natalie Mitchell,25,Chartered management accountant,business,2022-07-18,CA,low,False,verified
C-2711,John Martin,21,Meteorologist,business,2023-10-29,US,low,False,verified
C-2712,Erica Fowler,51,Optometrist,savings,2018-04-21,US,low,False,verified
C-2713,John Reed,57,"Horticulturist, commercial",checking,2018-01-15,DE,high,False,verified
C-2714,Stacy Lowe,40,Orthoptist,checking,2020-03-02,US,low,False,verified
C-2715,Lance Dyer,78,Learning mentor,checking,2025-10-23,US,medium,False,verified
C-2716,Joanne Ryan,43,"Development worker, international aid",business,2025-06-18,UK,high,False,verified
C-2717,Thomas Mcgrath,46,Dance movement psychotherapist,checking,2022-07-21,DE,low,False,verified
C-2718,Sandra Moore,61,"Teacher, secondary school",business,2017-12-16,FR,low,False,verified
C-2719,Christine Steele,26,Ceramics designer,business,2024-10-19,US,medium,False,verified
C-2720,Wanda Stephens,74,"Scientist, product/process development",business,2017-08-08,US,low,False,verified
C-2721,Timothy Ortega,75,"Development worker, international aid",business,2023-12-18,PA,low,False,verified
C-2722,Rachel Burns,48,"Journalist, magazine",checking,2023-11-19,US,low,False,verified
C-2723,Kimberly Foster,48,"Nurse, learning disability",business,2018-10-03,FR,low,False,verified
C-2724,Jason Walton,54,Claims inspector/assessor,checking,2018-10-27,US,medium,False,verified
C-2725,Brittney Benson,70,Emergency planning/management officer,savings,2023-09-23,US,low,False,verified
C-2726,Tracy Marsh,73,Research scientist (life sciences),checking,2018-01-03,CA,low,False,verified
C-2727,Travis Allen,55,"Optician, dispensing",checking,2019-08-05,US,low,False,pending
C-2728,Mark Lynn,23,"Engineer, aeronautical",business,2016-10-18,KP,low,False,verified
C-2729,Bryan Lopez,34,Building surveyor,business,2017-03-26,US,low,False,verified
C-2730,Bryan Duffy,21,Operational researcher,savings,2016-09-01,DE,low,False,verified
C-2731,Grace Brooks,33,Industrial buyer,savings,2020-11-06,CA,low,False,verified
C-2732,Karen Mendez,32,Architectural technologist,business,2023-05-10,DE,low,False,verified
C-2733,Kathryn Bell,52,Freight forwarder,savings,2023-07-28,US,low,False,expired
C-2734,Janet Ryan,75,Chief Technology Officer,savings,2020-10-16,US,low,False,verified
C-2735,Shirley Avery,59,Recycling officer,savings,2026-07-06,US,low,False,verified
C-2736,Victor Blake,30,Chartered legal executive (England and Wales),savings,2021-04-24,FR,low,False,verified
C-2737,Angela Ramsey,71,Chief Marketing Officer,checking,2021-02-09,DE,high,False,verified
C-2738,Dana Riggs,39,Animal nutritionist,savings,2019-10-17,US,low,False,verified
C-2739,Michele Hayes,26,Visual merchandiser,business,2020-09-01,US,high,False,verified
C-2740,Carl Huffman,43,Air broker,business,2025-12-02,CA,high,False,verified
C-2741,Jonathan Ford,34,Systems analyst,checking,2020-06-12,DE,low,False,verified
C-2742,Martha Williams,41,Textile designer,savings,2017-09-27,US,low,False,verified
C-2743,Carrie Hayes,38,"Designer, textile",savings,2016-12-17,US,medium,False,verified
C-2744,Jessica Mcdaniel,78,Camera operator,savings,2018-07-22,US,high,False,verified
C-2745,Mr. Reginald Roman,19,"Editor, commissioning",savings,2024-04-15,FR,low,False,verified
C-2746,Clayton Peterson,47,Television production assistant,savings,2025-01-07,US,high,False,verified
C-2747,Jeremy Haynes,63,Commercial art gallery manager,savings,2017-07-30,US,high,False,verified
C-2748,Patrick Potts,70,"Surveyor, quantity",business,2016-10-19,US,low,False,verified
C-2749,Robert Jordan DDS,79,"Merchandiser, retail",savings,2022-11-30,US,medium,False,verified
C-2750,John Ramirez,44,"Surveyor, hydrographic",savings,2023-08-02,US,low,False,pending
C-2751,Brandon Rich,41,Materials engineer,business,2021-04-23,CA,low,False,pending
C-2752,Dana Reilly,39,"Copywriter, advertising",business,2017-10-10,CA,medium,False,verified
C-2753,Kelly Ortega,55,Product designer,business,2023-03-01,US,low,False,verified
C-2754,Kristin Woods,64,Electrical engineer,business,2022-05-21,US,low,False,verified
C-2755,Andrew Harris,78,Hydrologist,savings,2017-11-23,DE,medium,False,verified
C-2756,Alexandra Brown,79,"Administrator, charities/voluntary organisations",business,2017-09-09,US,low,False,expired
C-2757,Lauren Smith,65,"Copywriter, advertising",business,2019-10-05,US,low,False,pending
C-2758,John Lewis,73,Public relations officer,checking,2021-05-07,UK,low,True,verified
C-2759,Christopher Tran,55,Special educational needs teacher,business,2025-02-24,DE,low,False,verified
C-2760,Michael Hodge,29,Dance movement psychotherapist,savings,2025-03-05,US,low,False,verified
C-2761,Jose Archer,47,Systems developer,savings,2018-03-18,FR,low,False,verified
C-2762,Jennifer Garrett,42,Equality and diversity officer,business,2024-11-04,CA,low,False,verified
C-2763,Paul Williams,30,IT sales professional,savings,2024-05-15,US,medium,True,verified
C-2764,Michael Galvan,36,"Nurse, adult",checking,2021-01-23,BS,low,False,verified
C-2765,Courtney Solomon,56,Quality manager,business,2022-09-18,US,high,True,verified
C-2766,Stacy Lucas,41,"Designer, industrial/product",business,2018-12-23,US,low,False,verified
C-2767,Kathleen Jones,61,Tourism officer,checking,2016-11-14,UK,low,False,pending
C-2768,Bradley Snow,31,Dancer,savings,2024-04-17,US,high,False,verified
C-2769,Donald Campbell,76,Licensed conveyancer,checking,2019-08-07,DE,low,False,verified
C-2770,Erin Parker,23,"Psychotherapist, dance movement",checking,2021-09-05,US,low,False,verified
C-2771,Seth Barker,54,"Surveyor, minerals",business,2025-10-19,CA,high,False,verified
C-2772,Mary Berry,79,"Psychotherapist, child",checking,2019-12-08,UK,low,False,verified
C-2773,Vanessa Patel,33,Warehouse manager,checking,2022-11-17,US,low,False,verified
C-2774,Derrick Nelson,79,Homeopath,savings,2022-07-05,CA,low,False,verified
C-2775,Timothy Nguyen,60,Film/video editor,business,2022-03-23,FR,low,False,verified
C-2776,Eric Petersen,20,"Scientist, marine",savings,2023-04-29,DE,low,False,verified
C-2777,Kyle Santiago,59,Emergency planning/management officer,savings,2024-03-31,US,low,False,pending
C-2778,Brenda Carrillo,36,Hotel manager,business,2018-06-18,CA,low,False,verified
C-2779,Michelle Tran,52,"Engineer, energy",checking,2024-07-18,US,low,False,verified
C-2780,Carrie Hardy,25,"Horticulturist, amenity",business,2022-12-13,US,low,False,verified
C-2781,Richard Greer,71,"Education officer, museum",business,2025-06-09,FR,low,False,verified
C-2782,Jaime Myers,49,Geoscientist,checking,2025-11-21,US,low,False,verified
C-2783,Glenn Scott,79,Building surveyor,checking,2019-02-02,US,low,False,verified
C-2784,Robin Riggs,25,"Accountant, chartered certified",business,2017-03-25,US,low,False,verified
C-2785,Dawn Simpson,63,Statistician,checking,2022-05-26,CA,medium,False,verified
C-2786,Keith Gonzalez,20,Arts development officer,checking,2026-05-19,US,low,False,verified
C-2787,Katherine Rodriguez,78,Press sub,business,2020-06-07,UK,high,False,verified
C-2788,Christopher Ward,73,Audiological scientist,business,2016-12-21,US,low,False,verified
C-2789,Brian Nichols,51,Conference centre manager,savings,2024-05-27,US,low,False,verified
C-2790,Melissa Harris,32,Tax adviser,checking,2017-02-28,US,low,True,verified
C-2791,William Ball,40,Higher education careers adviser,savings,2020-11-11,CA,medium,False,verified
C-2792,Luke Duncan,18,"Geologist, engineering",checking,2025-11-04,US,low,False,verified
C-2793,David Johnson,53,Television/film/video producer,business,2019-09-24,DE,low,False,verified
C-2794,Robert Bryan,57,"Engineer, electronics",savings,2021-12-24,US,low,False,verified
C-2795,Christopher Duncan,62,Visual merchandiser,checking,2026-05-09,US,low,False,verified
C-2796,John Davis,53,Optometrist,savings,2018-10-10,DE,medium,False,verified
C-2797,Christopher Thompson,48,English as a second language teacher,checking,2019-05-11,US,high,False,verified
C-2798,Michael Graham,66,Tourism officer,checking,2025-01-22,UK,low,False,verified
C-2799,David Boone,24,Osteopath,savings,2023-09-09,BZ,high,False,verified
C-2800,Patrick Cruz,32,Volunteer coordinator,business,2024-01-27,US,low,False,verified
C-2801,Phillip Harris,29,Regulatory affairs officer,checking,2020-12-06,US,medium,False,verified
C-2802,Gloria Smith,66,"Runner, broadcasting/film/video",business,2022-09-20,US,high,True,pending
C-2803,Lisa Watson,59,Careers adviser,savings,2022-07-29,US,low,False,verified
C-2804,Jamie French,75,"Engineer, maintenance (IT)",business,2018-09-29,US,low,False,verified
C-2805,Donald Espinoza,47,Exercise physiologist,business,2020-05-11,DE,low,False,verified
C-2806,Toni Parks,55,"Surveyor, quantity",checking,2019-01-02,US,low,False,verified
C-2807,Jodi Mcbride,49,Neurosurgeon,savings,2022-04-13,US,medium,True,verified
C-2808,Alex Graham,42,Product designer,checking,2025-08-28,US,low,False,verified
C-2809,David Perez,40,Medical technical officer,business,2025-09-06,US,medium,False,verified
C-2810,Christopher Robinson,75,Textile designer,savings,2023-01-06,FR,low,False,verified
C-2811,Rhonda Singleton,65,Museum/gallery curator,checking,2020-03-17,US,medium,False,verified
C-2812,Ann Moon,27,Chief Executive Officer,business,2022-09-20,US,low,False,expired
C-2813,Danielle Fox,43,Freight forwarder,checking,2021-02-04,UK,low,True,verified
C-2814,Scott Ramirez,49,Electronics engineer,checking,2018-11-08,US,low,False,verified
C-2815,Joseph Hall,79,Chief Executive Officer,business,2022-10-10,FR,low,False,verified
C-2816,Rachel Wiggins,33,"Editor, commissioning",checking,2019-06-12,FR,medium,False,verified
C-2817,Jay Jackson,52,Adult guidance worker,business,2024-08-22,DE,low,False,verified
C-2818,Micheal Jones,38,Chiropractor,savings,2019-04-03,US,medium,False,verified
C-2819,Kimberly Maxwell,38,Surgeon,savings,2024-03-04,US,low,False,verified
C-2820,Brittany Frederick,20,Financial trader,checking,2024-06-07,VG,low,False,pending
C-2821,Christopher Nelson,52,Advertising art director,checking,2021-07-28,US,low,False,verified
C-2822,Jennifer Jackson,30,"Psychotherapist, child",business,2018-02-14,US,medium,False,verified
C-2823,Scott Flowers,57,"Teacher, secondary school",business,2024-05-24,US,medium,False,verified
C-2824,Jesse Mckinney,80,Fish farm manager,savings,2018-03-09,UK,low,False,verified
C-2825,Amanda Mcgrath,31,Copy,savings,2016-07-27,US,low,False,verified
C-2826,Robert Byrd,73,Nutritional therapist,business,2022-01-25,US,low,False,pending
C-2827,Stacy Owens,53,"Scientist, product/process development",checking,2020-02-07,US,medium,False,verified
C-2828,Michelle Curry,54,Food technologist,savings,2021-10-19,US,low,False,verified
C-2829,Jonathan Porter,28,Animator,checking,2018-08-19,US,medium,False,verified
C-2830,Holly Evans,74,Trade mark attorney,business,2025-08-09,US,low,False,pending
C-2831,Elijah Johnson,56,"Radiographer, therapeutic",savings,2018-07-20,FR,low,False,verified
C-2832,Jeffrey Little,43,Data processing manager,checking,2021-01-23,US,low,False,verified
C-2833,Olivia Taylor,76,Immigration officer,checking,2020-07-11,US,low,False,verified
C-2834,Steven Mckee,29,Forensic psychologist,savings,2021-06-07,US,low,True,verified
C-2835,John Khan,19,"Psychologist, educational",checking,2017-11-13,US,low,False,verified
C-2836,Danielle Thomas,38,Chiropractor,checking,2019-07-09,US,low,False,verified
C-2837,John Hughes,38,Police officer,savings,2017-05-06,UK,low,False,verified
C-2838,Roberto Arnold,28,Architect,business,2025-11-26,US,medium,False,verified
C-2839,Karen Gomez,60,"Engineer, biomedical",savings,2019-09-01,US,high,False,verified
C-2840,Alexandra Garcia,67,"Surveyor, planning and development",business,2019-04-05,US,low,False,verified
C-2841,Daniel Meyer,52,Aeronautical engineer,business,2021-01-17,US,low,False,verified
C-2842,Louis Reed,28,"Journalist, newspaper",savings,2019-05-31,US,low,False,verified
C-2843,Jose Martinez,38,Primary school teacher,savings,2024-02-24,US,low,False,verified
C-2844,Jose Estrada,21,Sports therapist,checking,2023-11-07,US,high,False,verified
C-2845,Andrea Donaldson,34,Multimedia programmer,checking,2019-11-13,US,low,False,verified
C-2846,Monique Reid,27,Cytogeneticist,checking,2017-12-26,US,low,False,verified
C-2847,Anna Reyes,68,"Nurse, mental health",checking,2018-10-07,US,low,False,verified
C-2848,Adam Anderson,36,Personal assistant,business,2022-04-04,US,low,False,verified
C-2849,Roger Hernandez,25,Sports development officer,business,2022-03-31,US,low,False,verified
C-2850,Christine Ritter MD,59,Applications developer,business,2019-03-21,US,high,False,verified
C-2851,Mr. John Zavala,52,"Research officer, political party",savings,2017-09-15,US,medium,False,verified
C-2852,Robin Cooper,30,Microbiologist,savings,2025-01-26,CA,low,False,verified
C-2853,Deanna Hansen,25,Lawyer,checking,2022-11-17,US,low,False,verified
C-2854,Christopher Fleming,48,Theme park manager,business,2021-10-06,DE,low,False,verified
C-2855,Kirk Mosley,30,Equities trader,checking,2024-09-17,US,low,False,verified
C-2856,Dillon Case,77,Hydrologist,savings,2021-07-21,US,low,False,pending
C-2857,Jennifer Crane,43,Hydrologist,savings,2024-07-31,FR,low,False,verified
C-2858,Roger Peters,75,English as a foreign language teacher,checking,2025-05-16,US,low,False,verified
C-2859,Taylor Howe,52,Special effects artist,business,2021-08-15,US,low,False,verified
C-2860,James Knight,61,Hydrographic surveyor,business,2017-05-17,US,low,False,verified
C-2861,John Hebert,36,Brewing technologist,checking,2024-04-24,US,low,False,verified
C-2862,Amy Sullivan,66,Podiatrist,business,2018-02-07,US,low,False,verified
C-2863,Andre Pace,41,Commissioning editor,checking,2019-08-24,CA,low,False,verified
C-2864,Dr. Timothy Sanders,65,"Engineer, site",savings,2020-08-13,US,medium,False,verified
C-2865,Donna Bishop,56,"Development worker, international aid",business,2019-12-04,US,medium,False,verified
C-2866,Linda Castaneda,52,Chiropractor,savings,2017-05-20,US,low,False,verified
C-2867,Alejandra Fernandez,39,"Research officer, government",business,2025-07-13,UK,low,False,verified
C-2868,Rebecca Terry,68,"Designer, blown glass/stained glass",savings,2026-06-26,US,low,False,verified
C-2869,Christopher Anderson,29,Medical technical officer,business,2023-05-09,US,low,True,verified
C-2870,Melissa Wade,25,Chartered loss adjuster,savings,2016-12-19,US,low,False,expired
C-2871,Erin Williams,78,Television floor manager,checking,2017-05-21,US,low,False,verified
C-2872,Aaron Nielsen,46,"Doctor, hospital",checking,2025-07-14,US,low,False,verified
C-2873,Katherine Adams,55,"Horticulturist, amenity",savings,2022-09-20,US,low,False,verified
C-2874,Sandra Mitchell,52,Bookseller,savings,2021-03-09,US,medium,False,verified
C-2875,Brooke Parsons,61,"Scientist, biomedical",checking,2017-07-11,US,low,False,verified
C-2876,Melissa Johnson,79,Lexicographer,business,2023-03-20,DE,low,False,verified
C-2877,Rhonda Howard,33,Sales executive,business,2019-08-18,CA,low,False,verified
C-2878,Robin Butler,72,Farm manager,business,2024-07-04,US,medium,True,verified
C-2879,Mary Clark,63,"Psychologist, clinical",checking,2018-01-19,US,low,False,verified
C-2880,Bobby Matthews,42,Commercial/residential surveyor,checking,2018-01-15,US,low,False,verified
C-2881,Mrs. Miranda Campbell MD,43,IT consultant,business,2022-05-11,US,low,False,verified
C-2882,Jessica Martinez,52,Sub,checking,2023-11-10,US,high,False,verified
C-2883,Michael Huang,79,Analytical chemist,checking,2020-03-16,US,low,False,verified
C-2884,Gregory Williams,33,Forensic psychologist,business,2020-06-17,US,low,False,verified
C-2885,Julie Levy,36,Jewellery designer,savings,2021-01-22,US,low,False,verified
C-2886,Nichole Zimmerman,48,International aid/development worker,checking,2026-02-22,CA,low,True,verified
C-2887,Shawna White,59,"Development worker, international aid",checking,2026-02-09,KP,low,False,verified
C-2888,John Mcneil,69,Data scientist,checking,2016-12-25,CA,low,False,verified
C-2889,Jose Simpson,57,Health physicist,business,2025-08-21,UK,low,False,verified
C-2890,Jennifer Townsend,70,Media planner,business,2023-09-05,DE,high,False,verified
C-2891,Jacqueline Smith,60,Radiation protection practitioner,business,2024-04-12,US,low,False,expired
C-2892,Christina Hernandez,44,Risk analyst,savings,2019-04-19,US,low,False,verified
C-2893,Joseph Garza,61,Veterinary surgeon,checking,2018-07-13,UK,low,False,verified
C-2894,Monique Williams,77,"Therapist, art",savings,2022-01-13,US,low,False,verified
C-2895,Nicole Williams,66,Learning mentor,business,2016-09-28,US,medium,False,verified
C-2896,Traci Brown,52,Pensions consultant,checking,2025-11-08,US,high,False,verified
C-2897,Lisa Hall,40,International aid/development worker,savings,2024-11-29,US,medium,False,verified
C-2898,Dennis Snow,47,Arboriculturist,savings,2024-09-24,US,medium,False,verified
C-2899,Lauren Foster,45,"Accountant, chartered management",business,2021-11-14,DE,high,False,verified
C-2900,Trevor Cole,70,Occupational psychologist,checking,2016-08-02,US,medium,False,verified
C-2901,Billy Pratt,66,Social worker,business,2024-09-16,FR,high,False,verified
C-2902,Jennifer Shaw,40,Information officer,business,2024-04-02,US,low,False,verified
C-2903,Kathleen Carpenter,71,"Social research officer, government",checking,2023-03-06,US,low,False,verified
C-2904,Brian Young,40,Neurosurgeon,savings,2022-03-04,US,low,False,verified
C-2905,Joshua Gonzalez,43,"Pilot, airline",savings,2017-05-12,US,low,False,pending
C-2906,Theresa Smith,72,"Conservation officer, nature",savings,2025-11-16,US,medium,False,verified
C-2907,Caroline Carter,26,Furniture designer,savings,2020-09-20,US,low,False,verified
C-2908,Christina Martin,71,Chief Strategy Officer,business,2024-03-19,US,low,False,verified
C-2909,Zachary Holt,59,Broadcast presenter,savings,2017-04-29,US,low,False,verified
C-2910,Bryan Giles,35,Film/video editor,business,2017-03-23,UK,high,True,verified
C-2911,Olivia Nelson,42,Editorial assistant,checking,2017-09-12,US,medium,False,verified
C-2912,Bryan Miranda,49,Social researcher,checking,2021-03-20,CA,medium,False,verified
C-2913,Michael Ramirez,24,Charity officer,savings,2020-02-16,US,low,False,verified
C-2914,Christopher Drake,24,Sports administrator,business,2026-01-05,FR,low,False,verified
C-2915,Susan Oliver,59,Chartered legal executive (England and Wales),savings,2026-06-27,US,low,False,verified
C-2916,Glenn Boyd,33,Social researcher,checking,2018-07-04,US,medium,False,verified
C-2917,Nicole Bell MD,79,Neurosurgeon,business,2024-06-28,US,low,True,verified
C-2918,Robert Parsons,24,Operational researcher,checking,2018-09-08,US,low,False,verified
C-2919,Mark Ayala,31,Broadcast engineer,business,2026-04-29,US,low,False,verified
C-2920,Sandra Peck,23,"Research officer, trade union",savings,2022-02-20,US,low,False,verified
C-2921,Frank Wood,22,Architectural technologist,business,2016-12-04,US,low,False,verified
C-2922,Kenneth Smith,77,Microbiologist,business,2023-01-19,US,medium,False,verified
C-2923,Ryan Montes,53,"Psychologist, educational",savings,2017-06-01,US,low,True,verified
C-2924,Linda Hoffman,80,Commercial horticulturist,savings,2022-06-29,DE,medium,False,verified
C-2925,Juan Arnold,27,"Librarian, public",savings,2017-10-05,US,low,True,verified
C-2926,Rachel Little,27,Financial trader,business,2019-09-07,DE,high,False,verified
C-2927,Elaine Trevino,46,Automotive engineer,checking,2025-12-15,FR,medium,False,verified
C-2928,Yvette Dominguez,58,Museum education officer,checking,2026-07-23,US,low,False,verified
C-2929,Samuel Zavala,56,Set designer,checking,2020-03-14,US,medium,True,pending
C-2930,Dr. Jason Johnson IV,70,Electrical engineer,business,2023-09-07,CA,low,False,verified
C-2931,Tara Morrison,54,Chiropodist,business,2020-03-10,US,low,False,verified
C-2932,Dennis Cook,45,Community pharmacist,business,2018-05-23,US,medium,False,verified
C-2933,Robert Hall,34,Health and safety inspector,checking,2019-09-05,US,low,False,pending
C-2934,Nicole Durham,47,Cartographer,checking,2024-09-05,US,high,False,verified
C-2935,Laura Vaughn,19,Human resources officer,business,2025-08-17,FR,medium,False,verified
C-2936,Ashlee Powell,49,Architect,checking,2019-09-07,UK,low,False,verified
C-2937,Anna Cook,54,Associate Professor,business,2017-12-07,FR,medium,False,verified
C-2938,Tony Smith,79,Publishing rights manager,business,2016-12-27,US,low,False,verified
C-2939,Jennifer Rodriguez,50,"Designer, interior/spatial",checking,2022-06-22,DE,low,False,verified
C-2940,Rebecca Miller,79,Dispensing optician,business,2018-06-01,CA,low,False,verified
C-2941,Mercedes Garcia,28,Adult guidance worker,savings,2021-04-08,US,medium,False,pending
C-2942,Beth Rojas,39,Sales executive,savings,2018-12-13,CA,medium,False,verified
C-2943,Michael Golden,42,Technical author,savings,2024-07-05,US,medium,False,expired
C-2944,Chelsea Kelley,57,Barrister's clerk,savings,2020-11-10,US,low,False,verified
C-2945,Jasmine Bryan,25,"Horticulturist, commercial",checking,2020-01-03,US,medium,True,pending
C-2946,Kevin Bartlett,66,Holiday representative,business,2019-04-04,US,low,False,verified
C-2947,Stacy Mann,65,Freight forwarder,business,2023-01-18,US,low,False,verified
C-2948,Dr. Jared Lee III,52,"Conservation officer, historic buildings",business,2022-05-01,US,low,False,verified
C-2949,Lauren Coffey,34,Fish farm manager,checking,2017-11-20,UK,low,False,pending
C-2950,Zachary Mcgee,32,Building surveyor,savings,2023-05-28,US,low,False,verified
C-2951,Daniel Chung,24,"Teacher, special educational needs",business,2016-08-04,DE,medium,False,verified
C-2952,Brian Horton,39,Patent attorney,business,2017-08-19,US,low,False,verified
C-2953,Charles Ramsey,34,Community pharmacist,business,2025-04-02,CA,low,False,verified
C-2954,Jason Keller,19,Haematologist,checking,2020-12-30,DE,low,False,verified
C-2955,Mark Clark,63,Manufacturing engineer,checking,2018-06-11,FR,medium,False,verified
C-2956,Theresa Sanchez,26,Records manager,checking,2026-01-21,US,medium,False,verified
C-2957,David Hamilton,62,"Designer, interior/spatial",business,2017-03-06,US,low,False,verified
C-2958,Amy Ellis,27,Horticultural consultant,checking,2018-08-08,BZ,low,False,verified
C-2959,Dustin Campbell,38,"Editor, film/video",savings,2020-10-28,UK,low,False,verified
C-2960,Richard Moreno,78,Theatre director,savings,2021-02-09,DE,low,False,verified
C-2961,Danny Harris,67,Health and safety adviser,business,2024-12-16,UK,high,False,verified
C-2962,Debra Castillo,78,Primary school teacher,savings,2025-08-12,US,low,False,pending
C-2963,David Tucker,73,English as a foreign language teacher,checking,2026-06-06,US,low,True,verified
C-2964,Maria Thomas,45,"Geologist, wellsite",checking,2023-10-11,CA,low,False,verified
C-2965,Melissa Nelson,19,"Scientist, clinical (histocompatibility and immunogenetics)",savings,2024-07-23,US,medium,False,verified
C-2966,Alicia Bradley,77,Clinical biochemist,business,2018-12-23,US,low,False,verified
C-2967,Robert Todd,63,"Surveyor, commercial/residential",checking,2025-02-14,US,low,False,verified
C-2968,Tammy Weeks,67,Research scientist (maths),business,2026-05-04,BS,high,False,verified
C-2969,Tyler Murphy,37,"Surveyor, building",business,2020-10-05,KY,low,False,verified
C-2970,John Lopez,79,Information officer,savings,2023-10-10,DE,low,False,verified
C-2971,Michael Nelson,69,"Engineer, communications",business,2022-11-08,US,high,False,verified
C-2972,Toni Cunningham,40,Marketing executive,business,2017-07-11,US,high,False,expired
C-2973,Craig Sanchez,38,Armed forces technical officer,savings,2025-02-21,US,medium,False,verified
C-2974,Peter Patel,18,"Research officer, government",business,2018-11-03,CA,low,False,verified
C-2975,Alexis Jones,68,Systems analyst,checking,2025-07-10,US,high,False,verified
C-2976,Sean Harris,44,Passenger transport manager,business,2021-11-30,UK,low,False,verified
C-2977,Ashley Fritz,71,Sports therapist,savings,2020-12-23,US,low,False,verified
C-2978,Oscar Robinson,80,Chief Strategy Officer,savings,2016-12-05,US,medium,False,verified
C-2979,Kevin Martinez,38,Health visitor,checking,2022-12-29,FR,medium,False,verified
C-2980,Stephanie Davis,78,Fast food restaurant manager,savings,2022-09-06,US,low,False,verified
C-2981,David George,66,Financial adviser,checking,2017-01-02,US,low,False,verified
C-2982,Kimberly Sandoval,35,Accounting technician,checking,2025-10-29,US,low,False,verified
C-2983,Willie Flynn PhD,52,Chiropodist,business,2017-06-14,US,low,False,verified
C-2984,Tammy Ramirez,32,Physiotherapist,checking,2023-07-12,US,low,False,verified
C-2985,Nicole Hawkins,64,"Development worker, international aid",savings,2016-10-31,US,low,False,verified
C-2986,Mark Smith,43,Haematologist,checking,2018-06-28,KY,medium,True,verified
C-2987,Cynthia Williams,29,Editorial assistant,savings,2018-07-10,PA,low,False,verified
C-2988,Casey Murray,64,"Production assistant, television",savings,2018-10-27,US,low,True,verified
C-2989,Bruce Barr,78,"Engineer, energy",business,2020-03-25,US,low,False,verified
C-2990,Paige Davenport,59,Podiatrist,business,2018-02-07,CA,low,False,verified
C-2991,Steven Wells,46,Actor,business,2018-04-12,US,medium,False,pending
C-2992,Christopher Cameron,35,Petroleum engineer,savings,2017-08-25,US,high,False,pending
C-2993,Christy Hernandez,66,Clinical embryologist,business,2020-11-28,US,low,False,verified
C-2994,Carol Reeves,67,"Surveyor, building control",business,2025-05-27,US,low,False,verified
C-2995,Stephanie Vargas,78,Textile designer,checking,2026-05-30,US,low,False,verified
C-2996,Brooke Osborn,55,Site engineer,business,2023-03-03,US,low,False,verified
C-2997,Jerry Jackson,76,"Producer, television/film/video",savings,2019-05-10,US,low,False,pending
C-2998,Daniel Quinn,28,Advertising account planner,business,2018-07-11,US,low,False,verified
C-2999,Raymond Marshall,18,"Chemist, analytical",checking,2025-04-24,US,low,False,verified
C-3000,Michael Lester,78,Event organiser,checking,2023-12-08,US,low,True,verified
C-3001,Shannon Castro,27,Nutritional therapist,savings,2025-08-28,IR,medium,False,verified
C-3002,Nancy Taylor,49,"Scientist, marine",savings,2018-05-12,US,low,False,verified
C-3003,Rebecca Allen,53,Arts administrator,savings,2021-08-25,US,medium,True,verified
C-3004,Stacey Allen,63,Sub,business,2017-05-26,US,low,False,verified
C-3005,Anna Green,59,Stage manager,checking,2017-12-04,US,low,False,verified
C-3006,Jeffrey Horn,79,"Engineer, land",savings,2017-12-17,CA,low,False,verified
C-3007,Melissa Davis,66,Data scientist,checking,2022-10-24,US,low,False,verified
C-3008,Nathan Payne,69,IT technical support officer,checking,2021-03-04,US,low,False,verified
C-3009,Wendy Morgan,72,Amenity horticulturist,checking,2024-03-21,US,low,False,pending
C-3010,Patricia Vazquez,25,Airline pilot,checking,2017-05-26,UK,medium,False,verified
C-3011,Patrick Walsh,31,Ceramics designer,savings,2017-05-22,US,low,False,pending
C-3012,Troy Garcia,75,Solicitor,savings,2023-01-15,US,low,False,verified
C-3013,Mark Schmitt,54,Agricultural engineer,savings,2023-10-04,UK,low,False,verified
C-3014,Emily Chambers PhD,76,Retail merchandiser,savings,2023-01-08,DE,medium,False,verified
C-3015,Debbie Miller,32,Data scientist,savings,2022-07-27,US,low,False,verified
C-3016,Karen Henry,63,Camera operator,business,2018-01-26,US,high,False,verified
C-3017,Donna Howell,73,Archivist,business,2019-09-15,US,medium,False,verified
C-3018,Jonathon Mcdonald,70,Armed forces operational officer,savings,2022-07-22,UK,medium,False,verified
C-3019,Dean Sanchez,70,Location manager,business,2022-12-06,FR,medium,False,verified
C-3020,Nathaniel Hill,38,Dealer,business,2020-08-13,US,medium,False,verified
C-3021,Cynthia Hernandez,76,Geophysical data processor,checking,2021-09-06,US,low,False,verified
C-3022,Jaclyn Williams MD,39,"Doctor, hospital",checking,2024-06-01,US,low,False,pending
C-3023,Andrew Klein,64,"Psychotherapist, dance movement",checking,2017-02-03,US,low,False,verified
C-3024,Jason Chase,45,"Surveyor, insurance",checking,2021-03-01,US,low,True,verified
C-3025,Zachary Barton,21,Secondary school teacher,business,2018-05-30,UK,low,False,verified
C-3026,Derek Williams,59,Community education officer,savings,2025-03-20,US,low,False,verified
C-3027,Joseph Zamora,32,Seismic interpreter,business,2023-12-13,US,low,False,verified
C-3028,Nicholas Hayden,50,"Editor, film/video",checking,2022-01-14,US,medium,False,verified
C-3029,Spencer Wright,67,"Engineer, biomedical",checking,2020-05-06,CA,low,False,verified
C-3030,Kelsey Brown,71,"Geologist, wellsite",checking,2018-12-26,US,high,False,verified
C-3031,Brenda Ross,75,Hotel manager,checking,2023-10-29,CA,low,False,pending
C-3032,Maria Estrada,31,Information systems manager,business,2020-08-22,US,low,False,verified
C-3033,David Barnes,26,"Conservator, furniture",savings,2020-03-31,US,medium,False,verified
C-3034,Kelsey Lewis,60,Insurance claims handler,business,2026-03-04,US,low,False,pending
C-3035,Joel Williams,32,Newspaper journalist,savings,2019-06-25,US,low,False,verified
C-3036,Mrs. Heather Christensen,68,Horticultural therapist,savings,2025-03-24,DE,low,False,verified
C-3037,Jamie Perez,44,"Merchandiser, retail",business,2019-12-18,CA,low,False,verified
C-3038,Elizabeth Chung,67,Advice worker,savings,2023-04-02,KP,low,False,verified
C-3039,Eric Conner,48,Horticultural therapist,business,2021-09-10,US,low,False,verified
C-3040,Kerry Hendricks,72,Advice worker,savings,2024-04-14,US,low,False,verified
C-3041,Isabella Hawkins,72,"Restaurant manager, fast food",savings,2021-10-01,US,low,False,verified
C-3042,Desiree Swanson,29,Contractor,savings,2021-03-22,CA,medium,False,verified
C-3043,Amy Watts,22,Applications developer,checking,2019-06-18,US,medium,False,verified
C-3044,Wendy Carter,24,"Engineer, energy",checking,2025-09-23,PA,low,False,verified
C-3045,Phillip Kelly,36,Secondary school teacher,checking,2019-02-21,US,medium,False,verified
C-3046,Michael Foster,24,Environmental education officer,checking,2024-08-18,US,high,True,verified
C-3047,Ann Dawson,75,"Programme researcher, broadcasting/film/video",savings,2021-10-29,US,medium,False,expired
C-3048,Rachel Stephens,80,Training and development officer,checking,2026-04-27,US,low,False,verified
C-3049,Brandon Shelton,19,"Research officer, government",savings,2018-09-24,UK,low,False,verified
C-3050,Frank Perez,23,Optometrist,checking,2025-02-10,US,high,False,verified
C-3051,Tina Hull,78,Veterinary surgeon,savings,2024-03-06,US,low,False,verified
C-3052,Vernon Esparza Jr.,76,"Restaurant manager, fast food",checking,2025-02-23,US,low,False,verified
C-3053,Michelle Warren,35,Actuary,checking,2016-09-01,US,low,False,verified
C-3054,Robert Osborn,20,Air traffic controller,business,2022-06-04,BS,low,False,verified
C-3055,Jason Dunn,57,"Therapist, speech and language",business,2021-10-20,CA,low,False,verified
C-3056,Michael Cook,62,Research scientist (medical),savings,2019-03-15,US,high,False,verified
C-3057,William Wilson,25,Pathologist,checking,2025-09-24,UK,low,False,verified
C-3058,Melanie Myers,71,Travel agency manager,checking,2024-06-26,US,medium,False,verified
C-3059,Anthony Collins,28,Building services engineer,business,2024-08-25,US,low,False,verified
C-3060,Margaret Andrews,58,Clinical embryologist,business,2021-12-15,US,low,False,verified
C-3061,James Woods,70,Aid worker,savings,2022-06-06,US,low,False,verified
C-3062,Jennifer Jackson,52,"Designer, industrial/product",savings,2025-12-24,US,low,False,verified
C-3063,Katie Jones,28,Production engineer,savings,2019-04-25,US,medium,False,verified
C-3064,Billy Scott,35,Animator,checking,2023-07-09,FR,low,False,verified
C-3065,Elizabeth Stone,30,Orthoptist,savings,2025-12-21,CA,low,True,verified
C-3066,Jacob Smith,69,Leisure centre manager,checking,2018-12-10,US,high,False,verified
C-3067,Jessica Burch,64,Armed forces training and education officer,savings,2021-10-04,US,high,False,verified
C-3068,Paul Simmons,43,Adult nurse,business,2025-12-14,US,low,False,verified
C-3069,Shelly Brown,66,"Engineer, electronics",savings,2020-03-05,US,low,False,verified
C-3070,Lawrence Meyers,26,Aid worker,savings,2020-06-05,US,medium,True,verified
C-3071,Angel Bentley,32,"Engineer, petroleum",savings,2017-07-25,SY,low,False,verified
C-3072,Daniel Merritt,55,Market researcher,savings,2017-01-31,FR,low,False,verified
C-3073,Joshua Graham,25,Clinical embryologist,savings,2021-06-02,VG,low,False,verified
C-3074,Jessica Hoffman,41,Customer service manager,checking,2022-10-11,US,low,False,verified
C-3075,Dr. Donna Mccarty,54,Commercial art gallery manager,savings,2018-12-26,US,high,False,expired
C-3076,Abigail Rose,46,Product/process development scientist,savings,2024-05-14,UK,medium,False,verified
C-3077,David Roy,45,Statistician,checking,2023-12-07,US,low,False,verified
C-3078,Jennifer Lewis,24,Minerals surveyor,savings,2022-09-16,US,medium,False,verified
C-3079,Brian Wood,54,Adult nurse,business,2022-08-15,US,low,False,verified
C-3080,Jacob Cunningham,35,Bookseller,savings,2024-08-06,FR,low,False,verified
C-3081,Christopher Smith,40,Production manager,savings,2026-06-26,US,low,False,verified
C-3082,Carol Avila,24,"Teacher, primary school",checking,2022-10-20,CA,low,False,verified
C-3083,Pamela Armstrong,47,Mining engineer,business,2025-04-05,US,low,False,pending
C-3084,Sandra May,27,Tourism officer,savings,2024-01-10,US,low,False,verified
C-3085,Paige Dickerson,52,Chartered public finance accountant,savings,2025-06-16,US,low,False,pending
C-3086,Joseph Diaz,20,Music tutor,checking,2022-12-07,FR,low,False,verified
C-3087,Bridget Cunningham,55,Hospital pharmacist,business,2016-10-10,DE,high,False,verified
C-3088,Emily Montgomery,47,"Engineer, broadcasting (operations)",business,2026-02-05,US,low,False,verified
C-3089,Ashley Combs,50,Environmental health practitioner,checking,2019-07-05,US,medium,False,verified
C-3090,Wayne Powell,38,"Surveyor, minerals",business,2026-03-04,VG,low,False,verified
C-3091,Marcus Johnson,50,"Surveyor, insurance",checking,2021-04-17,US,low,False,verified
C-3092,Bruce Gallagher,31,Airline pilot,business,2022-12-25,CA,medium,False,verified
C-3093,Daniel Hoffman,28,Estate agent,savings,2021-10-06,US,low,False,verified
C-3094,Michael Morrison,68,Medical illustrator,business,2023-01-25,US,high,False,verified
C-3095,Kelly Sandoval,44,"Surveyor, mining",savings,2024-02-19,FR,low,False,verified
C-3096,Veronica Clayton,28,Local government officer,savings,2026-03-01,US,low,False,verified
C-3097,Autumn Thomas,68,Systems developer,savings,2022-08-31,US,low,False,verified
C-3098,Joshua Sweeney,44,Data processing manager,checking,2020-08-16,US,low,False,verified
C-3099,Kimberly Thomas,41,Geographical information systems officer,checking,2017-07-01,KY,low,False,verified
C-3100,Laura Cooper,32,"Buyer, industrial",business,2025-10-19,US,low,False,verified
C-3101,Justin Stokes,30,Chief Technology Officer,business,2023-04-14,DE,low,False,verified
C-3102,Brianna Lee,55,Seismic interpreter,savings,2019-09-13,US,low,True,verified
C-3103,Thomas Wilson,49,"Engineer, agricultural",business,2024-05-03,US,low,False,verified
C-3104,Chase Matthews,21,Insurance risk surveyor,checking,2025-01-23,US,high,False,verified
C-3105,Steven Bond,40,"Development worker, international aid",savings,2021-05-07,DE,low,False,verified
C-3106,Aaron Phelps,46,Politician's assistant,checking,2022-07-27,DE,low,False,verified
C-3107,Jean Murillo,25,Commercial horticulturist,savings,2024-11-25,DE,low,False,verified
C-3108,Kathy Jones,37,"Engineer, automotive",savings,2024-09-15,PA,high,False,verified
C-3109,Wayne Dickerson,65,Art therapist,savings,2026-01-07,FR,low,False,verified
C-3110,Anthony Wong,78,Catering manager,checking,2019-06-30,US,medium,False,verified
C-3111,Shannon Morris,56,Professor Emeritus,checking,2020-08-22,US,low,False,verified
C-3112,Mark Gonzalez,48,Television floor manager,checking,2026-01-22,US,medium,False,verified
C-3113,Lori Williams,49,"Merchandiser, retail",business,2018-10-08,US,low,False,verified
C-3114,Alan Simpson,36,Probation officer,business,2022-07-21,CA,low,False,verified
C-3115,Anthony Hahn,35,Counselling psychologist,checking,2023-10-29,UK,low,False,verified
C-3116,Jennifer Anderson,46,"Copywriter, advertising",business,2020-01-04,US,medium,True,verified
C-3117,Anna Brennan,32,Public relations account executive,checking,2025-10-17,FR,medium,False,verified
C-3118,Vicki Cunningham,29,Town planner,savings,2017-03-25,US,low,False,verified
C-3119,Alison Zuniga,18,"Social research officer, government",business,2019-03-12,KY,low,False,verified
C-3120,Christina Chavez,78,Chartered public finance accountant,checking,2025-12-08,US,low,False,verified
C-3121,Emily Espinoza,20,Dramatherapist,business,2018-08-04,US,medium,False,verified
C-3122,Jennifer Mcdonald,49,Cartographer,business,2021-03-16,US,low,False,verified
C-3123,Zachary Velez,51,"Civil engineer, consulting",checking,2017-05-08,SY,low,False,verified
C-3124,James Robinson,46,"Pharmacist, hospital",business,2018-12-11,US,high,False,verified
C-3125,Mckenzie Anderson,26,Research scientist (life sciences),business,2022-01-09,US,medium,False,verified
C-3126,Jamie Lee,37,Product/process development scientist,business,2017-04-22,US,low,False,verified
C-3127,Elizabeth Baker,27,Artist,checking,2023-10-29,US,low,False,verified
C-3128,Kenneth Williams,37,Occupational hygienist,checking,2019-07-04,UK,low,False,verified
C-3129,Robert Reynolds,80,Higher education careers adviser,savings,2026-07-07,US,low,False,verified
C-3130,Daniel Wright,33,"Civil engineer, consulting",checking,2020-07-19,US,low,False,verified
C-3131,Tanya Stein,59,Restaurant manager,checking,2023-03-28,DE,low,True,verified
C-3132,Cody Smith,26,"Designer, television/film set",savings,2022-12-15,US,medium,False,verified
C-3133,Stephanie Chapman,57,"Education officer, environmental",savings,2017-08-02,US,medium,False,verified
C-3134,Joseph Beltran,66,Dramatherapist,checking,2022-04-16,US,low,False,verified
C-3135,Ronald Mueller,31,Training and development officer,checking,2020-12-10,US,low,False,verified
C-3136,Sharon Hall,43,"Solicitor, Scotland",savings,2018-12-29,US,medium,False,expired
C-3137,Jose Stephens,58,"Investment banker, operational",checking,2020-08-24,US,low,False,verified
C-3138,Kenneth Cole,72,Advice worker,business,2021-06-29,US,low,False,verified
C-3139,Kimberly Fields,46,Operational researcher,savings,2023-05-16,US,low,False,verified
C-3140,Jody Graves MD,28,Research scientist (maths),business,2018-12-03,US,high,False,verified
C-3141,Richard Thomas,55,"Administrator, local government",business,2020-03-19,US,low,False,verified
C-3142,Joshua Miller,49,Dramatherapist,savings,2018-05-15,UK,low,False,verified
C-3143,Erin Moore,32,"Nurse, learning disability",checking,2023-05-09,US,low,False,pending
C-3144,Alexis Rogers,37,Product/process development scientist,business,2025-12-08,US,low,False,verified
C-3145,Jennifer Hernandez,55,"Buyer, industrial",business,2021-10-16,US,low,False,pending
C-3146,Carrie Holden,37,Corporate treasurer,business,2019-11-02,BS,high,False,verified
C-3147,Jesus Wheeler,57,Archaeologist,checking,2022-02-20,FR,low,False,verified
C-3148,Melanie Young,46,Youth worker,savings,2022-08-27,UK,low,False,verified
C-3149,Joshua Smith,76,"Designer, interior/spatial",business,2017-10-31,CA,medium,False,verified
C-3150,Sarah Yates,68,Trade union research officer,business,2023-06-26,US,low,False,verified
C-3151,Ryan Hamilton,50,"Therapist, sports",savings,2023-09-25,US,low,False,verified
C-3152,Wayne Wong,39,Hydrogeologist,business,2025-05-22,US,low,False,verified
C-3153,Nicolas Hunt,59,Brewing technologist,checking,2023-01-14,US,medium,False,verified
C-3154,Jesse Gardner,18,"Programmer, systems",savings,2026-03-10,CA,high,False,verified
C-3155,Amanda Pena,37,"Chemist, analytical",savings,2020-02-18,US,low,True,verified
C-3156,Steven Morales,58,Newspaper journalist,savings,2021-05-04,US,low,False,verified
C-3157,Valerie Lopez,59,Warden/ranger,checking,2021-01-31,US,medium,False,verified
C-3158,Blake Mendez,51,"Psychologist, clinical",business,2021-07-06,US,low,False,pending
C-3159,Janice Hernandez,23,Youth worker,savings,2022-04-23,CA,low,True,pending
C-3160,Jonathan Bruce,74,"Conservation officer, nature",checking,2019-10-07,US,medium,False,verified
C-3161,Kathleen Brady,20,Ship broker,business,2019-09-30,US,low,True,verified
C-3162,Jennifer Lopez,69,Field seismologist,savings,2020-04-01,US,high,False,verified
C-3163,Sonya Alvarado,31,Media planner,checking,2024-02-14,US,medium,False,verified
C-3164,Nicholas Rivera,51,"Programmer, multimedia",business,2022-04-04,US,medium,False,verified
C-3165,Calvin Ramirez,36,Special educational needs teacher,business,2018-04-28,CA,high,False,verified
C-3166,Sarah Adams,56,"Education officer, environmental",savings,2025-11-27,US,low,False,verified
C-3167,Kevin Gonzalez,18,Manufacturing engineer,savings,2024-10-30,DE,low,False,verified
C-3168,Charlene Wright,42,Contracting civil engineer,business,2023-05-26,US,medium,True,pending
C-3169,Sarah Clarke,26,Environmental education officer,business,2025-03-24,FR,low,False,verified
C-3170,Tyler Bradshaw,66,"Civil engineer, contracting",savings,2019-12-19,US,low,False,verified
C-3171,Bobby Becker,80,Land,savings,2018-06-06,US,medium,False,verified
C-3172,Miranda Randolph,25,"Editor, magazine features",checking,2025-09-14,US,medium,False,expired
C-3173,Christopher Johnston,78,Operations geologist,business,2026-01-09,DE,low,False,verified
C-3174,Michael Cooper,42,Translator,checking,2024-05-19,CA,medium,False,verified
C-3175,Danny Esparza,22,Retail merchandiser,savings,2017-08-16,US,low,False,verified
C-3176,Jaclyn Johnson,21,Recruitment consultant,checking,2021-10-02,US,low,False,verified
C-3177,Tiffany Hansen,44,"Administrator, sports",checking,2022-08-30,US,low,False,pending
C-3178,Patricia Mitchell,75,Games developer,checking,2018-10-22,US,low,False,pending
C-3179,Mark Wilson,65,Science writer,business,2024-10-22,US,medium,False,verified
C-3180,Ronnie Sloan,73,Tour manager,checking,2021-05-28,US,low,False,verified
C-3181,Joseph Bush,67,Television camera operator,checking,2018-12-04,US,low,False,verified
C-3182,Angelica Diaz,73,"Nurse, mental health",checking,2019-08-22,CA,medium,False,verified
C-3183,Jesse Murphy,80,Land,business,2018-08-02,DE,low,False,verified
C-3184,Christopher Harvey,36,"Engineer, site",checking,2024-09-27,US,low,False,verified
C-3185,Ryan Warren,57,Field seismologist,business,2024-07-21,US,medium,False,verified
C-3186,Evan Smith,73,Web designer,checking,2019-03-22,US,medium,False,verified
C-3187,Melissa Schneider,69,Clinical embryologist,business,2019-05-26,UK,low,False,verified
C-3188,Anita Parsons,55,"Editor, film/video",business,2021-02-17,US,low,False,verified
C-3189,Theresa Martinez,68,"Therapist, art",business,2021-10-20,US,high,False,pending
C-3190,Lisa Conley,29,Purchasing manager,savings,2016-08-18,US,low,False,verified
C-3191,David Palmer,78,"Surveyor, insurance",savings,2025-02-16,US,low,False,pending
C-3192,Christopher Taylor,54,Lawyer,business,2022-02-20,US,high,False,verified
C-3193,Patty Butler,26,"Journalist, broadcasting",savings,2025-03-16,US,low,False,verified
C-3194,Jennifer Webster,44,Solicitor,checking,2020-12-26,US,low,False,verified
C-3195,Christopher Vasquez,59,Leisure centre manager,business,2021-08-31,US,low,False,verified
C-3196,Dr. Diana Chen,78,Theatre stage manager,checking,2020-10-13,US,low,False,verified
C-3197,Sean Cobb,48,Visual merchandiser,business,2019-06-12,DE,low,False,verified
C-3198,Elizabeth Mendez,30,Commissioning editor,business,2026-03-29,US,low,False,pending
C-3199,Jessica Cook,66,Copy,business,2025-11-21,US,medium,False,verified
C-3200,Andrew Moore,65,Information systems manager,business,2020-04-15,US,low,False,verified
C-3201,Matthew Hall,20,Fast food restaurant manager,savings,2017-11-16,US,low,False,verified
C-3202,Sonya Wilcox,36,"Journalist, magazine",business,2025-04-01,FR,low,False,verified
C-3203,Aaron Morgan,52,Analytical chemist,checking,2021-10-13,US,medium,False,verified
C-3204,Jessica Rojas,48,Chiropodist,checking,2019-05-28,UK,low,False,verified
C-3205,Joseph Jensen,80,Nature conservation officer,business,2022-06-06,US,low,False,verified
C-3206,Katherine Porter DVM,28,Environmental education officer,business,2020-10-17,BS,low,False,verified
C-3207,Rachel Ball,70,"Horticulturist, commercial",savings,2022-12-30,DE,low,False,verified
C-3208,Aaron Diaz,64,"Scientist, biomedical",business,2026-05-31,US,medium,False,verified
C-3209,Tamara Roberts,57,Building control surveyor,checking,2021-10-27,FR,low,False,verified
C-3210,Carrie Daniels,49,Claims inspector/assessor,checking,2023-12-08,US,low,False,verified
C-3211,Arthur Gonzalez,38,Customer service manager,checking,2025-05-08,US,low,False,verified
C-3212,Lori Hanson,68,Barrister's clerk,business,2020-05-02,US,low,False,verified
C-3213,Brandon Sanchez,43,Garment/textile technologist,savings,2021-06-17,US,medium,False,verified
C-3214,Juan Cooper,52,Site engineer,business,2018-03-19,US,low,False,verified
C-3215,Joseph Miller,52,"Programmer, applications",business,2018-05-02,US,low,False,verified
C-3216,Gregory Marshall,75,Gaffer,checking,2024-01-13,US,low,False,verified
C-3217,Mark Webb,39,Museum education officer,business,2018-02-10,US,low,False,pending
C-3218,Amanda Thomas,72,Chemical engineer,savings,2021-09-03,US,low,False,verified
C-3219,Mckenzie Chavez,50,"Surveyor, building",business,2018-12-22,US,high,False,expired
C-3220,Anthony Melton,61,Printmaker,business,2026-03-03,US,low,False,verified
C-3221,Casey Bryant,23,"Engineer, structural",savings,2018-07-19,US,low,False,verified
C-3222,Monica Frost,39,Television floor manager,business,2026-03-26,US,low,False,verified
C-3223,Tammy Nguyen,60,Drilling engineer,savings,2018-02-11,CA,low,False,verified
C-3224,Susan Lewis,38,Paramedic,savings,2025-05-19,US,low,False,verified
C-3225,Morgan Lloyd,35,Textile designer,checking,2017-04-26,US,low,False,verified
C-3226,Juan Thomas,61,Dietitian,savings,2019-10-25,US,high,False,verified
C-3227,Victor Clarke,65,"Sound technician, broadcasting/film/video",savings,2018-08-06,US,medium,False,verified
C-3228,Elizabeth Butler,68,Records manager,checking,2023-10-24,US,medium,False,verified
C-3229,Patrick Snyder,62,"Designer, television/film set",business,2024-08-24,US,low,True,verified
C-3230,Tom Duncan,22,Games developer,business,2025-03-21,US,low,True,verified
C-3231,Tiffany Jimenez,18,Commercial horticulturist,savings,2018-05-15,US,high,False,verified
C-3232,Roger Valencia,20,Print production planner,checking,2016-08-03,US,low,False,verified
C-3233,Jessica Martin,74,Learning disability nurse,business,2019-01-11,US,low,False,verified
C-3234,Julie Rose,18,Research scientist (medical),savings,2023-10-02,US,low,False,expired
C-3235,Michael Roth,27,Corporate investment banker,checking,2022-05-12,US,low,False,verified
C-3236,Suzanne Sanchez,47,Database administrator,checking,2016-11-04,US,low,False,verified
C-3237,Valerie Taylor,70,Medical sales representative,savings,2020-07-14,US,high,True,verified
C-3238,Shari Kelley,73,Early years teacher,checking,2016-12-09,US,low,False,verified
C-3239,Philip Burns,35,"Psychologist, occupational",business,2021-10-01,FR,low,False,verified
C-3240,Laura Bailey,36,"Engineer, materials",business,2023-07-01,SY,low,False,verified
C-3241,Sherry Contreras,53,Marketing executive,savings,2018-05-30,UK,medium,False,verified
C-3242,Jennifer Brown,74,Architect,checking,2018-08-01,US,medium,False,verified
C-3243,Eric Nielsen,61,Ceramics designer,checking,2024-09-16,US,low,False,verified
C-3244,Laura Rodriguez,33,Broadcast engineer,checking,2020-01-13,US,low,False,verified
C-3245,Tiffany Wiggins,18,"Teacher, English as a foreign language",checking,2025-07-20,US,low,False,verified
C-3246,Allison Hernandez,30,Technical brewer,checking,2018-03-28,US,medium,False,verified
C-3247,Teresa Curry,30,Aeronautical engineer,business,2017-06-27,US,low,False,verified
C-3248,Donald Parrish,69,Sales promotion account executive,savings,2018-06-29,US,low,False,verified
C-3249,Christina Smith,29,Pathologist,checking,2026-06-27,US,low,False,verified
C-3250,Michael Porter,21,Transport planner,business,2026-03-28,FR,low,False,verified
C-3251,Anthony Hernandez,38,"Designer, blown glass/stained glass",business,2017-09-20,DE,high,False,verified
C-3252,Sean Bradshaw,77,Psychiatrist,business,2020-08-31,US,low,False,verified
C-3253,Brenda Wilson,79,Chartered public finance accountant,business,2017-09-21,US,high,False,verified
C-3254,Brian Gentry,74,Architectural technologist,savings,2017-10-09,DE,low,False,verified
C-3255,Jill Sharp,60,Seismic interpreter,business,2024-03-01,US,low,False,verified
C-3256,Christina Dean,29,"Engineer, site",savings,2016-12-07,US,high,False,verified
C-3257,Jessica Rogers,33,Software engineer,savings,2016-09-11,US,medium,False,verified
C-3258,Matthew Ortega,33,Illustrator,savings,2024-05-01,US,low,False,verified
C-3259,Phillip Campbell,61,Chiropodist,savings,2017-06-19,US,low,False,verified
C-3260,Justin Foster,53,"Scientist, water quality",savings,2017-12-20,FR,low,False,verified
C-3261,Adam Ortega,73,Contractor,business,2018-01-24,US,low,False,verified
C-3262,Carl Larsen,63,"Therapist, art",savings,2018-07-02,US,low,False,verified
C-3263,Wendy Bell,61,Museum/gallery conservator,savings,2024-12-17,CA,low,False,verified
C-3264,Patrick Rios,30,"Engineer, site",savings,2023-09-21,US,medium,False,verified
C-3265,Haley Maxwell,49,Television production assistant,business,2021-07-12,BS,low,False,verified
C-3266,Brent Novak,48,Commissioning editor,checking,2017-12-25,US,medium,False,verified
C-3267,Timothy Dunn,42,"Solicitor, Scotland",savings,2020-03-25,FR,high,False,verified
C-3268,Thomas Lewis,79,Aid worker,savings,2019-02-27,US,low,True,verified
C-3269,Patrick Moore,31,Counsellor,business,2026-06-19,BZ,low,False,verified
C-3270,Jenny Cox,49,"Designer, television/film set",checking,2021-05-10,US,low,False,pending
C-3271,Diana Jackson,20,Water quality scientist,checking,2017-03-06,US,low,False,verified
C-3272,Tracey Reynolds,53,Therapeutic radiographer,checking,2016-10-14,US,low,False,verified
C-3273,Cameron Campbell,50,Clinical biochemist,checking,2019-12-27,US,low,False,verified
C-3274,Sean Carey,37,Actor,business,2018-10-13,US,low,False,verified
C-3275,Donna Wright,66,Company secretary,checking,2016-09-24,US,low,False,verified
C-3276,Taylor Frye,45,"Surveyor, rural practice",savings,2025-09-15,US,low,True,verified
C-3277,Isabella Orozco,40,Insurance account manager,business,2022-10-17,DE,medium,False,verified
C-3278,Kevin Osborne,64,Magazine features editor,savings,2020-04-13,US,low,False,verified
C-3279,Christopher Sanchez,77,Quantity surveyor,savings,2024-12-24,US,high,False,verified
C-3280,Robert Murray,71,"Accountant, chartered",business,2017-09-01,US,medium,False,pending
C-3281,Patricia Robles,65,"Scientist, audiological",business,2017-10-15,US,medium,False,verified
C-3282,Robert Doyle,44,Passenger transport manager,checking,2022-02-07,FR,low,False,verified
C-3283,James Hines,24,Chemical engineer,savings,2021-06-15,US,low,False,verified
C-3284,Andrew Smith,22,Chief Strategy Officer,business,2024-09-08,US,medium,False,verified
C-3285,Jo Hernandez,19,Airline pilot,savings,2025-04-01,US,low,False,verified
C-3286,Grant Brown,30,Chartered accountant,business,2018-07-09,US,high,False,verified
C-3287,Jesse Wright,74,"Psychologist, counselling",business,2023-09-10,US,low,False,verified
C-3288,Wayne Hess,50,Holiday representative,business,2020-03-05,US,low,False,verified
C-3289,Desiree Evans,59,Oncologist,checking,2018-04-25,US,low,False,pending
C-3290,Allison Cunningham,21,"Education officer, environmental",checking,2020-01-20,FR,low,False,verified
C-3291,Megan Griffin,41,"Pilot, airline",checking,2022-07-11,US,low,False,verified
C-3292,Daniel Hoffman MD,66,"Engineer, control and instrumentation",business,2022-08-20,US,low,False,verified
C-3293,Robert Mcmillan,61,Forest/woodland manager,business,2024-12-12,FR,low,True,verified
C-3294,Jessica Hernandez,43,Manufacturing engineer,savings,2022-06-01,US,low,False,verified
C-3295,Sandra Lyons,43,Public relations officer,savings,2016-10-02,CA,low,False,verified
C-3296,Derek Perry,44,Chiropodist,checking,2019-09-02,US,low,False,verified
C-3297,Kevin Fischer,66,Commercial horticulturist,checking,2017-01-25,US,medium,False,expired
C-3298,Mary Martinez,35,Forensic psychologist,savings,2016-12-08,CA,low,False,verified
C-3299,Deborah Young,72,Sub,savings,2017-03-30,US,low,False,verified
C-3300,Nicole Hodge,24,Geophysicist/field seismologist,savings,2022-04-22,US,low,False,verified
C-3301,Michael Zimmerman,48,Investment analyst,checking,2024-05-29,UK,low,False,verified
C-3302,Leroy Shaw,52,Theme park manager,checking,2019-07-17,DE,low,False,verified
C-3303,Samantha Noble,64,Nutritional therapist,savings,2024-05-25,US,low,False,verified
C-3304,Katherine Walker,35,Bookseller,savings,2018-07-20,US,high,False,verified
C-3305,Melinda Cervantes,39,Museum/gallery exhibitions officer,business,2022-08-05,CA,low,False,verified
C-3306,Ashley Odonnell,31,Child psychotherapist,checking,2018-01-18,US,low,True,verified
C-3307,Dr. John Duncan,48,Fish farm manager,business,2018-11-24,US,low,False,verified
C-3308,Frank White,35,"Scientist, biomedical",checking,2023-04-06,US,high,False,verified
C-3309,Lauren Barr,51,Tree surgeon,savings,2021-01-09,US,low,False,verified
C-3310,Michael Bartlett,49,Diagnostic radiographer,checking,2025-05-26,US,high,False,verified
C-3311,Tina Taylor,79,"Engineer, site",savings,2021-03-27,US,low,False,verified
C-3312,Sally Fernandez,60,Dramatherapist,checking,2017-08-15,US,low,False,verified
C-3313,Ryan Guerrero,80,Air broker,savings,2022-11-15,CA,low,False,pending
C-3314,Debbie Atkinson,57,Sports administrator,savings,2026-01-01,CA,low,False,verified
C-3315,Cynthia Cohen,46,Volunteer coordinator,business,2022-04-12,DE,low,False,verified
C-3316,Stacey Deleon,25,"Production assistant, radio",business,2025-07-28,MM,low,False,verified
C-3317,Angela Wallace,30,Advertising copywriter,savings,2023-11-16,FR,low,False,verified
C-3318,Lori Oconnell,51,Rural practice surveyor,checking,2016-11-13,US,low,False,verified
C-3319,Andrea Payne,59,Oceanographer,savings,2025-07-04,US,low,False,verified
C-3320,Charles Chang,42,Production engineer,business,2026-01-12,US,low,False,verified
C-3321,Kelly Mclaughlin,51,"Exhibitions officer, museum/gallery",savings,2022-04-11,US,low,False,verified
C-3322,Jonathon Kim,71,"Administrator, arts",business,2021-12-15,US,low,False,pending
C-3323,Alexander Fernandez,69,Personal assistant,business,2021-04-22,UK,high,False,verified
C-3324,Brandon Kirby,67,Energy engineer,savings,2020-05-14,US,medium,False,verified
C-3325,Kyle Davis,53,Chartered accountant,business,2025-11-27,US,medium,False,pending
C-3326,Kathryn Montoya,27,Geophysicist/field seismologist,savings,2024-06-24,DE,low,False,verified
C-3327,Jessica Mckee,74,Dentist,savings,2021-03-13,KY,low,False,verified
C-3328,Lauren Duarte,35,Publishing rights manager,business,2023-03-18,US,low,False,verified
C-3329,Andrew Gomez,47,Commercial/residential surveyor,checking,2019-02-24,US,low,False,verified
C-3330,Rachel Henderson,38,Marine scientist,checking,2020-11-01,US,low,False,expired
C-3331,Juan Wright MD,61,Surgeon,savings,2022-02-23,US,medium,False,verified
C-3332,James Rodriguez,38,Psychiatrist,checking,2022-05-17,UK,low,False,verified
C-3333,Mary Davidson,70,"Education officer, environmental",business,2019-06-29,US,low,False,verified
C-3334,Larry Fisher,73,Heritage manager,savings,2024-11-30,US,high,False,verified
C-3335,Joshua Le,61,Veterinary surgeon,savings,2020-11-09,CA,low,False,verified
C-3336,Jorge Hernandez,39,"Producer, radio",business,2016-09-05,US,low,False,verified
C-3337,Ashley Thomas,42,Market researcher,business,2022-05-13,CA,medium,False,verified
C-3338,Mark Hill,49,Sports coach,savings,2017-10-24,US,high,False,verified
C-3339,Laura Clarke,21,Environmental education officer,checking,2019-03-23,US,low,False,verified
C-3340,Michael Perez,53,Architectural technologist,business,2025-05-14,US,medium,False,pending
C-3341,David Mendoza,56,Secretary/administrator,checking,2021-01-06,US,high,False,verified
C-3342,Jessica Hanson,50,Biomedical scientist,business,2017-06-15,US,low,False,verified
C-3343,Zachary Rodriguez,62,Fish farm manager,checking,2020-02-21,DE,low,False,verified
C-3344,Linda Briggs,60,"Engineer, energy",savings,2023-09-17,UK,low,False,verified
C-3345,Daniel Cortez,75,Academic librarian,savings,2019-12-25,US,low,False,verified
C-3346,Mrs. Dawn Hawkins,63,Chief Marketing Officer,checking,2020-07-27,US,low,False,expired
C-3347,Melody Kent,22,Media buyer,checking,2025-08-18,US,low,False,pending
C-3348,Eric Thomas,77,Company secretary,savings,2022-09-23,US,high,False,verified
C-3349,Matthew Marks,46,Horticultural consultant,savings,2019-04-20,DE,low,False,verified
C-3350,Jennifer Bruce,65,"Psychotherapist, dance movement",savings,2024-02-14,US,low,False,verified
C-3351,Dr. Paul Barton,73,Computer games developer,savings,2023-07-26,US,low,False,verified
C-3352,Laura Payne,50,Architectural technologist,checking,2022-01-12,US,low,False,verified
C-3353,Monica Cline,32,"Psychologist, clinical",checking,2024-11-24,FR,medium,False,verified
C-3354,Devon Ramos,78,Patent attorney,savings,2021-09-25,US,low,False,verified
C-3355,Rachel Franco DDS,40,"Nurse, mental health",business,2022-10-30,US,high,False,verified
C-3356,Kimberly Jensen,32,Solicitor,savings,2022-09-27,CA,low,False,verified
C-3357,Melissa Perkins,71,Water engineer,savings,2022-01-22,DE,low,False,verified
C-3358,Jonathon Bradley,32,Chemical engineer,savings,2019-11-02,VG,low,False,verified
C-3359,Veronica Lara,40,Artist,business,2017-09-02,US,medium,False,verified
C-3360,Miranda Frazier,47,Barrister,savings,2025-01-05,US,low,False,verified
C-3361,Wendy Sanchez,64,Museum/gallery curator,savings,2025-06-16,US,low,False,verified
C-3362,Brian Wells,49,"Pharmacist, hospital",checking,2023-05-24,FR,medium,False,verified
C-3363,Ronnie Medina,39,"Surveyor, building control",savings,2024-08-21,US,high,False,verified
C-3364,Ernest Jenkins,53,Comptroller,savings,2017-07-25,US,low,False,verified
C-3365,Erin Greene,37,Museum education officer,checking,2021-06-02,UK,low,False,verified
C-3366,Kristopher Curtis,31,Illustrator,business,2024-08-19,US,low,False,verified
C-3367,Wesley Wright,36,Art gallery manager,business,2019-07-01,CA,low,False,verified
C-3368,James Grimes,45,"Surveyor, hydrographic",business,2022-09-12,US,low,False,verified
C-3369,Jason Murphy,29,Press photographer,savings,2019-03-09,US,low,False,verified
C-3370,Richard Collins,42,Pharmacologist,checking,2025-03-20,US,low,False,verified
C-3371,Jeremy Medina Jr.,35,"Production designer, theatre/television/film",savings,2024-05-22,US,medium,False,verified
C-3372,Francis Walker,62,Risk manager,savings,2024-08-13,US,low,False,verified
C-3373,Carlos Vincent,80,Merchant navy officer,checking,2019-02-22,US,low,False,verified
C-3374,James Anderson,73,Educational psychologist,checking,2024-04-08,US,low,False,verified
C-3375,Dylan Rodriguez,36,"Lecturer, higher education",savings,2022-08-08,FR,low,False,verified
C-3376,Timothy Smith,72,"Physicist, medical",checking,2018-03-02,US,high,False,verified
C-3377,Christopher Phillips,25,Production engineer,business,2020-11-05,US,low,False,verified
C-3378,Melissa Wells,68,Oncologist,checking,2017-11-27,DE,medium,False,verified
C-3379,Austin Johnson,66,Careers information officer,savings,2018-05-02,US,low,False,verified
C-3380,Ariel Watson,37,Retail manager,business,2024-09-19,US,low,False,verified
C-3381,Robert Fowler,80,Best boy,savings,2016-08-16,US,medium,False,verified
C-3382,Kimberly Rodriguez,68,Theatre stage manager,checking,2021-09-22,US,medium,False,verified
C-3383,Michael Frey,29,Conference centre manager,business,2018-07-10,US,high,False,verified
C-3384,Kenneth Khan,22,Materials engineer,checking,2021-01-02,BS,high,False,verified
C-3385,Alexis Pham,48,Product designer,checking,2017-11-29,US,low,False,verified
C-3386,Rebecca Farrell,55,"Physicist, medical",checking,2017-04-29,UK,low,False,verified
C-3387,Tamara Brown,62,Seismic interpreter,savings,2019-01-28,DE,low,False,verified
C-3388,Stacey Peterson,45,Planning and development surveyor,savings,2020-01-08,US,low,False,verified
C-3389,Janice Goodwin,24,Art therapist,business,2021-03-05,US,low,False,verified
C-3390,Robert Jackson,38,Geochemist,savings,2026-01-17,FR,high,False,verified
C-3391,Carl Powers,24,"Exhibitions officer, museum/gallery",savings,2021-08-07,US,low,False,verified
C-3392,Heidi Goodwin,43,"Geologist, wellsite",business,2017-01-13,UK,low,False,verified
C-3393,Jessica Torres,44,Mental health nurse,business,2019-06-01,US,low,False,verified
C-3394,Patrick Kane,69,Camera operator,business,2017-09-04,US,low,False,verified
C-3395,Brittany Marquez,20,Product/process development scientist,savings,2019-06-02,US,low,False,pending
C-3396,Pamela Simon,62,Regulatory affairs officer,checking,2023-05-21,MM,high,True,verified
C-3397,Robyn Miller,65,Primary school teacher,savings,2025-07-29,US,low,False,verified
C-3398,Daniel Beck,38,Dietitian,savings,2021-06-16,US,low,False,verified
C-3399,Sean Peters,43,Museum education officer,checking,2023-06-01,PA,medium,False,verified
C-3400,Stephanie Gomez,26,"Administrator, charities/voluntary organisations",checking,2023-02-11,CA,low,False,verified
C-3401,Ryan Lawson,29,Naval architect,savings,2026-03-10,US,low,False,verified
C-3402,Dawn Espinoza,25,"Engineer, broadcasting (operations)",savings,2016-11-23,US,low,False,verified
C-3403,Rebecca Perez,29,Sports administrator,checking,2021-08-05,UK,low,False,pending
C-3404,Marcus Perez,64,Event organiser,business,2025-05-17,US,low,False,verified
C-3405,Scott Boyer,37,Civil Service administrator,savings,2021-09-17,FR,low,False,verified
C-3406,Jennifer Wells,18,Historic buildings inspector/conservation officer,savings,2021-09-15,US,low,False,verified
C-3407,Jeffery Zhang,64,Health promotion specialist,business,2019-02-08,FR,high,False,verified
C-3408,Tina Green,73,Physiotherapist,savings,2017-02-05,US,low,False,verified
C-3409,Sabrina Koch,71,Brewing technologist,savings,2021-04-25,US,low,False,verified
C-3410,Joanna Mueller,80,Clinical biochemist,checking,2016-09-19,VG,low,False,verified
C-3411,Nicole Mcbride,42,IT sales professional,savings,2018-12-22,FR,low,False,verified
C-3412,Bridget Bryant,24,Retail buyer,checking,2021-09-09,US,low,False,verified
C-3413,Joshua Cruz,74,Writer,checking,2022-03-30,US,medium,False,pending
C-3414,Kevin Robertson,60,"Designer, fashion/clothing",savings,2025-05-31,US,low,False,verified
C-3415,Linda Torres,58,International aid/development worker,business,2021-05-17,US,low,False,verified
C-3416,Sara Garcia,63,"Production assistant, television",checking,2023-05-17,FR,low,False,verified
C-3417,David Patrick,59,"Therapist, sports",checking,2021-12-20,US,medium,False,verified
C-3418,Michelle Thompson,38,Consulting civil engineer,checking,2025-08-11,DE,low,False,verified
C-3419,Mariah Vargas,33,"Designer, textile",business,2021-10-11,US,low,False,verified
C-3420,Ricky Hernandez,54,"Clinical scientist, histocompatibility and immunogenetics",checking,2026-06-02,US,low,False,verified
C-3421,Kathryn Myers,22,"Designer, graphic",checking,2026-01-01,US,low,False,verified
C-3422,Victoria Holmes,75,"Scientist, biomedical",business,2025-10-21,US,low,False,verified
C-3423,Kristin Lewis,31,Dancer,checking,2017-10-10,DE,low,False,verified
C-3424,Alexis Hall,35,"Accountant, chartered",business,2016-09-22,US,low,False,pending
C-3425,Jasmin Hamilton,26,Colour technologist,checking,2017-01-06,US,medium,False,verified
C-3426,Ryan Carlson,30,"Surveyor, insurance",business,2025-10-05,UK,medium,False,verified
C-3427,Michelle Martinez,71,Sports development officer,savings,2017-05-26,CA,medium,False,verified
C-3428,Jake Robles,43,Homeopath,savings,2017-03-07,US,high,False,verified
C-3429,Stephanie Roberts,43,"Investment banker, operational",business,2023-01-23,CA,low,False,verified
C-3430,Angela Dixon,44,Art gallery manager,business,2024-06-04,US,high,False,verified
C-3431,Richard Miranda,61,Statistician,savings,2022-12-24,UK,low,False,verified
C-3432,Eric Cline,20,Theatre stage manager,savings,2019-09-23,US,high,False,verified
C-3433,Anne Smith,67,Adult guidance worker,business,2021-02-18,US,low,False,verified
C-3434,Sydney Smith,32,Health promotion specialist,checking,2025-12-31,US,high,False,pending
C-3435,Leah Kim,31,Cabin crew,business,2019-11-17,US,low,False,verified
C-3436,Amber Reynolds,34,Newspaper journalist,savings,2020-10-13,US,medium,False,verified
C-3437,Adam Holland,34,Metallurgist,business,2019-07-22,US,low,False,pending
C-3438,Brandon Pittman,21,Equality and diversity officer,checking,2026-06-07,US,low,False,verified
C-3439,Jeremy Nguyen,71,Oceanographer,checking,2022-09-15,US,medium,False,verified
C-3440,Leslie Barton,22,"Psychotherapist, child",business,2016-12-25,US,low,False,verified
C-3441,Holly Hoffman,75,"Engineer, broadcasting (operations)",business,2020-11-11,US,high,False,verified
C-3442,Elizabeth Taylor,30,Social researcher,savings,2023-10-27,CA,low,False,verified
C-3443,Jennifer Price,78,Psychiatric nurse,business,2024-05-31,US,low,False,verified
C-3444,Kimberly Grant,24,"Scientist, product/process development",business,2025-07-17,UK,medium,False,verified
C-3445,Kaitlyn Cooley,24,Radio producer,business,2024-05-19,US,low,False,verified
C-3446,Andre Pratt,60,"Pilot, airline",savings,2018-05-15,CA,low,False,verified
C-3447,Billy Gibson,25,Multimedia programmer,savings,2016-10-18,US,medium,False,verified
C-3448,Beth Harding,77,Consulting civil engineer,business,2020-11-17,US,low,False,verified
C-3449,Virginia Gibson,41,"Scientist, research (maths)",checking,2022-05-03,US,low,False,verified
C-3450,Chelsea Smith,79,Careers information officer,savings,2022-02-05,UK,low,False,verified
C-3451,Tony Merritt,54,"Merchandiser, retail",checking,2025-11-28,UK,low,False,verified
C-3452,Rachel Ward,33,"Sales professional, IT",savings,2019-09-16,FR,high,False,verified
C-3453,Julia Bryant,29,Chemical engineer,checking,2023-04-11,KP,low,False,verified
C-3454,Edward Guzman,29,Cabin crew,business,2017-07-12,VG,low,False,verified
C-3455,Sandy Arnold,64,Health visitor,savings,2017-06-25,CA,high,False,verified
C-3456,Jennifer Taylor,76,Geographical information systems officer,checking,2018-05-02,US,low,False,verified
C-3457,Tommy Cook,19,Theatre manager,checking,2017-04-22,BS,low,False,verified
C-3458,Michael Forbes,78,"Geneticist, molecular",business,2023-10-10,US,high,False,verified
C-3459,Thomas Garcia,72,Surgeon,savings,2020-01-12,US,low,False,verified
C-3460,John Conley,59,"Investment banker, operational",checking,2020-11-30,US,low,True,verified
C-3461,April Lane,20,Computer games developer,savings,2025-01-04,US,low,False,pending
C-3462,Ronald Page,70,Adult nurse,checking,2025-12-11,UK,low,False,verified
C-3463,Mark Robinson,62,"Lighting technician, broadcasting/film/video",business,2020-08-30,CA,low,False,verified
C-3464,Julia Lewis,56,Copy,savings,2019-05-08,US,low,False,verified
C-3465,Wendy Gordon,27,"Surveyor, minerals",savings,2022-09-04,UK,low,False,verified
C-3466,Stacey Ramirez,68,Barrister,business,2017-06-14,UK,low,False,verified
C-3467,Theresa Montoya,36,"Education officer, museum",savings,2018-03-04,CA,low,False,verified
C-3468,Jesse Davis,56,Personnel officer,business,2017-04-15,US,low,True,verified
C-3469,Kimberly Velazquez,56,Midwife,savings,2016-08-16,US,low,False,verified
C-3470,Richard Hahn,19,Barrister's clerk,checking,2017-06-24,UK,low,False,pending
C-3471,Vanessa Bishop,59,"Psychologist, educational",business,2025-06-04,US,low,False,verified
C-3472,Robert Miller,58,Electronics engineer,business,2020-11-02,US,high,False,verified
C-3473,Amanda Cox,19,Prison officer,savings,2017-02-04,US,high,True,verified
C-3474,Christina Johnson,36,Building services engineer,business,2024-08-29,US,high,False,verified
C-3475,Melanie Smith,50,Radio broadcast assistant,savings,2019-02-16,US,high,False,verified
C-3476,Victoria Miller,74,Retail merchandiser,business,2022-04-21,US,low,True,verified
C-3477,Michael Lyons,32,Ergonomist,savings,2024-09-02,US,low,False,verified
C-3478,Keith Mcdonald,79,"Therapist, horticultural",savings,2022-02-12,US,low,False,verified
C-3479,Scott Cooper,24,"Therapist, nutritional",savings,2019-02-19,US,medium,False,pending
C-3480,Pamela Gutierrez,75,Chartered management accountant,savings,2026-02-27,US,medium,False,verified
C-3481,Kayla Thomas,79,Public relations account executive,checking,2018-08-02,US,high,False,verified
C-3482,Joshua Lewis,35,Building services engineer,savings,2016-12-01,FR,low,False,verified
C-3483,Christian Hampton,21,Tree surgeon,business,2020-08-06,US,low,False,verified
C-3484,Andrea Stafford,42,"Engineer, production",savings,2026-04-10,US,medium,False,verified
C-3485,Monica Kim,35,"Scientist, research (physical sciences)",checking,2024-03-15,DE,low,True,verified
C-3486,Gail Hull,77,Petroleum engineer,savings,2021-11-11,CA,low,False,verified
C-3487,Don Gardner,40,Arboriculturist,savings,2024-01-07,US,low,False,verified
C-3488,Kevin Robinson,28,Food technologist,business,2025-06-22,US,low,False,verified
C-3489,Kathy Payne,29,"Editor, film/video",checking,2019-09-29,US,medium,False,verified
C-3490,Thomas Salinas,27,Hydrogeologist,checking,2020-08-15,US,low,False,verified
C-3491,Anthony Cook,63,Product designer,savings,2024-09-22,US,low,False,verified
C-3492,Michele Long,38,"Production assistant, radio",business,2022-10-06,US,low,False,verified
C-3493,Jackson Sanders,71,"Engineer, land",checking,2022-03-18,US,low,False,verified
C-3494,Alexandra Johnson,33,"Lecturer, further education",savings,2025-08-03,CA,low,False,verified
C-3495,Andrew Fuller,77,Insurance broker,savings,2023-11-14,US,medium,False,verified
C-3496,Lindsay Preston,32,Chiropodist,savings,2026-01-28,US,low,False,verified
C-3497,Julie Romero MD,74,Tourist information centre manager,business,2026-06-05,US,low,False,verified
C-3498,Gary Phillips,56,"Producer, television/film/video",savings,2023-05-21,BZ,medium,True,verified
C-3499,Michael Jackson,29,Aeronautical engineer,savings,2020-08-16,US,low,False,verified
C-3500,Tamara Edwards,48,"Geologist, wellsite",savings,2023-07-21,US,low,False,verified
C-3501,Christopher Smith,25,Charity fundraiser,savings,2023-03-27,KY,low,False,verified
C-3502,Steven Glover,27,Systems developer,savings,2020-02-20,US,low,False,verified
C-3503,Alexandra Heath,31,Arts administrator,checking,2017-05-09,US,low,False,verified
C-3504,Daniel Ball,59,"Education officer, museum",savings,2025-08-18,US,low,False,verified
C-3505,Robert Parks,71,Theatre stage manager,checking,2019-02-28,UK,low,False,verified
C-3506,Lisa Johnson,41,Heritage manager,checking,2017-01-01,US,high,False,verified
C-3507,Ariel Ramos,36,"Engineer, aeronautical",checking,2025-01-04,US,medium,False,verified
C-3508,Juan Galvan,59,Therapeutic radiographer,business,2023-04-22,PA,low,False,verified
C-3509,Susan Estrada,36,Brewing technologist,checking,2017-01-16,UK,medium,False,verified
C-3510,Mrs. Megan Robinson,78,Industrial buyer,checking,2024-04-17,US,low,False,pending
C-3511,Michael Riley,80,"Accountant, chartered certified",checking,2019-05-04,US,low,False,verified
C-3512,Andre Lewis,48,Armed forces technical officer,business,2021-08-18,US,medium,False,verified
C-3513,Paige Brown,70,Special effects artist,business,2019-07-25,US,low,False,verified
C-3514,Anna Walker,57,Legal secretary,savings,2025-05-15,US,low,False,verified
C-3515,Carrie Gardner,61,Logistics and distribution manager,checking,2024-03-01,US,low,False,verified
C-3516,James Bradley,26,Data processing manager,savings,2017-01-07,US,low,False,verified
C-3517,Andrew Russell,26,"Radiographer, therapeutic",checking,2022-04-04,US,medium,False,verified
C-3518,Maria Sanders,76,Phytotherapist,checking,2025-12-29,US,low,False,verified
C-3519,Kimberly Jones,19,Naval architect,business,2023-09-26,FR,low,False,verified
C-3520,Andrew Dominguez,62,Financial controller,savings,2026-07-11,DE,medium,False,verified
C-3521,Melissa Martinez,56,Engineering geologist,business,2023-03-10,CA,low,False,verified
C-3522,Donna Carpenter,66,Minerals surveyor,business,2025-03-08,VG,medium,False,verified
C-3523,James Ellis,54,"Designer, graphic",savings,2019-11-27,DE,medium,False,verified
C-3524,Christopher Bailey,24,"Administrator, arts",checking,2017-04-17,US,low,True,verified
C-3525,James Scott,43,"Nurse, adult",checking,2018-05-26,US,low,False,verified
C-3526,Joshua White,27,"Biochemist, clinical",checking,2022-11-04,DE,low,False,pending
C-3527,Laura Maxwell,71,English as a foreign language teacher,checking,2024-06-16,DE,low,False,verified
C-3528,Scott Jones,34,Ambulance person,business,2022-04-12,IR,low,False,verified
C-3529,Stephanie Combs,54,Armed forces training and education officer,checking,2020-02-16,CA,medium,False,verified
C-3530,Phillip Weaver,79,Patent attorney,checking,2021-09-01,US,low,False,verified
C-3531,Christian Leach,72,Chartered management accountant,savings,2020-05-27,US,low,False,verified
C-3532,Robert Jensen,74,Accounting technician,checking,2019-05-19,US,medium,False,pending
C-3533,Tina Mclean,57,"Programmer, multimedia",checking,2019-11-27,US,low,False,verified
C-3534,Kristine Tyler,54,Speech and language therapist,savings,2021-01-28,FR,low,False,verified
C-3535,Shannon Miller,68,"Therapist, horticultural",savings,2023-12-08,US,low,False,verified
C-3536,Emily Foster,40,Exercise physiologist,checking,2026-02-05,US,medium,False,verified
C-3537,Michael Khan,36,Actuary,business,2025-05-30,US,low,False,verified
C-3538,Jacob Meyer,36,Careers adviser,checking,2019-02-14,US,low,False,pending
C-3539,Dr. Melissa Martinez,59,"Producer, television/film/video",business,2017-09-16,CA,medium,False,pending
C-3540,Sarah Perez,63,Statistician,checking,2016-08-16,US,low,False,verified
C-3541,Michael Jackson,32,Translator,business,2023-10-27,US,low,False,pending
C-3542,Harold Lozano,25,Company secretary,savings,2021-10-14,US,high,False,verified
C-3543,Miranda Parks,64,Systems developer,business,2017-07-05,US,low,False,verified
C-3544,Brian Kim,73,Social worker,business,2020-04-11,US,low,False,verified
C-3545,Angela Chapman,42,Intelligence analyst,savings,2022-04-03,US,high,False,pending
C-3546,William Jackson,49,Chief Marketing Officer,business,2020-05-19,US,medium,False,verified
C-3547,Michelle Christensen,34,"Librarian, academic",business,2025-09-26,US,high,False,verified
C-3548,Ralph Lyons,41,"Engineer, technical sales",checking,2017-03-27,US,low,False,verified
C-3549,Lisa Moore,57,Television camera operator,checking,2021-05-11,US,medium,False,verified
C-3550,Jordan Rivera,59,Insurance risk surveyor,savings,2025-03-24,DE,low,False,verified
C-3551,Whitney Taylor,75,Publishing rights manager,business,2018-03-10,UK,medium,False,verified
C-3552,Juan Gilbert,51,Software engineer,business,2017-11-02,US,low,False,verified
C-3553,Veronica Taylor,22,"Designer, furniture",savings,2017-02-26,US,low,False,verified
C-3554,Donald Archer,39,"Engineer, mining",savings,2023-11-16,US,low,False,verified
C-3555,Shannon Adkins,59,Brewing technologist,savings,2020-10-11,US,low,False,verified
C-3556,Heather Morrison,58,"Engineer, building services",savings,2023-07-30,US,low,False,pending
C-3557,Nancy Navarro,49,Conference centre manager,checking,2016-12-03,US,low,True,pending
C-3558,Anthony Giles,47,Database administrator,business,2018-10-03,US,low,False,verified
C-3559,Mitchell Jimenez,24,Conference centre manager,checking,2023-07-09,US,low,False,pending
C-3560,Jake Lee,25,"Conservator, furniture",savings,2021-08-06,SY,low,False,verified
C-3561,Stephen Russell,63,Occupational hygienist,business,2018-07-14,US,low,False,verified
C-3562,Samantha Cooper,73,"Therapist, nutritional",savings,2018-11-15,US,low,False,verified
C-3563,Joyce Kelly,52,Television/film/video producer,savings,2017-07-10,DE,low,False,verified
C-3564,Bonnie Jones,41,Advice worker,savings,2023-01-30,CA,high,False,verified
C-3565,Ann Fleming PhD,28,"Buyer, retail",checking,2021-04-05,US,low,False,verified
C-3566,Lawrence Valencia,20,"Designer, interior/spatial",savings,2022-05-21,US,low,False,verified
C-3567,Colleen Raymond,56,Air cabin crew,savings,2019-03-15,US,low,False,verified
C-3568,Natalie Nicholson,28,Broadcast engineer,checking,2022-10-07,CA,low,False,verified
C-3569,Chris Miller,22,"Engineer, electrical",business,2025-12-14,US,low,False,verified
C-3570,Adrian Brown,41,"Optician, dispensing",checking,2022-02-19,US,low,False,verified
C-3571,Ryan Skinner,78,"Nurse, learning disability",savings,2021-03-03,US,low,False,verified
C-3572,Stephanie Reyes,66,"Nurse, mental health",savings,2025-11-11,US,low,False,verified
C-3573,Jose Long,76,Medical illustrator,business,2017-03-02,US,high,False,verified
C-3574,Peggy Logan,26,Hydrologist,business,2023-02-15,US,medium,False,pending
C-3575,Jeffrey Petty,21,Information officer,savings,2022-08-11,DE,low,False,verified
C-3576,Danny Butler,35,Actuary,savings,2019-08-03,US,low,False,verified
C-3577,Carol Lopez,60,Dispensing optician,checking,2020-06-01,US,medium,False,verified
C-3578,Roy Davis,71,Data processing manager,business,2019-02-14,US,high,False,verified
C-3579,Mary Gillespie,41,Lobbyist,business,2025-12-21,US,low,False,verified
C-3580,Erica Nunez,20,Chiropractor,business,2023-05-11,US,low,False,verified
C-3581,Makayla Friedman,35,"Social research officer, government",savings,2023-11-30,DE,low,False,verified
C-3582,Linda Mcdaniel,61,Chief Technology Officer,checking,2023-12-18,US,low,False,verified
C-3583,Brittany Allen,29,Insurance risk surveyor,savings,2025-08-21,BS,medium,False,verified
C-3584,Mary Duncan,41,Museum/gallery conservator,business,2019-03-15,DE,low,False,verified
C-3585,Gerald Allen,68,Contractor,business,2023-10-07,US,low,False,pending
C-3586,Diane Murray,43,"Embryologist, clinical",business,2025-06-15,US,medium,False,verified
C-3587,Holly Young,40,Financial trader,business,2019-03-04,US,low,False,verified
C-3588,Robert Lamb,73,Financial adviser,business,2017-05-04,US,high,False,verified
C-3589,Holly Barnett,40,Restaurant manager,checking,2020-08-14,US,medium,False,verified
C-3590,Nathan Wood,23,"Psychologist, sport and exercise",checking,2024-05-07,US,low,False,verified
C-3591,Michael Leonard,42,Restaurant manager,checking,2019-11-15,KP,low,False,verified
C-3592,Kevin Jacobson,78,"Geologist, wellsite",checking,2023-10-13,US,low,False,verified
C-3593,Sydney Rogers,27,"Engineer, communications",checking,2020-03-02,US,low,False,verified
C-3594,Jacob Kennedy,49,Geoscientist,business,2020-06-29,VG,low,True,verified
C-3595,Linda Shaw,43,Bonds trader,business,2020-11-15,US,low,False,verified
C-3596,Beth Thompson,55,Higher education lecturer,savings,2020-04-06,US,low,False,verified
C-3597,Susan Armstrong,43,Water engineer,business,2025-09-26,CA,low,False,verified
C-3598,Brandon Peterson,38,Oceanographer,checking,2022-07-10,BS,medium,False,verified
C-3599,Todd Johnston,23,Occupational psychologist,savings,2019-08-02,US,low,True,verified
C-3600,Brian Livingston,46,"Administrator, Civil Service",business,2021-02-04,US,low,True,pending
C-3601,Mrs. Isabel Love,29,Commissioning editor,business,2019-03-22,SY,low,False,verified
C-3602,Timothy Mitchell,74,Geochemist,business,2023-01-26,FR,medium,False,verified
C-3603,Danielle Merritt,34,Pathologist,business,2024-09-23,US,low,False,verified
C-3604,Eugene Parker,52,Banker,business,2021-02-03,DE,low,False,verified
C-3605,Matthew Ellis,40,Civil Service administrator,business,2026-03-05,CA,low,False,verified
C-3606,Alicia Ferguson,73,Community development worker,checking,2021-07-09,FR,high,False,expired
C-3607,Heather Jackson,40,Community arts worker,business,2017-05-11,US,low,False,verified
C-3608,Jillian Hendricks,45,"Surveyor, hydrographic",checking,2019-05-16,DE,high,False,verified
C-3609,Jack Montes,55,Health service manager,savings,2023-12-16,FR,medium,False,verified
C-3610,Stephen Wagner,64,Psychiatrist,checking,2019-02-28,IR,low,False,verified
C-3611,Marie Shelton,62,Art therapist,savings,2017-09-08,US,low,False,verified
C-3612,Vincent Kane,79,Agricultural consultant,savings,2023-06-25,CA,low,False,verified
C-3613,Glenn Harmon,64,Data scientist,business,2018-10-16,US,low,False,verified
C-3614,Jesse Ray,28,Office manager,savings,2023-05-21,US,low,False,verified
C-3615,Cory Smith,62,Health promotion specialist,business,2025-09-03,US,low,False,verified
C-3616,Amber Hines,53,Marketing executive,business,2024-09-19,US,low,False,verified
C-3617,Tara Brown,55,Mental health nurse,business,2019-10-26,US,low,False,verified
C-3618,Victoria Johnson,48,"Designer, blown glass/stained glass",checking,2021-05-27,CA,low,False,pending
C-3619,Monica Jones,19,Electronics engineer,business,2019-10-06,US,medium,False,verified
C-3620,Theresa Wilson,19,Aid worker,savings,2022-08-10,US,high,False,verified
C-3621,Kenneth Conner,78,"Engineer, water",checking,2024-03-12,US,low,False,verified
C-3622,Lori Miller,78,"Development worker, international aid",checking,2025-08-25,UK,medium,False,verified
C-3623,Craig Dean,25,Make,checking,2023-08-28,US,low,True,verified
C-3624,Jeanette Knox,56,Aid worker,savings,2022-07-29,US,low,False,verified
C-3625,Nicholas Chase,74,Fine artist,checking,2020-01-02,US,low,False,verified
C-3626,Tracy Bell,55,"Engineer, production",savings,2025-08-29,DE,low,False,verified
C-3627,Chris Steele,50,Probation officer,checking,2018-10-31,US,medium,True,verified
C-3628,Stephanie Morrison,59,Ecologist,business,2016-07-30,US,low,False,verified
C-3629,John Steele,31,Environmental education officer,savings,2024-05-20,US,low,True,verified
C-3630,Darrell Simmons,49,"Runner, broadcasting/film/video",business,2020-01-24,US,low,False,verified
C-3631,James Solomon,59,Structural engineer,business,2026-04-29,US,low,False,verified
C-3632,Cody Lawson,78,Community arts worker,business,2024-03-17,US,low,False,verified
C-3633,Sandra Gonzalez,62,Arboriculturist,savings,2017-07-20,US,medium,False,verified
C-3634,Christopher Garcia DDS,61,Surgeon,checking,2018-10-14,US,low,False,verified
C-3635,Megan Chen,37,"Education officer, museum",checking,2023-08-17,US,high,False,verified
C-3636,Katherine Leon,45,"Presenter, broadcasting",business,2025-10-17,UK,high,False,verified
C-3637,Kimberly Scott,65,Operational researcher,checking,2021-05-07,US,low,False,verified
C-3638,Paul Anderson,77,"Engineer, manufacturing systems",checking,2026-05-12,US,low,False,verified
C-3639,Vickie Haas,31,Curator,checking,2026-02-01,US,high,False,verified
C-3640,Katie Walters,60,Translator,checking,2019-06-26,DE,low,False,verified
C-3641,Hannah Mooney DVM,67,Systems developer,business,2018-02-08,US,low,False,verified
C-3642,Wanda Welch,73,Educational psychologist,business,2018-05-08,US,low,False,verified
C-3643,Jennifer Bennett,66,Waste management officer,business,2026-06-30,US,medium,False,verified
C-3644,Jacob Williams,52,Neurosurgeon,checking,2018-12-26,US,low,False,verified
C-3645,Rachel Mendoza,29,Financial risk analyst,business,2017-03-25,US,medium,False,verified
C-3646,Kim Nelson,49,Regulatory affairs officer,savings,2019-04-28,US,medium,False,verified
C-3647,Abigail Caldwell,80,Estate manager/land agent,business,2025-02-17,US,low,False,verified
C-3648,Patricia Delgado,40,Jewellery designer,savings,2018-01-18,US,low,False,verified
C-3649,Andrea Hampton,39,Ecologist,savings,2020-07-29,US,low,False,verified
C-3650,Richard Beck,22,Estate manager/land agent,savings,2022-04-10,DE,high,False,verified
C-3651,Mary Hughes,66,Interior and spatial designer,checking,2023-11-14,US,low,False,verified
C-3652,Amanda Flores,33,"Teacher, adult education",business,2017-04-16,UK,low,True,expired
C-3653,Mark Jones,74,Chartered legal executive (England and Wales),checking,2020-11-04,CA,medium,False,verified
C-3654,Andrea Knight,69,"Lighting technician, broadcasting/film/video",business,2019-11-12,US,low,False,verified
C-3655,Keith Lambert,53,Technical author,business,2023-10-10,US,low,False,verified
C-3656,Christine Morris,45,Sports development officer,savings,2021-07-13,UK,medium,False,verified
C-3657,Amy Lara,23,"Copywriter, advertising",checking,2016-09-29,US,low,False,verified
C-3658,William Estrada,32,Building services engineer,business,2022-10-16,US,low,True,verified
C-3659,Anne Daniel,72,Chartered public finance accountant,savings,2018-01-22,CA,low,False,verified
C-3660,Dakota Sanchez,26,Planning and development surveyor,savings,2025-08-16,PA,low,False,verified
C-3661,Julie Knight,34,Professor Emeritus,savings,2020-08-16,US,low,False,verified
C-3662,Kelly Lewis,68,"Development worker, international aid",business,2020-10-29,US,low,False,verified
C-3663,Crystal Yates,32,Electrical engineer,savings,2017-11-18,US,low,False,verified
C-3664,Megan Johnson,56,"Librarian, academic",checking,2023-07-09,US,high,False,verified
C-3665,Kimberly Alvarez,63,Sport and exercise psychologist,checking,2020-10-07,US,medium,False,verified
C-3666,Mark Clark,63,"Teacher, music",business,2025-07-26,US,low,False,verified
C-3667,Ellen Wilson,32,"Chemist, analytical",business,2022-11-12,CA,high,False,verified
C-3668,Eric Johnson,23,Science writer,business,2023-04-15,US,low,False,verified
C-3669,Mallory White,41,Company secretary,savings,2018-01-04,US,medium,False,verified
C-3670,Kevin Bell,34,Aeronautical engineer,savings,2024-04-23,US,low,False,verified
C-3671,Mr. Willie Hart,22,"Programmer, multimedia",savings,2024-07-23,US,medium,False,verified
C-3672,Adam Williams,23,Counselling psychologist,business,2020-10-09,FR,medium,False,verified
C-3673,Jennifer Parker,68,"Presenter, broadcasting",savings,2021-07-12,US,medium,False,verified
C-3674,Jerome Cole,61,Insurance broker,business,2025-05-31,US,low,True,verified
C-3675,Robert Cruz,77,"Loss adjuster, chartered",checking,2020-10-30,US,low,False,verified
C-3676,Dawn Rivera MD,31,Financial risk analyst,savings,2020-02-04,US,low,False,verified
C-3677,Julie Johnson,64,Nature conservation officer,business,2026-04-25,US,low,False,verified
C-3678,Lisa Mccarty,54,Prison officer,savings,2017-05-09,UK,medium,False,verified
C-3679,Krystal Howard,19,"Teacher, adult education",checking,2023-07-11,US,low,False,verified
C-3680,Daniel Neal,40,"Therapist, horticultural",business,2021-03-23,US,medium,False,verified
C-3681,Jacob Rodriguez,35,Seismic interpreter,checking,2018-03-05,US,low,False,verified
C-3682,Daniel Evans,51,Careers information officer,savings,2025-02-05,CA,low,False,verified
C-3683,Sydney Oliver,74,"Surveyor, minerals",savings,2024-12-20,DE,low,False,verified
C-3684,Lisa Bailey,59,Herbalist,savings,2020-09-14,US,low,False,verified
C-3685,Edwin Rivera,62,Garment/textile technologist,checking,2025-04-24,DE,low,False,verified
C-3686,Dorothy Walker,45,Furniture designer,business,2024-06-02,US,low,True,verified
C-3687,Elizabeth Martinez,46,"Teacher, early years/pre",savings,2025-11-04,US,low,False,verified
C-3688,Nicole Sanchez,21,Further education lecturer,savings,2019-04-28,DE,low,False,verified
C-3689,Darrell Ibarra,28,Outdoor activities/education manager,checking,2019-03-15,DE,medium,False,verified
C-3690,Megan Sandoval,22,"Surveyor, mining",business,2018-04-11,US,low,False,verified
C-3691,Kevin Mason,18,"Conservation officer, historic buildings",savings,2022-08-14,US,low,False,verified
C-3692,Timothy Mcneil,65,Site engineer,checking,2022-12-28,IR,low,False,verified
C-3693,Lauren Peck,45,Chiropodist,checking,2019-01-21,US,low,True,verified
C-3694,Adam Shannon,24,"Teacher, English as a foreign language",savings,2021-01-07,UK,high,False,verified
C-3695,Christopher Dalton,41,Armed forces logistics/support/administrative officer,savings,2021-05-09,US,medium,False,verified
C-3696,Samuel Bailey,47,Historic buildings inspector/conservation officer,savings,2022-11-13,US,low,False,verified
C-3697,Jacqueline Kennedy,69,Textile designer,business,2017-11-18,US,low,False,verified
C-3698,Amanda Smith,43,Immigration officer,checking,2019-05-07,US,low,False,verified
C-3699,Eric Hickman,33,Data scientist,checking,2023-10-20,US,low,False,verified
C-3700,Anthony Johnson,66,Market researcher,savings,2017-08-18,US,medium,False,verified
C-3701,Christina Shields,66,"Lecturer, further education",checking,2025-02-23,UK,high,False,verified
C-3702,Kendra Larson,31,Energy manager,checking,2019-11-15,US,low,False,verified
C-3703,Michael Ruiz,20,"Accountant, chartered",savings,2022-02-12,US,medium,False,verified
C-3704,Robert Livingston,79,Travel agency manager,savings,2018-09-30,US,low,False,verified
C-3705,Michael Tran,64,Energy engineer,savings,2019-02-27,CA,low,False,verified
C-3706,James Miller,24,Environmental health practitioner,business,2025-11-28,US,low,False,verified
C-3707,Amber Harris,25,"Education officer, museum",business,2018-06-20,CA,low,False,verified
C-3708,Timothy Yang,19,Analytical chemist,checking,2025-02-22,US,low,False,pending
C-3709,Jim White,77,Optometrist,savings,2018-08-23,US,low,False,verified
C-3710,Eric Alvarado,52,TEFL teacher,savings,2020-09-20,DE,low,False,verified
C-3711,Megan Barrett,23,"Sound technician, broadcasting/film/video",checking,2024-11-16,US,low,False,pending
C-3712,Rick Hinton,28,Interior and spatial designer,checking,2023-09-03,US,high,False,verified
C-3713,Laura Ramirez,34,Television floor manager,savings,2026-02-27,FR,low,False,verified
C-3714,Robert Davis,28,"Radiographer, therapeutic",savings,2020-12-11,UK,low,False,verified
C-3715,John Lopez,25,Applications developer,checking,2019-08-02,DE,low,False,pending
C-3716,Amy Perez,48,Medical technical officer,checking,2026-01-14,US,low,False,verified
C-3717,Robert Lynch,71,Health visitor,business,2020-10-14,US,low,False,verified
C-3718,Jerry Rogers,77,"Designer, jewellery",savings,2018-07-21,US,low,False,verified
C-3719,Xavier Hanson,44,Facilities manager,checking,2016-08-28,US,low,False,verified
C-3720,Gary Berry,75,Clinical cytogeneticist,savings,2018-09-20,PA,low,False,verified
C-3721,Crystal Robinson,33,Forensic scientist,savings,2020-08-24,US,high,False,verified
C-3722,Nicholas Martinez,41,Phytotherapist,checking,2024-05-25,IR,low,False,verified
C-3723,Robert Kim,37,Physiotherapist,business,2017-12-25,US,low,False,verified
C-3724,Leonard Potter,75,International aid/development worker,savings,2019-01-21,UK,low,False,verified
C-3725,Carrie May,80,"Engineer, materials",savings,2017-02-14,US,low,False,verified
C-3726,Carrie Hall,45,Television camera operator,checking,2022-02-15,US,low,False,verified
C-3727,John Young,80,"Engineer, technical sales",business,2019-04-10,UK,low,False,verified
C-3728,Rebecca Williams,73,"Sound technician, broadcasting/film/video",business,2019-07-11,DE,low,False,verified
C-3729,William Perkins,71,"Administrator, sports",savings,2017-06-21,US,low,False,verified
C-3730,Tina Stanley,67,Consulting civil engineer,checking,2019-06-29,US,low,False,verified
C-3731,Amy Olsen,76,Patent attorney,business,2025-09-23,US,low,False,verified
C-3732,Stephen Ford,31,"Civil engineer, consulting",business,2024-11-18,BZ,low,False,verified
C-3733,Mark Simpson,69,Gaffer,checking,2020-09-14,US,low,False,verified
C-3734,Sandra Walls,22,"Education officer, museum",business,2025-10-27,US,medium,False,pending
C-3735,Ian Weaver,75,Software engineer,savings,2025-04-15,FR,high,False,verified
C-3736,Richard Harrison,20,Data scientist,savings,2019-12-17,CA,low,False,verified
C-3737,Amy Moore,70,Tour manager,savings,2016-12-18,FR,medium,False,verified
C-3738,Rachael Cooper,67,"Nurse, mental health",savings,2024-02-23,UK,low,True,verified
C-3739,David Hunter,65,Data processing manager,checking,2026-01-13,US,medium,False,verified
C-3740,Mr. Jerry Hammond,68,Camera operator,business,2024-07-05,US,low,False,verified
C-3741,Bradley Krause,65,Communications engineer,business,2021-11-15,US,low,False,verified
C-3742,Amanda Terry,78,Surgeon,savings,2020-09-21,US,low,False,verified
C-3743,Lisa Caldwell,48,"Buyer, retail",savings,2021-02-08,BS,high,False,verified
C-3744,Roger Carter,32,Animal technologist,business,2024-07-17,CA,low,True,pending
C-3745,Linda Gomez,59,Theatre manager,savings,2026-04-13,FR,medium,False,verified
C-3746,Melissa Thompson,71,"Investment banker, corporate",business,2023-12-01,US,low,False,verified
C-3747,Ashley Garcia,33,Economist,checking,2017-12-26,US,low,False,verified
C-3748,James Scott II,37,"Programme researcher, broadcasting/film/video",checking,2018-05-20,US,low,False,pending
C-3749,Scott Hernandez,60,"Clinical scientist, histocompatibility and immunogenetics",savings,2020-04-27,US,low,False,verified
C-3750,Frank Cochran,56,"Therapist, art",checking,2025-05-10,US,low,False,verified
C-3751,Tyler Stout,50,Accommodation manager,checking,2023-06-28,UK,low,False,verified
C-3752,Christina Roberts,54,Immigration officer,checking,2020-12-28,FR,low,False,verified
C-3753,Alicia Shaw,47,"Scientist, physiological",savings,2021-07-22,US,low,False,verified
C-3754,Tammy Smith,61,"Psychologist, forensic",business,2016-10-09,MM,low,False,verified
C-3755,Scott Austin,70,Multimedia programmer,savings,2024-03-23,US,low,False,verified
C-3756,Andrea Miranda,54,Intelligence analyst,business,2018-06-17,US,high,True,pending
C-3757,Kathleen Hanson,42,"Education officer, environmental",checking,2020-07-15,DE,low,False,verified
C-3758,Christine Meza,32,"Therapist, sports",savings,2023-12-23,CA,low,False,verified
C-3759,Derrick Chavez,52,Research scientist (medical),savings,2021-04-22,US,low,True,verified
C-3760,Caitlin Howard,59,"Designer, exhibition/display",business,2016-09-27,DE,medium,False,verified
C-3761,James Daniels,30,Curator,checking,2024-08-29,US,low,False,verified
C-3762,Matthew Armstrong,78,"Designer, industrial/product",savings,2018-01-27,US,low,False,verified
C-3763,Benjamin Glass,75,Paediatric nurse,business,2018-09-30,US,low,True,verified
C-3764,Evan Todd,29,Television camera operator,checking,2020-08-02,US,low,False,verified
C-3765,Joel Cortez,39,"Designer, exhibition/display",savings,2023-01-08,US,low,False,verified
C-3766,Marcus Phillips,66,Education administrator,business,2016-12-28,US,low,False,verified
C-3767,George Green,76,"Scientist, audiological",checking,2016-10-31,US,medium,False,verified
C-3768,Gina Lee,31,Clinical biochemist,checking,2018-10-17,US,low,False,verified
C-3769,Sarah Williams,25,"Teacher, secondary school",business,2021-11-28,US,low,True,verified
C-3770,Michele Moore,53,Charity officer,business,2018-05-01,US,high,False,verified
C-3771,Travis Thompson,51,Camera operator,checking,2020-04-14,FR,low,False,verified
C-3772,Matthew Stephenson,62,Microbiologist,savings,2021-12-12,FR,low,False,verified
C-3773,Kimberly Nichols,23,Operational investment banker,checking,2019-07-18,US,low,False,verified
C-3774,Phillip Rodriguez,34,"Journalist, newspaper",business,2019-03-09,US,high,False,verified
C-3775,Jean Zhang,64,Contracting civil engineer,checking,2024-12-08,US,low,False,verified
C-3776,Amanda Price,61,"Teacher, early years/pre",savings,2025-11-05,US,low,False,verified
C-3777,Kathleen Little,62,Quantity surveyor,savings,2019-01-04,US,high,False,verified
C-3778,Garrett Doyle,74,Network engineer,checking,2022-12-10,US,low,False,verified
C-3779,Seth Curry,63,Commissioning editor,business,2022-07-10,US,medium,False,verified
C-3780,Claudia Barrett,65,Clinical research associate,checking,2022-09-02,US,high,False,verified
C-3781,Jessica Thomas,75,Cabin crew,checking,2018-07-01,US,medium,False,pending
C-3782,Michael Williams,80,"Development worker, community",business,2022-09-06,US,medium,False,verified
C-3783,Rebecca Rodriguez,66,"Radiographer, diagnostic",checking,2025-12-10,US,medium,False,expired
C-3784,Laura Atkins,33,Clinical research associate,business,2017-06-18,UK,low,False,verified
C-3785,Jill Bryan,60,Optometrist,checking,2022-06-12,US,low,False,verified
C-3786,Lisa Johnston,23,Secretary/administrator,savings,2017-07-12,US,low,False,verified
C-3787,Michael Rodriguez,36,Stage manager,business,2016-10-05,UK,high,False,verified
C-3788,Jeffrey Ortiz,51,Dispensing optician,checking,2023-08-17,US,medium,True,verified
C-3789,Gregory Gonzalez,78,"Designer, television/film set",savings,2021-12-15,US,medium,False,verified
C-3790,James Salas,34,"Accountant, chartered certified",checking,2019-10-13,FR,low,False,verified
C-3791,Robert Nelson,52,Senior tax professional/tax inspector,savings,2025-07-22,US,low,False,verified
C-3792,April Kelly,63,"Designer, television/film set",business,2025-10-24,US,high,False,verified
C-3793,Lisa Keller,73,Systems analyst,checking,2024-03-27,UK,low,False,verified
C-3794,Jerry Ferguson,78,Podiatrist,checking,2018-03-16,US,low,False,verified
C-3795,Jeffrey Sanchez,56,Ergonomist,checking,2018-05-03,US,medium,False,verified
C-3796,Stacy Macias,61,Retail banker,checking,2022-08-29,US,low,False,verified
C-3797,Richard Moyer,40,"Engineer, site",savings,2024-09-16,US,low,False,verified
C-3798,Paul Wagner,68,Clothing/textile technologist,savings,2025-05-25,KY,low,False,verified
C-3799,Susan Brady,27,Operational researcher,savings,2018-05-02,FR,high,False,verified
C-3800,David Arnold,40,Clinical embryologist,savings,2016-07-27,UK,low,False,verified
C-3801,Christopher Wagner,31,"Designer, graphic",savings,2018-07-29,US,low,False,verified
C-3802,Lee Garcia,35,"Sound technician, broadcasting/film/video",business,2025-01-20,US,low,False,verified
C-3803,Courtney Hurst,65,"Psychologist, clinical",checking,2023-12-08,US,medium,False,verified
C-3804,Amy Woods,45,Advertising account planner,checking,2020-08-16,US,low,False,pending
C-3805,Katherine Davis,45,Armed forces logistics/support/administrative officer,savings,2020-10-15,US,low,False,verified
C-3806,Jacqueline Perkins,19,Accounting technician,business,2022-11-29,US,medium,False,verified
C-3807,Kelly Chase,66,Geographical information systems officer,business,2019-01-14,US,low,False,verified
C-3808,Cameron Lawson,65,Outdoor activities/education manager,checking,2017-09-24,US,medium,False,verified
C-3809,Melissa Gomez,65,"Therapist, horticultural",checking,2020-10-02,UK,medium,False,verified
C-3810,Maria Weaver,45,Hydrographic surveyor,savings,2020-01-24,FR,low,False,verified
C-3811,Nicholas Smith DDS,47,Dentist,business,2023-07-31,US,low,False,verified
C-3812,Michael Short,27,"Social research officer, government",business,2020-05-29,US,low,False,verified
C-3813,Sergio Andrews,56,Chief Marketing Officer,business,2017-12-12,US,low,False,verified
C-3814,Eric Hunter,62,Systems developer,savings,2025-06-23,FR,low,False,verified
C-3815,Gabriel Guzman,72,"Presenter, broadcasting",savings,2022-11-06,US,low,False,verified
C-3816,Jeremy Evans,76,Copy,savings,2022-05-11,US,low,False,verified
C-3817,Jill Burton,42,Customer service manager,savings,2024-03-18,US,low,False,verified
C-3818,Kevin Shea,23,Biomedical scientist,checking,2024-03-17,DE,low,False,verified
C-3819,Jennifer Smith,37,"Accountant, chartered certified",savings,2022-02-05,FR,low,False,verified
C-3820,Elizabeth Frazier,65,Freight forwarder,business,2022-02-26,UK,low,False,verified
C-3821,Sarah Mitchell,23,Health and safety adviser,business,2017-04-25,US,high,False,verified
C-3822,Rebekah Pham,73,Immigration officer,checking,2017-09-09,US,low,False,verified
C-3823,Dylan Ellis,61,Lobbyist,savings,2018-08-17,DE,low,False,verified
C-3824,Kimberly Ferguson,52,Museum/gallery conservator,savings,2019-06-30,FR,low,False,pending
C-3825,Alyssa Roberts,28,Administrator,business,2024-06-27,US,low,False,verified
C-3826,Mark Drake,51,Administrator,checking,2019-10-31,US,medium,False,pending
C-3827,Russell Downs,53,"Development worker, community",checking,2020-07-19,VG,low,False,verified
C-3828,Amanda Ross,40,Surgeon,business,2022-08-01,US,low,False,pending
C-3829,Ryan White,66,Social researcher,business,2024-11-25,UK,low,False,verified
C-3830,Brian Walker,79,"Surveyor, commercial/residential",business,2025-05-03,KY,low,False,verified
C-3831,Cheryl Wade,80,Architectural technologist,savings,2019-11-12,FR,low,False,verified
C-3832,Robert Arnold,65,Water engineer,savings,2022-07-07,US,high,False,verified
C-3833,Roy Paul,50,Claims inspector/assessor,checking,2022-02-05,US,low,False,verified
C-3834,Sean Smith,23,Product manager,savings,2024-06-12,UK,low,False,verified
C-3835,Amber Lewis,78,Location manager,savings,2023-10-07,US,low,True,verified
C-3836,Jennifer Vargas,46,"Therapist, occupational",business,2020-02-15,FR,low,False,verified
C-3837,Thomas Clements,53,Naval architect,checking,2019-06-29,US,low,False,verified
C-3838,Pamela Lee,69,Primary school teacher,checking,2026-05-09,US,low,False,verified
C-3839,Stephanie Phillips,24,"Production assistant, radio",savings,2022-04-05,US,low,False,pending
C-3840,Karen Le,44,Advertising account executive,checking,2023-02-06,FR,low,False,pending
C-3841,Candice Humphrey,80,Animal nutritionist,savings,2016-11-16,US,high,False,expired
C-3842,Christina Watson,75,Community education officer,business,2017-01-14,US,medium,False,verified
C-3843,Edward Herring,25,Forensic psychologist,checking,2017-11-17,FR,low,False,verified
C-3844,Amanda Webb,58,Lobbyist,checking,2026-02-10,CA,low,False,verified
C-3845,Tanya Cardenas,54,Minerals surveyor,checking,2018-03-19,US,high,True,verified
C-3846,Jamie Cobb,77,Computer games developer,business,2017-09-24,FR,low,True,verified
C-3847,Lisa Graham,58,Purchasing manager,business,2017-12-07,DE,high,False,verified
C-3848,Patricia Lopez,47,"Education officer, community",savings,2017-10-24,CA,medium,False,verified
C-3849,David Frederick,35,Hospital pharmacist,business,2020-12-16,US,low,False,verified
C-3850,Jonathan Castillo,78,Neurosurgeon,savings,2019-08-07,US,low,False,verified
C-3851,Richard Watson,50,Environmental health practitioner,business,2022-07-28,CA,low,False,pending
C-3852,Brent Holloway,42,Exhibition designer,savings,2021-11-28,US,low,True,verified
C-3853,John Miller,44,"Copywriter, advertising",checking,2019-06-10,US,medium,False,verified
C-3854,Colleen Martin,56,"Therapist, occupational",checking,2017-02-15,US,low,False,verified
C-3855,Jennifer Barrett,55,"Chemist, analytical",business,2025-11-14,SY,low,False,verified
C-3856,Mitchell Kennedy,42,Customer service manager,checking,2022-11-24,DE,low,False,verified
C-3857,Christopher Barton,51,Social worker,business,2022-12-28,DE,high,False,verified
C-3858,Lisa Peters,76,IT sales professional,business,2022-02-08,US,low,False,verified
C-3859,Kevin Torres,26,Logistics and distribution manager,savings,2017-12-18,US,medium,True,verified
C-3860,Ashley Wilson,18,Retail buyer,checking,2019-11-04,UK,low,False,verified
C-3861,Bradley Jones,57,Legal secretary,savings,2025-09-23,US,low,True,verified
C-3862,Mallory Cox,51,Tour manager,business,2017-06-28,US,medium,False,verified
C-3863,Eric Ruiz,54,Medical secretary,checking,2022-12-13,VG,low,False,verified
C-3864,Charles Gonzales,64,Seismic interpreter,savings,2023-11-19,FR,high,False,verified
C-3865,Elizabeth Whitaker,74,"Psychologist, clinical",savings,2017-10-03,US,high,False,verified
C-3866,Michaela Whitney,26,Psychiatric nurse,business,2018-07-23,US,medium,False,verified
C-3867,Steven Harris,43,"Lecturer, further education",business,2018-11-17,FR,low,False,verified
C-3868,Amanda Lee,27,Senior tax professional/tax inspector,business,2018-09-28,US,medium,False,verified
C-3869,Richard Barker,73,Film/video editor,savings,2024-10-26,US,low,False,verified
C-3870,Lindsay White,27,Applications developer,savings,2021-09-10,US,low,True,verified
C-3871,Stacy Burnett,64,"Surveyor, hydrographic",checking,2017-03-31,US,low,False,verified
C-3872,Karen Alvarez,57,Acupuncturist,checking,2019-06-01,US,low,False,verified
C-3873,Catherine Sutton,71,Intelligence analyst,business,2018-05-19,FR,low,False,verified
C-3874,Eric Murphy,48,"Engineer, petroleum",checking,2025-10-30,US,medium,False,verified
C-3875,Karen Shaffer,62,Science writer,business,2017-01-23,US,low,False,verified
C-3876,Sharon Kelly,22,Purchasing manager,business,2018-06-11,PA,low,False,verified
C-3877,James Miller,38,Quality manager,savings,2020-12-28,US,medium,False,verified
C-3878,Christopher Lamb,39,Theatre stage manager,savings,2025-11-20,US,low,False,verified
C-3879,Mrs. Robin Taylor,45,Trade union research officer,checking,2022-04-27,UK,medium,False,verified
C-3880,Lori Jordan,64,Licensed conveyancer,savings,2017-02-02,US,high,True,pending
C-3881,Laurie Johnson,21,Animator,savings,2017-09-07,US,low,False,verified
C-3882,Kristen Castillo,59,Technical brewer,business,2016-09-24,US,low,False,verified
C-3883,Sandra Sutton,68,"Librarian, public",business,2018-03-15,US,low,False,verified
C-3884,Kimberly Ortiz,21,"Scientist, research (maths)",business,2019-06-21,US,low,False,verified
C-3885,Matthew Price,69,"Scientist, audiological",business,2024-04-30,KY,medium,False,verified
C-3886,Paul Santana,37,Volunteer coordinator,business,2023-10-22,US,low,False,verified
C-3887,Jessica Hoffman,41,Metallurgist,business,2024-10-20,DE,low,False,verified
C-3888,Erin Mckinney,35,Magazine features editor,checking,2024-02-09,US,medium,False,verified
C-3889,Joseph Rodriguez,74,"Therapist, drama",checking,2017-01-28,US,low,False,verified
C-3890,Jeremy Silva,21,Solicitor,business,2022-08-28,US,low,False,pending
C-3891,Sarah Roberson,22,"Copywriter, advertising",savings,2019-07-23,US,low,False,verified
C-3892,Margaret Solomon,58,Production engineer,business,2025-07-21,US,low,False,verified
C-3893,Timothy Christensen,78,Seismic interpreter,checking,2019-07-23,CA,high,False,verified
C-3894,Tammy Cochran,73,Geographical information systems officer,savings,2024-07-06,US,low,False,verified
C-3895,Jon Russo,28,"Scientist, research (medical)",checking,2026-07-07,US,low,False,pending
C-3896,Mrs. Catherine Robinson,50,Air traffic controller,checking,2018-08-30,US,low,False,verified
C-3897,Nicole Sweeney,71,Clothing/textile technologist,checking,2024-04-26,US,low,False,verified
C-3898,Lisa Odom,22,Solicitor,checking,2017-05-12,US,low,False,verified
C-3899,Gabrielle Smith,68,Advice worker,checking,2023-12-11,US,low,False,verified
C-3900,Sydney Church,57,"Teacher, primary school",business,2022-11-13,UK,low,False,verified
C-3901,Brian Mcdonald,48,Art gallery manager,checking,2020-04-08,US,low,False,verified
C-3902,Scott Middleton,41,Textile designer,checking,2018-08-22,US,low,False,verified
C-3903,Jacqueline Burton,37,Intelligence analyst,savings,2024-01-04,US,high,False,verified
C-3904,Alicia Bowen,44,"Administrator, charities/voluntary organisations",business,2024-04-02,US,low,False,verified
C-3905,Christie Nunez,72,Advertising account planner,savings,2024-01-10,US,low,False,verified
C-3906,Kenneth Cobb,41,Cartographer,business,2016-09-01,FR,low,False,verified
C-3907,Kim Farrell,39,Public relations account executive,business,2019-08-21,US,low,False,verified
C-3908,Emily Martinez,22,Physiological scientist,business,2016-12-26,FR,low,False,verified
C-3909,Joseph Mckenzie,50,Chiropractor,checking,2025-02-13,US,low,False,verified
C-3910,Amanda Murphy,43,Control and instrumentation engineer,business,2019-07-23,US,low,False,verified
C-3911,Christine Jones,73,Lobbyist,savings,2025-11-22,US,low,False,verified
C-3912,Kiara Harris,56,Operational investment banker,checking,2017-12-17,US,medium,False,verified
C-3913,Daniel Bailey,27,Tour manager,business,2020-07-28,US,medium,False,verified
C-3914,Harry Lindsey,33,Best boy,savings,2023-08-10,US,medium,False,pending
C-3915,Kimberly Cantrell,19,Planning and development surveyor,checking,2017-06-20,FR,low,False,verified
C-3916,Dorothy Wade,80,Chartered legal executive (England and Wales),checking,2023-01-26,US,low,False,verified
C-3917,Samantha Allen,25,Ranger/warden,business,2022-03-31,BS,low,False,verified
C-3918,Richard Wilson,49,Museum education officer,checking,2019-06-20,US,low,False,verified
C-3919,Michael Williams,70,Contractor,checking,2024-12-12,US,low,False,verified
C-3920,Kaitlyn White,20,Air broker,savings,2025-02-12,US,low,True,verified
C-3921,Jennifer Cannon,49,Multimedia specialist,business,2020-08-30,US,low,False,pending
C-3922,David Thompson,43,Charity fundraiser,business,2020-05-04,US,low,False,verified
C-3923,Barry Bush,67,Passenger transport manager,business,2017-04-30,US,low,False,verified
C-3924,Loretta Horton,33,Jewellery designer,checking,2022-11-29,DE,medium,False,verified
C-3925,Joseph Meyers,21,Hydrographic surveyor,checking,2020-08-29,US,low,False,verified
C-3926,William Richmond,32,Applications developer,checking,2018-06-15,PA,medium,False,verified
C-3927,April Henry,56,"Engineer, site",checking,2016-08-24,UK,high,False,verified
C-3928,Jason Henderson,72,Sales executive,business,2025-04-15,FR,high,False,verified
C-3929,David Nelson,70,Commercial art gallery manager,savings,2021-11-07,US,high,False,pending
C-3930,Leslie Bauer,76,Advertising copywriter,checking,2022-04-26,DE,low,False,verified
C-3931,Amanda Simpson,53,Gaffer,savings,2023-07-08,US,low,True,verified
C-3932,Mary Lawson,60,"Accountant, chartered certified",checking,2022-04-05,US,low,False,verified
C-3933,Joshua Garrison,50,Visual merchandiser,business,2021-08-27,FR,low,False,verified
C-3934,Shelby Webster,79,Make,savings,2017-09-06,US,medium,False,verified
C-3935,Sandra Wang,28,Soil scientist,checking,2024-01-19,US,low,False,verified
C-3936,Ryan Martinez,80,Geographical information systems officer,savings,2025-06-12,US,medium,False,verified
C-3937,Walter Shaffer,34,"Surveyor, minerals",business,2026-06-01,US,low,False,verified
C-3938,Nina Combs,70,Geoscientist,checking,2024-04-27,DE,low,False,verified
C-3939,Amanda Torres,66,"Engineer, manufacturing",business,2022-06-21,UK,low,False,pending
C-3940,Stephanie Hunter,61,"Engineer, land",checking,2022-01-18,SY,low,False,verified
C-3941,Paul Nixon,55,Environmental education officer,savings,2023-11-21,US,low,False,verified
C-3942,Duane Wells,75,"Administrator, education",checking,2024-11-09,FR,medium,False,verified
C-3943,Mitchell Jacobs,78,Writer,savings,2025-09-11,US,low,False,verified
C-3944,Hannah Hunt,75,Personnel officer,savings,2026-04-04,BZ,low,False,verified
C-3945,Carl Anderson,18,"Geneticist, molecular",business,2024-06-09,US,low,False,pending
C-3946,Tammy Jones,54,"Doctor, hospital",savings,2025-03-10,US,high,False,verified
C-3947,Bradley Johnson,47,Market researcher,checking,2021-01-24,UK,low,False,verified
C-3948,Derrick Ramirez,22,Advertising account planner,business,2017-02-16,US,low,False,verified
C-3949,Melissa Combs,72,Glass blower/designer,business,2017-07-24,US,low,True,verified
C-3950,Devin Cuevas,32,Film/video editor,savings,2024-12-19,US,low,False,verified
C-3951,Amy Webb,68,Warden/ranger,checking,2019-08-29,US,low,False,verified
C-3952,Tammy Thomas,38,Health and safety inspector,business,2022-01-02,US,high,False,verified
C-3953,Kevin Moss,34,Public relations officer,business,2018-01-27,US,low,False,verified
C-3954,David Mahoney,26,Optometrist,checking,2018-08-11,US,medium,False,verified
C-3955,Blake Crawford,25,Hydrogeologist,business,2024-07-01,US,low,False,verified
C-3956,Adrian Collier,52,"Engineer, site",savings,2018-04-15,UK,low,False,verified
C-3957,Joseph Howell,39,Animal technologist,savings,2018-06-27,FR,low,False,pending
C-3958,Jeffrey Watts,39,"Engineer, structural",savings,2017-01-24,US,low,True,verified
C-3959,Joshua West,50,"Doctor, general practice",checking,2017-02-14,US,low,False,verified
C-3960,Peggy Johnson,41,Legal executive,business,2024-05-11,US,low,False,verified
C-3961,Steven Gutierrez,41,Control and instrumentation engineer,checking,2017-04-06,US,low,False,verified
C-3962,Jason Stephens,34,Airline pilot,checking,2016-08-30,US,low,False,verified
C-3963,Larry Johnson,65,Chief Operating Officer,savings,2021-07-06,UK,low,False,verified
C-3964,Tyler Hart,23,"Administrator, charities/voluntary organisations",business,2016-10-27,CA,low,False,verified
C-3965,Luis Davis,18,Animal nutritionist,savings,2023-02-09,US,low,False,verified
C-3966,Brandon Harris,23,Museum/gallery conservator,checking,2022-03-24,UK,low,False,verified
C-3967,Kaitlyn Jones,75,Newspaper journalist,business,2021-07-09,US,low,False,pending
C-3968,Alexander Colon,23,Interpreter,checking,2025-04-07,US,low,False,verified
C-3969,Diana Russell,31,Clinical research associate,savings,2026-07-21,US,low,False,verified
C-3970,Christopher Morton,43,Broadcast presenter,checking,2021-04-21,US,low,False,verified
C-3971,David Sanchez,37,Audiological scientist,checking,2026-05-25,US,high,False,verified
C-3972,Darius Turner,60,"Conservator, museum/gallery",savings,2018-05-26,US,medium,False,verified
C-3973,Matthew Smith,29,"Lighting technician, broadcasting/film/video",checking,2018-05-17,DE,low,False,verified
C-3974,Debra Miller,66,Adult guidance worker,checking,2022-05-25,US,medium,False,verified
C-3975,Rodney Salinas,35,Public relations account executive,business,2025-05-25,UK,medium,False,verified
C-3976,Alexander Craig,52,Petroleum engineer,savings,2022-12-24,US,high,False,verified
C-3977,Brandon Leblanc,21,"Psychotherapist, dance movement",checking,2020-08-26,US,low,False,verified
C-3978,Lindsey Evans,44,"Surveyor, hydrographic",savings,2016-10-21,US,low,False,pending
C-3979,Brandi Gould,74,Mechanical engineer,checking,2022-05-29,US,low,False,verified
C-3980,James Anderson,54,Claims inspector/assessor,checking,2022-04-25,US,low,False,verified
C-3981,Troy Herrera,78,"Chemist, analytical",business,2018-04-09,FR,low,False,verified
C-3982,Stanley Holder,42,Higher education lecturer,business,2023-11-21,BZ,medium,False,verified
C-3983,Stacey Scott,64,"Surveyor, commercial/residential",business,2020-11-04,US,low,False,verified
C-3984,Veronica Craig,51,Computer games developer,savings,2018-09-14,US,high,False,verified
C-3985,Anthony Smith,74,Secondary school teacher,checking,2019-04-04,US,low,False,verified
C-3986,Alexander Curry,75,Primary school teacher,checking,2024-10-09,US,low,False,verified
C-3987,Ann Cunningham,68,"Teacher, music",savings,2016-11-20,CA,low,False,verified
C-3988,Ryan Anderson,56,Press sub,checking,2019-07-28,US,low,False,verified
C-3989,Kenneth Barber,28,Seismic interpreter,savings,2025-11-24,US,low,False,verified
C-3990,Terri Harris,55,Translator,savings,2026-03-08,US,low,False,verified
C-3991,Sandra Floyd,78,Event organiser,checking,2019-05-08,US,low,False,verified
C-3992,Jeffrey Cole,40,Archaeologist,business,2021-08-09,US,low,False,verified
C-3993,Kenneth Rose,56,"Investment banker, operational",checking,2019-04-23,US,low,False,verified
C-3994,Miguel Smith,42,Brewing technologist,checking,2026-07-18,US,low,False,verified
C-3995,Nicholas Parks,78,Data scientist,checking,2025-03-24,FR,low,False,verified
C-3996,Gary Johns,34,Engineering geologist,savings,2016-08-01,US,low,False,pending
C-3997,Joshua Bennett,80,"Horticulturist, amenity",checking,2024-01-02,US,low,False,pending
C-3998,Jody Wheeler DDS,48,"Accountant, chartered certified",business,2021-09-22,US,medium,False,verified
C-3999,Paula Kidd,19,Community development worker,business,2019-02-01,US,low,False,verified
C-4000,Aaron Riley,74,Chief Executive Officer,savings,2020-05-29,CA,high,True,verified
C-4001,Lori Hoover,79,Corporate treasurer,checking,2023-06-03,US,high,False,verified
C-4002,Jesus Decker,48,Ship broker,business,2026-01-06,US,low,False,pending
C-4003,Julia Moran,69,Armed forces operational officer,business,2020-06-12,US,low,False,verified
C-4004,Morgan Evans,29,Charity fundraiser,business,2025-12-29,US,medium,False,verified
C-4005,Kimberly Castillo,45,Further education lecturer,savings,2020-06-13,US,low,False,verified
C-4006,Alexander Carlson,19,Theme park manager,checking,2021-09-18,US,low,True,verified
C-4007,Danielle Wilson,27,Chief Strategy Officer,savings,2023-10-18,FR,low,False,verified
C-4008,Jeremy Noble,74,"Scientist, research (medical)",checking,2025-05-22,US,low,False,verified
C-4009,Matthew Peters,57,Merchant navy officer,savings,2023-07-05,US,low,False,verified
C-4010,Charles Berry,26,Insurance broker,checking,2018-01-24,US,low,False,verified
C-4011,Mark Ballard,61,"Administrator, charities/voluntary organisations",business,2017-03-31,US,low,False,verified
C-4012,Phillip Ramirez,52,Paediatric nurse,checking,2016-11-11,DE,low,False,pending
C-4013,Tony Lawson,79,Fitness centre manager,checking,2019-05-26,DE,low,False,pending
C-4014,Denise Sullivan,52,Private music teacher,business,2018-01-17,US,low,False,verified
C-4015,Anthony Taylor,80,"Administrator, sports",business,2024-08-31,US,low,False,verified
C-4016,Kimberly Davis,63,"Runner, broadcasting/film/video",savings,2018-02-01,FR,low,False,verified
C-4017,Daniel Griffin,49,Homeopath,business,2026-03-31,US,high,False,verified
C-4018,Steven Taylor,54,Set designer,savings,2020-01-12,US,low,False,verified
C-4019,Kathleen Barker,32,Copy,business,2021-03-29,US,low,False,verified
C-4020,Heather Maddox,72,Paramedic,savings,2019-09-06,US,medium,False,verified
C-4021,Courtney Forbes,79,Adult guidance worker,business,2016-08-24,US,high,False,verified
C-4022,Manuel Riddle,69,"Surveyor, minerals",business,2026-01-25,UK,low,False,verified
C-4023,Evelyn Dunn,77,Personal assistant,checking,2025-12-12,US,low,False,expired
C-4024,Rachel Villegas,69,Logistics and distribution manager,checking,2022-03-17,FR,medium,False,verified
C-4025,Sean Sanders,51,Ambulance person,business,2017-03-04,CA,low,False,verified
C-4026,Colleen Baker,33,Osteopath,business,2016-10-18,US,low,False,verified
C-4027,Justin Boyd,58,Proofreader,checking,2017-06-06,US,low,False,verified
C-4028,Shawn Solomon,28,"Engineer, control and instrumentation",business,2026-05-27,US,high,False,verified
C-4029,Nicholas Schaefer,72,Physiotherapist,checking,2017-04-01,US,low,False,verified
C-4030,Allen Conway,54,Site engineer,savings,2023-09-20,US,medium,False,pending
C-4031,Nicolas Graham,26,"Journalist, broadcasting",checking,2018-10-22,US,low,False,pending
C-4032,Stephanie Mcintyre,54,Further education lecturer,checking,2019-09-07,US,low,False,verified
C-4033,Tracy Torres,26,"Editor, film/video",checking,2025-07-03,US,medium,False,verified
C-4034,Jennifer Robinson,34,Hydrologist,business,2020-05-23,US,low,True,verified
C-4035,Ashley Davis,66,Fast food restaurant manager,savings,2016-08-18,US,medium,False,verified
C-4036,Dr. Mario Harris DDS,27,Regulatory affairs officer,checking,2025-01-07,US,low,False,verified
C-4037,Gregory Woodward,43,Charity officer,checking,2021-06-23,US,high,False,pending
C-4038,Christopher Bentley,68,Chiropractor,savings,2024-01-22,US,medium,False,verified
C-4039,Jimmy Cisneros,39,"Nurse, mental health",business,2021-02-04,CA,low,False,verified
C-4040,James Barnes,52,Naval architect,business,2025-11-30,FR,low,False,verified
C-4041,Rachel Cisneros,61,"Conservator, furniture",checking,2019-04-29,US,high,False,verified
C-4042,Timothy Suarez,33,Osteopath,business,2025-02-01,PA,low,False,verified
C-4043,Scott Adams,47,Youth worker,business,2019-07-01,US,medium,False,verified
C-4044,Bobby Moore,54,Best boy,savings,2022-12-15,US,low,False,verified
C-4045,Andrew Proctor,44,Clinical embryologist,savings,2024-08-17,US,medium,False,verified
C-4046,Keith Holder,71,Dancer,business,2017-10-26,US,medium,False,verified
C-4047,Dillon Clark,33,Astronomer,savings,2019-08-21,US,low,False,verified
C-4048,Patrick Gray,46,"Designer, ceramics/pottery",checking,2026-01-15,US,medium,False,verified
C-4049,George Walsh,32,Forensic psychologist,business,2022-08-11,US,low,False,verified
C-4050,Carla Scott,60,Drilling engineer,business,2016-09-25,US,medium,False,verified
C-4051,Michael Owen,62,Chartered management accountant,savings,2024-03-24,CA,low,False,verified
C-4052,Michael Snyder,32,"Engineer, building services",savings,2022-01-12,US,low,False,verified
C-4053,Charles Wright,32,"Pilot, airline",checking,2018-11-24,DE,low,False,verified
C-4054,Michael Mccormick,19,"Restaurant manager, fast food",business,2025-04-23,US,low,False,verified
C-4055,Cassandra Brown,32,"Scientist, forensic",checking,2019-05-03,US,low,False,verified
C-4056,Kimberly Kaiser,38,Ophthalmologist,savings,2019-02-28,CA,medium,False,verified
C-4057,Hannah Garcia,49,Chiropractor,savings,2026-06-30,US,medium,False,verified
C-4058,Christopher Humphrey,27,Insurance risk surveyor,business,2018-07-11,US,medium,False,pending
C-4059,Angela Barber,55,Firefighter,business,2025-03-13,US,low,False,verified
C-4060,James Collins,69,"Secretary, company",savings,2020-10-20,CA,high,False,verified
C-4061,Cynthia Thomas,64,Risk analyst,checking,2020-05-31,UK,high,False,verified
C-4062,Mrs. Amy Hale,34,Civil Service fast streamer,savings,2022-07-06,US,low,False,verified
C-4063,Leslie Munoz,38,Artist,checking,2017-05-13,US,low,False,pending
C-4064,Amanda Smith,50,Human resources officer,business,2025-10-03,US,low,False,verified
C-4065,Bruce Rodriguez,44,Research scientist (maths),savings,2024-01-15,US,medium,False,verified
C-4066,Julie Pearson,63,Patent examiner,checking,2017-01-07,US,low,False,verified
C-4067,Stacey Todd,22,"Designer, furniture",checking,2024-03-03,US,low,False,verified
C-4068,Melinda Jensen,40,Arts development officer,business,2023-10-13,US,low,False,verified
C-4069,Kevin Mitchell,31,"Psychologist, prison and probation services",business,2024-10-11,UK,high,True,pending
C-4070,Jacob Smith,23,Community arts worker,checking,2017-05-02,US,medium,False,verified
C-4071,Gina Morgan,49,Diagnostic radiographer,business,2023-08-17,US,low,False,verified
C-4072,Thomas Grant,80,"Producer, radio",checking,2021-10-16,DE,low,False,verified
C-4073,Chad Mcdonald,50,Banker,checking,2023-09-19,US,medium,False,verified
C-4074,Tony Rodriguez,77,Air broker,business,2022-02-02,US,low,False,verified
C-4075,Peggy Harrison,43,"Designer, fashion/clothing",business,2017-11-11,US,low,False,verified
C-4076,Kyle Chang,78,Music tutor,savings,2019-01-29,US,medium,False,verified
C-4077,Bryan Gonzalez MD,60,Ergonomist,checking,2016-12-19,US,low,False,verified
C-4078,Kristin Rodriguez,47,Actor,business,2018-05-21,US,low,False,verified
C-4079,Adrian Sharp,43,Stage manager,business,2020-03-24,US,low,False,verified
C-4080,Sean Mason,34,"Administrator, local government",checking,2018-04-05,US,high,False,verified
C-4081,Sean Lee,48,Control and instrumentation engineer,checking,2018-09-12,US,low,False,verified
C-4082,Cody Cordova,22,Community development worker,business,2020-06-21,US,low,False,verified
C-4083,Willie Morrison,20,Museum/gallery exhibitions officer,checking,2022-01-29,US,low,False,verified
C-4084,Debbie Estrada,66,Advertising account planner,savings,2020-06-14,DE,low,False,verified
C-4085,Michael Jones,20,Water quality scientist,savings,2023-06-19,DE,low,False,verified
C-4086,Samuel Rocha,48,Medical sales representative,business,2023-07-15,US,low,False,verified
C-4087,Terri Davis,62,Automotive engineer,business,2023-12-03,DE,low,False,verified
C-4088,Stephanie Colon,53,Network engineer,checking,2017-04-16,US,low,True,verified
C-4089,Mr. Craig Williams,41,"Scientist, research (medical)",checking,2024-03-26,FR,low,True,verified
C-4090,Brooke Allison,20,"Clinical scientist, histocompatibility and immunogenetics",business,2022-10-06,US,high,False,verified
C-4091,Laura Roberts,54,"Horticulturist, commercial",checking,2021-08-06,US,low,False,verified
C-4092,Adam Durham,24,"Physicist, medical",checking,2022-07-28,US,low,False,verified
C-4093,Robin Stewart,67,Estate manager/land agent,business,2017-01-12,FR,low,True,verified
C-4094,Thomas Bennett,37,Medical sales representative,business,2024-03-14,DE,high,False,verified
C-4095,Virginia Wolfe,54,Operations geologist,business,2023-09-11,US,high,False,expired
C-4096,Michael Walls,57,Landscape architect,checking,2018-11-21,US,low,False,verified
C-4097,Anna Nguyen,39,Commissioning editor,savings,2025-05-15,US,low,False,verified
C-4098,Jonathan Green,20,"Designer, furniture",savings,2021-06-21,US,low,False,verified
C-4099,Lauren Coleman,72,Community education officer,savings,2019-10-07,US,low,False,verified
C-4100,George Garner,24,Clinical psychologist,business,2017-12-06,US,medium,False,verified
C-4101,Susan Velez,44,Landscape architect,checking,2024-08-20,US,low,False,verified
C-4102,Kevin Hubbard,26,Research scientist (medical),checking,2021-08-18,US,low,False,verified
C-4103,David Bennett,42,Armed forces technical officer,savings,2024-03-10,US,low,False,verified
C-4104,Julia Perez,69,Music therapist,checking,2016-10-01,US,low,False,verified
C-4105,Edward Chang,27,Merchant navy officer,checking,2024-04-13,US,low,False,verified
C-4106,Joel Thomas,33,Materials engineer,checking,2017-03-18,UK,low,False,verified
C-4107,Joe Brown,20,"Restaurant manager, fast food",business,2021-03-15,UK,low,False,verified
C-4108,Robert Fischer,68,Quarry manager,savings,2021-11-17,US,low,False,verified
C-4109,Crystal Beck,34,"Biochemist, clinical",checking,2018-09-23,US,high,False,verified
C-4110,Mr. Darren Smith,70,Electronics engineer,business,2025-06-14,US,medium,False,verified
C-4111,Benjamin Turner,61,"Journalist, broadcasting",business,2023-08-15,KP,low,False,verified
C-4112,Janet Martin,31,Drilling engineer,checking,2019-11-21,US,low,True,verified
C-4113,Jennifer Rice,22,Data scientist,business,2025-07-01,FR,low,False,expired
C-4114,Jose Evans,78,Armed forces technical officer,checking,2021-01-19,US,high,False,verified
C-4115,Chad Griffin,55,Multimedia programmer,business,2023-05-25,US,low,False,verified
C-4116,Tracy Heath,65,"Engineer, maintenance",checking,2025-12-30,US,medium,False,pending
C-4117,Joshua Mccall,70,Publishing copy,business,2020-09-27,US,low,False,verified
C-4118,Larry Robinson,40,Seismic interpreter,checking,2020-11-16,UK,low,False,pending
C-4119,Karen Williams,80,Air traffic controller,checking,2024-07-15,CA,low,False,verified
C-4120,Taylor Chaney,72,"Therapist, art",checking,2023-05-11,FR,low,False,verified
C-4121,Michael Deleon,56,Farm manager,savings,2019-02-28,US,low,False,verified
C-4122,Alexander Warren,70,Trade mark attorney,business,2024-04-14,US,low,False,verified
C-4123,Kenneth Harmon,45,Land,checking,2022-07-11,US,low,False,verified
C-4124,Trevor Frank,77,Interior and spatial designer,checking,2018-06-25,US,low,False,verified
C-4125,Erica Cole,59,Public relations account executive,checking,2021-07-26,US,low,False,verified
C-4126,Kathryn Morgan,77,Forest/woodland manager,checking,2018-02-25,DE,low,False,verified
C-4127,Laurie Huffman,37,Financial controller,business,2024-11-16,US,low,False,verified
C-4128,Bridget White,51,"Engineer, materials",savings,2025-03-02,US,low,False,verified
C-4129,Bianca Chandler,21,Education administrator,checking,2017-02-27,US,medium,True,verified
C-4130,Tony Thomas,38,"Civil engineer, contracting",business,2017-08-17,US,high,False,verified
C-4131,John Watson,24,Recruitment consultant,savings,2020-10-27,US,high,False,verified
C-4132,John Henderson,20,Barista,checking,2024-05-11,US,low,False,verified
C-4133,Stephen Watson,80,Homeopath,checking,2019-03-31,FR,low,False,verified
C-4134,Laura Hall,60,Minerals surveyor,business,2018-04-27,DE,low,False,verified
C-4135,Jeffery Lane,28,"Engineer, maintenance (IT)",savings,2022-05-30,US,low,False,verified
C-4136,Chelsea Roach,41,Patent attorney,savings,2026-07-07,US,high,False,verified
C-4137,Dr. Alexis Shea,43,Geographical information systems officer,checking,2018-05-29,FR,low,False,verified
C-4138,Jon Jones,47,"Pharmacist, hospital",savings,2022-01-10,US,low,False,pending
C-4139,Joanne Stephenson,62,Advertising account executive,savings,2025-10-12,US,low,False,verified
C-4140,Angela Bradshaw,69,Product designer,business,2025-06-08,US,medium,False,verified
C-4141,Grant Smith,27,Amenity horticulturist,checking,2019-06-23,US,low,False,verified
C-4142,Cody Conley,77,"Education officer, museum",savings,2019-02-07,UK,low,False,verified
C-4143,Kenneth Farrell,42,Prison officer,checking,2018-03-01,US,high,False,verified
C-4144,Jeremy Werner,32,"Surveyor, building control",checking,2016-08-13,US,low,False,verified
C-4145,Justin Figueroa,19,"Journalist, broadcasting",checking,2019-03-02,UK,low,False,verified
C-4146,Gregory Chandler,43,Statistician,checking,2019-10-25,US,low,False,verified
C-4147,Colleen Jacobs,78,Conference centre manager,checking,2021-03-08,US,low,False,verified
C-4148,Peter White,32,Chartered loss adjuster,business,2018-03-01,US,medium,False,verified
C-4149,Samantha Walker,43,Art gallery manager,checking,2019-07-20,US,high,False,verified
C-4150,Ruth Brown,72,Planning and development surveyor,business,2023-10-01,US,low,True,pending
C-4151,Matthew Holloway,60,Professor Emeritus,savings,2025-03-12,US,medium,False,verified
C-4152,Elizabeth Rowland,38,Theatre stage manager,checking,2021-06-16,US,low,False,verified
C-4153,Lori Brooks,34,Production manager,business,2023-10-17,DE,low,False,verified
C-4154,Kimberly Turner,61,"Accountant, chartered",business,2020-10-01,UK,low,False,verified
C-4155,Jack Gutierrez PhD,42,"Doctor, general practice",business,2017-01-03,US,low,False,verified
C-4156,Miguel Garcia,48,Dramatherapist,savings,2022-07-07,US,low,False,verified
C-4157,Raymond Strong,49,Hydrographic surveyor,business,2025-05-21,FR,medium,False,pending
C-4158,Andrew Green,78,"Teacher, primary school",checking,2025-09-14,DE,high,False,verified
C-4159,Carrie Moore,67,"Engineer, automotive",business,2019-01-14,VG,low,False,verified
C-4160,Tyler Sanchez,80,Broadcast engineer,checking,2016-12-20,DE,medium,False,verified
C-4161,Susan Trujillo,27,Local government officer,savings,2025-02-05,US,low,False,verified
C-4162,Luke Daniel,30,Leisure centre manager,checking,2019-05-27,US,high,False,verified
C-4163,Melanie Johnson,18,Ophthalmologist,savings,2022-05-17,US,low,False,verified
C-4164,Rhonda Mitchell,80,"Engineer, manufacturing",checking,2022-10-20,US,low,False,verified
C-4165,Danielle Golden,76,Hospital pharmacist,savings,2025-01-23,US,low,False,verified
C-4166,Christopher Simmons,57,Actor,business,2024-09-06,US,low,False,pending
C-4167,Justin Yang,44,Exercise physiologist,checking,2017-10-15,US,low,False,verified
C-4168,Rachel Goodwin,64,Chemical engineer,business,2018-03-07,DE,low,False,pending
C-4169,Jill Cook,80,"Therapist, sports",savings,2020-06-28,UK,low,False,verified
C-4170,Lisa Mendez,53,Banker,checking,2017-09-28,US,low,False,verified
C-4171,Jon Gonzalez,76,Quarry manager,checking,2021-02-28,US,low,False,verified
C-4172,Diana Jones,40,"Administrator, local government",business,2020-05-27,US,low,False,verified
C-4173,Sharon Davidson,47,Systems developer,savings,2018-08-06,KP,low,False,verified
C-4174,Marcus Robles,31,Theatre director,savings,2017-11-20,US,low,False,verified
C-4175,Billy Perez,38,Race relations officer,checking,2020-04-15,US,low,False,pending
C-4176,Bethany Henderson,80,Graphic designer,business,2021-04-19,US,low,False,pending
C-4177,Samuel Soto,22,Oceanographer,business,2019-01-31,US,high,False,verified
C-4178,Taylor Haynes,22,Web designer,savings,2020-10-27,US,low,False,verified
C-4179,Randall Johnson,63,"Teacher, English as a foreign language",business,2022-06-30,US,low,False,verified
C-4180,Sherry Barrera,24,International aid/development worker,savings,2025-04-23,US,low,False,verified
C-4181,Corey Thornton,19,Biomedical scientist,savings,2020-02-07,US,low,False,pending
C-4182,Gary Smith,54,Chief Marketing Officer,savings,2019-04-10,US,low,False,verified
C-4183,Brenda Perkins,76,Civil Service fast streamer,savings,2019-07-24,US,medium,True,verified
C-4184,Amber York,23,Radio producer,savings,2025-09-26,US,low,False,verified
C-4185,Charles Owens,27,Computer games developer,savings,2020-04-22,US,low,False,verified
C-4186,Shannon Hernandez,26,Chief Financial Officer,business,2021-07-31,US,low,False,verified
C-4187,Robert Fuller,62,IT technical support officer,checking,2023-07-27,US,medium,False,verified
C-4188,Ashley White,64,Actor,checking,2019-08-04,UK,low,False,verified
C-4189,Katherine Reynolds,20,Museum/gallery exhibitions officer,business,2024-11-10,US,low,False,verified
C-4190,Daniel Young,74,"Doctor, hospital",savings,2022-06-15,FR,low,True,verified
C-4191,Mrs. Anna Salas,33,Barista,checking,2018-03-23,US,low,False,verified
C-4192,Joshua Roberts,61,Police officer,savings,2019-04-25,US,medium,False,verified
C-4193,Felicia Gordon,54,Mechanical engineer,savings,2023-12-01,US,high,False,verified
C-4194,Sandra Weaver,25,IT sales professional,checking,2023-07-24,US,medium,False,verified
C-4195,Karen Sullivan,71,Drilling engineer,business,2016-09-28,US,low,False,verified
C-4196,Jennifer Martinez,35,Television/film/video producer,checking,2024-05-09,DE,low,True,verified
C-4197,Thomas Atkins,18,"Investment banker, operational",savings,2023-12-08,US,low,False,verified
C-4198,Kevin Jackson,39,"Designer, interior/spatial",business,2018-04-16,US,low,False,verified
C-4199,Alexa Rodriguez,28,"Education officer, museum",business,2020-02-03,US,low,False,verified
C-4200,Taylor Sullivan,19,Hydrologist,business,2021-01-13,US,low,False,verified
C-4201,Chelsea Hodges,64,Education administrator,savings,2023-01-10,US,low,False,verified
C-4202,Tracy Mcguire,62,Financial trader,savings,2025-10-14,US,low,False,verified
C-4203,Kelly Thompson,53,"Administrator, arts",savings,2024-06-11,US,high,False,verified
C-4204,Mary Foster,65,"Producer, radio",savings,2016-12-17,DE,high,False,verified
C-4205,Aaron Sellers,65,"Lighting technician, broadcasting/film/video",business,2024-11-04,US,low,False,verified
C-4206,Kevin Jordan,67,Electrical engineer,savings,2017-03-25,UK,medium,False,verified
C-4207,Maria Smith,63,Exhibition designer,business,2022-09-16,US,low,False,verified
C-4208,Philip Andrews,55,Financial trader,savings,2020-04-09,UK,high,True,pending
C-4209,Manuel Taylor,50,Hydrogeologist,savings,2024-12-05,US,medium,False,verified
C-4210,Travis Walker,74,"Accountant, chartered public finance",checking,2023-07-07,US,medium,False,verified
C-4211,Alex Rice,62,"Psychologist, clinical",checking,2021-06-03,US,high,False,verified
C-4212,James Ross,65,Personal assistant,checking,2024-11-15,US,low,False,verified
C-4213,William Berg,30,"Nurse, adult",checking,2019-05-18,US,high,False,verified
C-4214,Michelle Gomez,47,"Administrator, local government",checking,2022-04-16,US,high,False,verified
C-4215,Christopher Nelson,42,Chemical engineer,savings,2021-01-04,US,low,False,verified
C-4216,Charles Walker,20,Clinical psychologist,savings,2018-08-15,US,medium,False,pending
C-4217,Christina Jenkins,30,"Administrator, charities/voluntary organisations",checking,2022-12-29,CA,medium,False,verified
C-4218,Deanna Marquez,47,"Presenter, broadcasting",checking,2019-07-24,US,low,False,verified
C-4219,Michelle Price,64,Health and safety adviser,savings,2025-07-25,US,low,False,verified
C-4220,Thomas Gonzalez,65,"Editor, magazine features",savings,2021-03-15,US,medium,False,verified
C-4221,Jasmine Cox,58,Petroleum engineer,checking,2025-07-04,US,low,False,pending
C-4222,Jennifer Schwartz,61,Food technologist,checking,2022-08-10,US,medium,False,verified
C-4223,William Fuentes,64,Phytotherapist,business,2024-08-26,US,high,False,verified
C-4224,Scott Garcia,52,Statistician,checking,2020-12-23,US,medium,False,verified
C-4225,Dr. Kathleen Gilbert MD,76,Hydrographic surveyor,business,2023-07-16,US,low,True,verified
C-4226,Christopher Castro,80,"Producer, television/film/video",business,2019-08-22,US,medium,False,verified
C-4227,Angela Crawford,61,English as a foreign language teacher,business,2019-04-02,FR,low,False,verified
C-4228,George Gonzalez,55,Neurosurgeon,savings,2022-04-16,UK,medium,False,verified
C-4229,Philip Smith,32,Mechanical engineer,checking,2025-04-22,US,medium,False,expired
C-4230,Jacqueline Perez,69,"Copywriter, advertising",business,2020-09-29,UK,low,False,verified
C-4231,Diana Mcdonald,51,"Engineer, civil (consulting)",checking,2021-09-20,US,high,False,verified
C-4232,Deborah Delgado,56,"Accountant, chartered certified",business,2022-07-09,US,medium,False,verified
C-4233,Shannon Garrett,66,Intelligence analyst,savings,2021-05-19,US,high,False,verified
C-4234,Carrie Myers,48,Health promotion specialist,business,2018-11-28,US,low,False,expired
C-4235,Lindsey Conley,79,Amenity horticulturist,business,2022-05-19,US,low,False,verified
C-4236,Joseph Green,42,Physiotherapist,savings,2017-01-23,UK,medium,False,verified
C-4237,Matthew Jenkins Jr.,18,Environmental education officer,checking,2021-02-13,US,low,False,verified
C-4238,Kelly Hill,63,"Programmer, systems",business,2017-01-28,CA,low,True,pending
C-4239,Angela Goodwin,53,Make,checking,2025-05-08,US,low,True,verified
C-4240,Jason Mcdonald,61,Network engineer,checking,2024-02-12,UK,low,False,verified
C-4241,Tim Valenzuela,36,Broadcast engineer,business,2020-03-29,US,low,False,verified
C-4242,Michael Stone,33,"Scientist, forensic",checking,2024-01-12,VG,low,False,verified
C-4243,Teresa Hernandez,55,Public relations officer,savings,2025-10-23,US,medium,False,verified
C-4244,Ryan Smith,27,"Scientist, forensic",savings,2019-08-24,US,low,False,verified
C-4245,Jesse Skinner,34,"Surveyor, planning and development",checking,2020-05-31,KP,low,False,verified
C-4246,David Jenkins,54,Phytotherapist,savings,2016-11-23,UK,high,False,pending
C-4247,Crystal Wright,66,"Geologist, engineering",savings,2025-09-17,CA,medium,False,verified
C-4248,Danielle Johnson,28,Radiation protection practitioner,savings,2023-01-04,US,high,False,verified
C-4249,Alison Sullivan,36,Community arts worker,checking,2022-01-16,US,low,False,verified
C-4250,Nicholas Fisher,38,Public relations officer,checking,2025-09-04,US,low,False,pending
C-4251,Patty Mendez,49,Science writer,checking,2021-01-31,DE,low,False,verified
C-4252,Jessica Robinson,26,Landscape architect,checking,2023-04-30,FR,low,False,verified
C-4253,Amber Ruiz,70,"Engineer, land",checking,2022-04-16,US,low,False,verified
C-4254,Michael Jackson,42,"Scientist, biomedical",business,2023-07-02,US,low,False,verified
C-4255,Kathy Olson,61,Office manager,savings,2016-10-20,US,low,False,verified
C-4256,Rebecca Little,47,Advertising copywriter,business,2025-01-01,US,low,False,pending
C-4257,Laura Taylor,61,Commercial/residential surveyor,savings,2023-07-05,PA,low,False,verified
C-4258,Matthew Hoffman,20,Careers adviser,checking,2022-01-06,DE,low,False,verified
C-4259,Nathaniel Johnson,22,"Nurse, adult",business,2018-08-16,UK,low,False,verified
C-4260,Pamela Morales,58,"Designer, textile",savings,2022-05-05,US,medium,False,pending
C-4261,Stephanie Smith,72,"Engineer, agricultural",checking,2025-12-31,US,low,False,verified
C-4262,Cassandra Hood,21,Warden/ranger,business,2017-05-13,US,low,False,verified
C-4263,Rose Arias DDS,29,"Surveyor, planning and development",checking,2018-02-07,US,medium,False,verified
C-4264,Tracy Hammond,52,"Exhibitions officer, museum/gallery",checking,2021-03-14,US,medium,False,pending
C-4265,Thomas Smith,28,Pharmacologist,business,2024-10-15,US,low,False,verified
C-4266,Dennis Sullivan,28,"Horticulturist, amenity",checking,2018-02-21,PA,high,False,pending
C-4267,Michael Nichols,41,Farm manager,business,2026-04-16,FR,low,False,verified
C-4268,Ray Rosario,54,Immigration officer,checking,2023-06-08,US,medium,False,verified
C-4269,Melissa Rodriguez,62,Mechanical engineer,business,2024-04-25,US,low,False,verified
C-4270,Jennifer Johnson,53,Museum/gallery conservator,checking,2022-07-21,US,low,False,verified
C-4271,Gerald Ryan,18,Energy manager,business,2016-08-01,US,low,False,verified
C-4272,Lawrence Martin,21,Glass blower/designer,checking,2018-11-19,US,low,False,verified
C-4273,Natalie Ramirez,27,Financial trader,business,2024-09-06,IR,low,False,verified
C-4274,Rachel Benson,27,Call centre manager,checking,2021-03-22,US,low,False,verified
C-4275,Jennifer Shaw,19,"Accountant, chartered public finance",savings,2020-06-05,US,low,False,verified
C-4276,Martin Alvarado,42,Clothing/textile technologist,business,2020-01-01,US,medium,False,verified
C-4277,Lauren Campos,79,Associate Professor,business,2017-08-05,DE,low,False,verified
C-4278,Dawn Barton,27,Curator,checking,2025-07-30,US,low,False,verified
C-4279,Anna Smith,61,"Production assistant, radio",checking,2024-04-24,CA,low,False,verified
C-4280,Anthony George,23,"Designer, furniture",business,2020-09-08,UK,low,False,verified
C-4281,Jeremy Williams,46,Airline pilot,savings,2021-09-11,FR,high,False,verified
C-4282,Kelly Villanueva,75,Brewing technologist,savings,2021-02-08,US,low,True,verified
C-4283,Joseph Burke,36,Patent examiner,savings,2022-01-25,UK,low,False,pending
C-4284,Patricia Whitaker,56,Secretary/administrator,checking,2019-10-29,US,low,False,pending
C-4285,Mary Smith,38,Data processing manager,savings,2021-09-23,US,low,False,verified
C-4286,Tracy Bean,21,Educational psychologist,savings,2022-12-24,US,low,False,verified
C-4287,Donald Jones,27,"Solicitor, Scotland",checking,2016-08-01,CA,low,False,verified
C-4288,Melissa Ball,57,Musician,savings,2025-02-24,US,low,True,verified
C-4289,John Myers,57,"Administrator, local government",business,2022-02-20,US,low,False,verified
C-4290,Sara Allen,73,Communications engineer,business,2021-02-15,US,low,False,verified
C-4291,Regina Gamble,66,"Pharmacist, community",savings,2018-07-05,US,low,False,verified
C-4292,Deborah Adams,28,"Journalist, magazine",savings,2024-08-05,US,low,False,verified
C-4293,Matthew May,20,"Lecturer, higher education",business,2026-07-19,US,medium,False,verified
C-4294,Sheri Yoder,67,Ceramics designer,business,2018-05-08,DE,medium,False,verified
C-4295,Elizabeth Stanley,67,Customer service manager,business,2019-07-19,US,low,False,verified
C-4296,Jacqueline Russell,18,Advertising account executive,business,2022-06-03,US,low,False,verified
C-4297,Brooke Walker,60,Medical physicist,savings,2019-01-19,US,medium,False,verified
C-4298,Theodore Hudson,35,Ophthalmologist,checking,2024-10-17,US,low,True,verified
C-4299,Amy Bishop,28,"Production assistant, radio",checking,2016-07-27,US,medium,False,verified
C-4300,Elaine Bennett,57,Contracting civil engineer,business,2025-01-03,FR,low,False,verified
C-4301,Elizabeth Bell,80,Environmental education officer,checking,2023-07-20,US,medium,False,pending
C-4302,Jonathan Miller,51,Site engineer,checking,2024-09-18,UK,medium,False,pending
C-4303,Peggy Ramirez,75,"Administrator, sports",business,2026-04-10,FR,low,False,verified
C-4304,Samantha Nelson,22,"Sales professional, IT",savings,2022-01-12,US,low,False,verified
C-4305,Shannon Hudson,60,Research scientist (physical sciences),checking,2019-01-19,US,medium,False,verified
C-4306,Todd Ross,66,"Designer, blown glass/stained glass",savings,2026-07-22,US,medium,False,verified
C-4307,Crystal Johnson,79,Operational researcher,checking,2024-08-19,FR,low,False,verified
C-4308,Lori Rice,28,Herpetologist,business,2022-06-02,US,low,False,verified
C-4309,Kevin Bradley,63,Radio producer,business,2026-03-30,US,low,False,verified
C-4310,Mary Thompson,34,Arts administrator,business,2026-01-29,IR,medium,False,verified
C-4311,Joseph Lopez,33,Paediatric nurse,checking,2022-03-15,US,high,False,verified
C-4312,James Sanders,74,Professor Emeritus,savings,2026-01-19,IR,low,False,verified
C-4313,Jennifer Lopez,69,Location manager,checking,2020-05-02,US,low,False,verified
C-4314,Dr. Theresa Sandoval,78,"Designer, fashion/clothing",checking,2022-06-11,CA,low,False,verified
C-4315,Raven Gross,78,Firefighter,checking,2018-09-19,US,low,False,verified
C-4316,Morgan Grimes,79,Office manager,savings,2022-02-14,US,low,True,pending
C-4317,Jon Carr,55,Microbiologist,business,2025-09-23,US,high,False,verified
C-4318,Eric Wright,45,"Scientist, water quality",savings,2018-04-16,MM,low,False,expired
C-4319,Sharon King,75,Translator,savings,2024-09-11,US,low,True,verified
C-4320,Curtis Rice,36,Energy manager,checking,2026-04-29,FR,low,False,verified
C-4321,Brittney Martinez,74,Administrator,savings,2016-11-09,US,high,False,verified
C-4322,Donna Williams,33,"Psychologist, prison and probation services",savings,2025-11-12,CA,high,False,verified
C-4323,Luis Burgess,51,Broadcast engineer,savings,2026-02-17,US,medium,False,verified
C-4324,Matthew Perez,46,Analytical chemist,business,2025-04-09,US,high,False,verified
C-4325,Kristy Robinson,29,Commissioning editor,business,2016-09-23,IR,medium,False,verified
C-4326,Laura Morris,47,Speech and language therapist,checking,2021-04-07,US,low,False,verified
C-4327,Louis Graham,31,Land,business,2024-11-22,UK,low,False,verified
C-4328,Christopher Hartman,69,Control and instrumentation engineer,savings,2019-07-14,US,high,False,verified
C-4329,Marc Fletcher,73,Dentist,business,2017-02-13,US,low,False,verified
C-4330,George Hall,36,"Teacher, early years/pre",savings,2025-11-21,US,low,True,verified
C-4331,Jessica Dunlap MD,26,Games developer,savings,2022-02-24,US,high,False,verified
C-4332,Beth Pace,20,Sports administrator,checking,2025-10-11,US,medium,False,verified
C-4333,Amanda Huerta,29,Merchant navy officer,business,2020-08-02,US,low,False,verified
C-4334,Aaron Wells,20,Medical sales representative,checking,2019-01-09,US,low,False,verified
C-4335,Joan Ortiz,52,Chiropodist,business,2025-12-05,US,medium,False,verified
C-4336,Gary Castillo,28,Horticultural therapist,savings,2025-01-22,US,low,False,verified
C-4337,David Ayers,46,Recycling officer,business,2019-02-21,US,low,False,verified
C-4338,Emily Brandt,27,"Engineer, biomedical",business,2021-05-21,US,low,False,verified
C-4339,Sarah Davis,76,Associate Professor,checking,2021-07-11,DE,low,False,verified
C-4340,Martin Jones DVM,60,Maintenance engineer,business,2017-03-08,UK,low,False,verified
C-4341,Peter Gill,39,Editorial assistant,checking,2026-03-23,US,low,False,verified
C-4342,Gavin Howell,63,Television production assistant,savings,2022-07-17,US,low,False,verified
C-4343,Craig Washington,78,"Engineer, materials",savings,2021-02-27,US,medium,False,verified
C-4344,Nicholas Patrick,40,Insurance claims handler,checking,2019-04-25,US,high,True,verified
C-4345,Joshua Smith,64,Geoscientist,savings,2021-07-01,US,low,False,pending
C-4346,Paul Nichols,68,"Conservation officer, historic buildings",checking,2024-04-23,BS,medium,False,verified
C-4347,Austin Schmitt,48,"Accountant, chartered public finance",business,2023-06-26,FR,low,False,verified
C-4348,Frank Waters,73,Translator,checking,2017-04-11,US,low,False,verified
C-4349,Andrew Ellison,18,"Surveyor, hydrographic",checking,2025-02-05,US,high,False,verified
C-4350,Ann Neal,45,Dietitian,checking,2025-03-15,US,medium,False,verified
C-4351,Angela Bell,28,"Engineer, automotive",checking,2026-04-13,PA,low,False,verified
C-4352,Robert Grant,60,Manufacturing systems engineer,checking,2021-08-26,US,medium,False,verified
C-4353,Joshua Miller,44,Chief of Staff,checking,2019-10-10,BZ,low,False,verified
C-4354,Debbie Higgins,23,Water quality scientist,savings,2020-06-27,US,high,True,verified
C-4355,Lance Wilson,25,Occupational therapist,savings,2017-01-12,DE,medium,False,verified
C-4356,John Williams Jr.,32,Financial trader,savings,2025-06-27,US,low,False,verified
C-4357,Michelle Flores,22,Insurance underwriter,savings,2017-09-26,US,low,True,verified
C-4358,Albert Juarez,35,Trade mark attorney,savings,2025-10-18,US,low,False,verified
C-4359,Brittany Miller,50,"Solicitor, Scotland",checking,2016-10-21,US,low,False,verified
C-4360,James Mack,41,Archaeologist,checking,2018-12-13,US,low,False,verified
C-4361,Robert Spencer,39,Health promotion specialist,business,2022-11-06,US,low,False,verified
C-4362,Alisha Wallace,33,"Sound technician, broadcasting/film/video",business,2016-09-08,US,low,False,verified
C-4363,Christopher Wolfe,50,Chemical engineer,checking,2026-04-10,UK,medium,False,verified
C-4364,Michael Fletcher,40,"Engineer, maintenance",savings,2025-03-26,UK,low,False,verified
C-4365,Grace Butler,77,"Engineer, communications",savings,2017-02-12,US,high,False,verified
C-4366,William Evans,66,Advertising art director,savings,2021-08-05,US,low,False,verified
C-4367,Amy Mack,71,Podiatrist,checking,2021-06-09,US,low,False,verified
C-4368,Traci Hansen,69,Archivist,business,2022-07-13,US,low,False,verified
C-4369,Michael Wilson,19,Volunteer coordinator,business,2017-06-28,US,medium,False,verified
C-4370,Samantha Soto,41,Herbalist,business,2025-03-22,US,medium,False,pending
C-4371,Curtis Chase,36,Dance movement psychotherapist,checking,2024-09-02,US,low,False,verified
C-4372,Brent Medina,59,Surgeon,savings,2019-12-13,US,low,False,verified
C-4373,Christopher Ross,41,Electronics engineer,business,2023-02-23,UK,medium,False,verified
C-4374,Matthew Johnson,36,"Programme researcher, broadcasting/film/video",checking,2024-07-20,US,low,False,verified
C-4375,Caitlin Smith,38,Equities trader,checking,2022-07-28,US,low,False,pending
C-4376,Adam Woods,37,Government social research officer,business,2020-03-13,UK,high,False,verified
C-4377,John Wolfe,30,Barista,savings,2025-03-14,US,low,False,verified
C-4378,Meghan Taylor,44,"Engineer, chemical",savings,2017-05-12,CA,low,False,verified
C-4379,Donna Reese,67,Waste management officer,savings,2022-04-15,UK,low,False,verified
C-4380,Laura Fisher,20,"Radiographer, diagnostic",savings,2024-08-08,PA,low,False,verified
C-4381,Mrs. Jennifer Wright DDS,21,Technical author,business,2020-04-28,SY,low,False,verified
C-4382,David Smith,41,Music tutor,savings,2017-04-20,US,low,False,verified
C-4383,Alice Brooks,22,"Surveyor, building control",business,2025-08-21,US,low,False,pending
C-4384,Terry Black,79,Art therapist,savings,2019-11-14,US,low,False,verified
C-4385,Jennifer Williams,37,Occupational hygienist,business,2018-12-13,US,medium,False,pending
C-4386,Jacqueline Anderson,31,Set designer,business,2025-06-08,UK,low,False,verified
C-4387,Mark Adams,48,Actuary,checking,2022-10-20,US,low,False,verified
C-4388,Alexandra Robinson,19,Armed forces logistics/support/administrative officer,savings,2022-06-27,DE,low,False,verified
C-4389,Amy Yang DDS,22,Customer service manager,checking,2020-03-18,KY,medium,False,verified
C-4390,Dennis Moore,66,"Engineer, communications",business,2024-03-28,US,low,False,verified
C-4391,Jacob Mcdonald,42,"Therapist, speech and language",business,2020-03-25,CA,low,False,verified
C-4392,Laura Holloway,50,"Nurse, children's",business,2016-12-24,IR,low,False,verified
C-4393,Kim Williams,74,"Psychologist, educational",business,2020-01-20,US,medium,False,pending
C-4394,Katherine Phillips,31,IT technical support officer,savings,2019-02-21,DE,low,False,verified
C-4395,Mark Crane,56,Armed forces logistics/support/administrative officer,checking,2019-10-03,US,low,False,verified
C-4396,Tonya Campbell,47,Higher education lecturer,savings,2025-10-27,CA,low,False,verified
C-4397,Brandon Grant,55,"Surveyor, mining",checking,2017-10-09,US,medium,False,verified
C-4398,Jean Soto,29,Senior tax professional/tax inspector,savings,2018-09-05,US,low,False,verified
C-4399,Sarah Gill,67,Occupational therapist,checking,2026-05-15,US,low,False,verified
C-4400,Christopher Bauer,74,Metallurgist,business,2018-01-21,US,low,False,verified
C-4401,Jon Edwards MD,51,"Administrator, charities/voluntary organisations",checking,2018-11-29,US,high,False,verified
C-4402,Ashley Fisher,65,Corporate treasurer,checking,2019-08-29,US,low,False,verified
C-4403,Jermaine Phillips,79,"Designer, exhibition/display",checking,2024-02-22,US,medium,False,pending
C-4404,Jennifer Anderson,33,Manufacturing engineer,checking,2024-07-24,US,low,False,verified
C-4405,Jonathan Johnson,74,Minerals surveyor,business,2026-02-11,US,medium,False,pending
C-4406,Andrea Hall,62,Chemical engineer,savings,2020-10-17,US,low,False,verified
C-4407,Emily Brown,35,Secretary/administrator,business,2020-12-18,US,low,False,verified
C-4408,Carl Scott,67,Cabin crew,savings,2018-08-28,UK,low,False,verified
C-4409,Elizabeth Bradley,54,Banker,checking,2023-08-30,US,low,True,verified
C-4410,Monique Diaz,24,Chief Strategy Officer,savings,2023-05-14,US,medium,False,verified
C-4411,Todd Hardin,25,Television production assistant,business,2017-02-08,US,low,False,verified
C-4412,Barbara Mahoney,42,Cartographer,savings,2024-02-24,UK,low,False,verified
C-4413,Mandy Schmidt,51,"Presenter, broadcasting",business,2026-03-18,DE,low,False,verified
C-4414,Sarah Sullivan,58,"Engineer, site",checking,2020-11-10,US,low,False,verified
C-4415,Bryce Young,33,IT trainer,checking,2023-09-13,US,low,False,verified
C-4416,Mark Hansen MD,23,Actor,checking,2020-04-22,US,medium,False,verified
C-4417,Raymond Waller,38,Purchasing manager,checking,2025-01-15,US,high,False,verified
C-4418,Ann Baker,32,Accounting technician,savings,2024-08-15,US,medium,False,pending
C-4419,Cody Johnson,67,Media buyer,savings,2020-11-20,US,high,False,verified
C-4420,Colton Roth,61,Trade mark attorney,savings,2023-07-20,US,low,False,verified
C-4421,Michael Clark,69,Ophthalmologist,savings,2019-06-16,US,low,False,verified
C-4422,Sean Dorsey,38,IT technical support officer,business,2018-12-18,US,low,True,verified
C-4423,James Lara,63,Psychiatrist,business,2020-04-28,DE,low,False,pending
C-4424,Marissa Green,22,Print production planner,savings,2021-04-19,US,low,False,verified
C-4425,Timothy Moore,70,Social researcher,business,2025-03-28,US,low,False,verified
C-4426,Amber Allen,20,"Education officer, environmental",savings,2016-10-12,US,low,False,verified
C-4427,Michael Smith,54,Pharmacologist,checking,2022-09-25,US,medium,False,verified
C-4428,Robert Black,57,Hospital doctor,business,2017-12-12,US,low,False,verified
C-4429,Kathleen Jones,66,"Therapist, art",business,2021-10-25,PA,low,False,pending
C-4430,Alexa Chambers,39,Learning disability nurse,savings,2024-10-06,US,low,False,verified
C-4431,Erin Adams,46,"Lighting technician, broadcasting/film/video",savings,2017-10-31,US,low,False,verified
C-4432,Thomas Ramos,32,Press photographer,checking,2022-04-01,FR,low,False,verified
C-4433,Andrea Arnold,45,Environmental consultant,checking,2017-10-22,US,high,False,verified
C-4434,Ronnie Kramer,46,Financial trader,savings,2018-09-12,UK,low,False,verified
C-4435,Raymond Reynolds,39,Dentist,checking,2025-09-13,US,low,False,verified
C-4436,John Robinson DVM,67,Patent examiner,business,2025-06-07,US,low,False,verified
C-4437,Toni Friedman,63,Operational investment banker,business,2025-11-07,US,medium,False,verified
C-4438,Alyssa Lang,74,"Accountant, chartered certified",business,2018-08-21,US,low,False,verified
C-4439,David Salinas,73,Legal executive,checking,2022-09-16,US,low,False,verified
C-4440,Jonathan Torres,26,Holiday representative,checking,2017-05-30,US,medium,False,verified
C-4441,Margaret Moody,23,Human resources officer,checking,2023-11-05,US,low,False,verified
C-4442,Jon Smith,79,Politician's assistant,checking,2021-04-18,UK,high,False,verified
C-4443,Katie Patterson,64,Petroleum engineer,savings,2017-12-10,US,low,False,verified
C-4444,April Howe,77,"Designer, jewellery",checking,2016-09-13,US,low,False,verified
C-4445,Michael Lee,66,Rural practice surveyor,business,2023-03-10,UK,low,False,verified
C-4446,Ryan Pacheco,49,Operations geologist,savings,2025-05-24,US,high,False,verified
C-4447,Theresa Daniel,66,Heritage manager,checking,2022-04-20,US,high,False,verified
C-4448,Kurt Brewer,53,"Engineer, manufacturing",business,2017-08-10,IR,medium,False,verified
C-4449,Veronica Hale,74,"Teacher, English as a foreign language",savings,2023-05-11,US,low,False,verified
C-4450,Sara Erickson,66,"Therapist, sports",business,2024-06-17,US,medium,False,verified
C-4451,Thomas Hunter,54,Animal nutritionist,business,2022-06-16,CA,low,False,verified
C-4452,Emily Edwards,45,Herbalist,checking,2022-07-15,US,high,False,verified
C-4453,Christine Colon,44,Press photographer,checking,2019-07-13,DE,low,False,verified
C-4454,Patrick Hester,30,Furniture designer,business,2025-06-30,UK,high,False,verified
C-4455,Brian Higgins,69,Textile designer,savings,2023-08-09,US,low,False,verified
C-4456,Renee Jones,63,Civil Service administrator,checking,2019-11-10,US,medium,False,verified
C-4457,Timothy Perez,68,"Administrator, sports",business,2016-08-08,US,low,False,verified
C-4458,Michael Kim,56,"Development worker, community",savings,2017-12-09,DE,low,False,verified
C-4459,Kevin Schmidt,44,Industrial buyer,business,2025-12-15,FR,low,False,verified
C-4460,Ronald Hickman,35,"Designer, television/film set",checking,2019-12-22,US,low,False,verified
C-4461,Nicole Horton,23,Bonds trader,business,2025-01-13,US,low,False,verified
C-4462,Kelsey Stout,54,"Conservation officer, historic buildings",checking,2018-08-12,US,low,False,verified
C-4463,Kimberly Webb,66,Landscape architect,savings,2023-02-19,FR,low,False,verified
C-4464,Donna Hughes,26,Artist,business,2020-05-29,US,low,False,verified
C-4465,Nicholas Wolfe,32,Freight forwarder,savings,2022-04-27,MM,low,False,verified
C-4466,Eric Adkins,20,"Teacher, special educational needs",business,2022-07-23,US,low,False,verified
C-4467,Tracy Myers,35,"Journalist, broadcasting",checking,2021-09-19,US,low,False,verified
C-4468,Loretta Bradley,66,Naval architect,business,2018-06-29,US,low,False,verified
C-4469,Dana Smith,74,Web designer,savings,2025-02-22,US,low,False,verified
C-4470,Dakota Brock,49,Arts administrator,checking,2024-12-16,US,low,False,verified
C-4471,Spencer Butler,28,Music tutor,business,2020-07-28,US,low,False,verified
C-4472,Jason Kelly,29,"Investment banker, operational",savings,2023-11-21,US,low,False,verified
C-4473,Jennifer Ramirez,70,Restaurant manager,business,2023-03-22,DE,low,False,verified
C-4474,Jennifer Murphy,31,Mechanical engineer,checking,2025-06-13,US,high,True,verified
C-4475,William Jackson,32,"Psychotherapist, dance movement",savings,2020-11-15,US,low,False,verified
C-4476,Anthony Mills,35,Leisure centre manager,checking,2021-10-10,US,low,False,verified
C-4477,Rhonda Foley,58,"Horticulturist, amenity",savings,2023-05-26,US,low,False,verified
C-4478,Jason Gomez,61,"Journalist, broadcasting",business,2017-08-18,US,low,False,verified
C-4479,David Turner,80,Broadcast presenter,business,2024-04-06,US,low,False,verified
C-4480,Kaitlyn Phillips,71,Cytogeneticist,business,2024-07-31,US,low,False,verified
C-4481,Christina Russell,60,Social researcher,savings,2026-07-19,US,low,True,verified
C-4482,Reginald Copeland,80,"Psychotherapist, dance movement",business,2025-03-28,CA,low,False,verified
C-4483,Jodi Mullen,53,Osteopath,savings,2018-07-03,FR,low,False,verified
C-4484,Elizabeth Zuniga,61,"Designer, exhibition/display",business,2025-09-23,US,low,False,verified
C-4485,Jennifer Thompson,28,Learning mentor,savings,2023-11-17,US,low,False,verified
C-4486,Nancy Walker,69,Transport planner,checking,2024-05-01,KP,medium,False,verified
C-4487,Benjamin Adams,45,Technical sales engineer,checking,2016-09-07,CA,medium,False,verified
C-4488,Margaret Colon,47,Publishing copy,savings,2022-07-12,US,high,False,verified
C-4489,Tamara Woodard,54,"Radiographer, therapeutic",business,2017-11-29,US,low,False,verified
C-4490,William Peters,18,Clinical molecular geneticist,savings,2018-08-30,US,low,False,verified
C-4491,Devin Smith,24,"Investment banker, corporate",checking,2025-09-16,US,low,False,verified
C-4492,Hector Carrillo,54,Regulatory affairs officer,business,2019-07-22,US,high,False,verified
C-4493,Victoria Berry,36,Research scientist (physical sciences),savings,2022-12-19,US,low,False,verified
C-4494,Laura Rhodes,45,Legal secretary,business,2022-05-30,US,low,False,verified
C-4495,Kimberly Taylor,21,Podiatrist,savings,2016-07-28,US,medium,False,verified
C-4496,Danielle Thomas,42,Armed forces operational officer,business,2024-07-30,US,low,False,pending
C-4497,Heather Moreno,47,Counselling psychologist,savings,2019-11-20,US,medium,False,verified
C-4498,Ryan Smith,50,"Engineer, aeronautical",checking,2025-01-03,US,low,False,pending
C-4499,Darren Elliott,24,Printmaker,business,2023-03-20,US,low,False,verified
C-4500,Joseph Stevens,80,Travel agency manager,business,2020-03-20,US,low,False,pending
C-4501,Mary Jones,37,"Physicist, medical",checking,2023-12-11,US,medium,False,verified
C-4502,Melissa Griffith MD,50,"Restaurant manager, fast food",checking,2021-10-13,US,low,False,verified
C-4503,Sara Flores,68,"Scientist, product/process development",business,2025-04-20,US,low,False,verified
C-4504,Renee Hill,78,"Teacher, English as a foreign language",business,2020-10-07,US,low,False,pending
C-4505,Randall Jackson,66,"Pilot, airline",checking,2016-11-15,UK,medium,False,verified
C-4506,Miranda Bennett,49,Writer,savings,2024-02-18,US,low,False,verified
C-4507,Jason Castillo,65,"Scientist, clinical (histocompatibility and immunogenetics)",business,2018-08-30,US,low,False,verified
C-4508,Jill Lyons,40,Music tutor,savings,2020-08-04,US,low,False,verified
C-4509,Cindy Levy,55,Chartered legal executive (England and Wales),business,2020-04-12,FR,high,False,verified
C-4510,Ms. Stephanie Duran,34,Psychotherapist,checking,2021-12-21,US,low,False,verified
C-4511,Richard Mercado,43,Medical illustrator,savings,2024-10-12,US,medium,False,verified
C-4512,Jennifer Dunn,69,Advice worker,business,2025-11-25,US,high,False,pending
C-4513,Cynthia Stevens,51,Cytogeneticist,checking,2018-10-06,FR,low,False,verified
C-4514,Jerry Shaw,42,TEFL teacher,savings,2016-10-31,US,medium,False,verified
C-4515,Christopher Ruiz,39,"Teacher, primary school",checking,2017-02-16,US,low,False,verified
C-4516,Rebecca Good,21,Interpreter,savings,2024-10-20,US,low,False,verified
C-4517,Michelle Burton,74,Product/process development scientist,savings,2017-02-13,US,low,False,verified
C-4518,Diana Owens,33,Product manager,business,2022-05-17,KY,low,False,verified
C-4519,Andrea Moody,63,Petroleum engineer,business,2021-07-12,US,medium,False,verified
C-4520,Kevin Jones,71,Sport and exercise psychologist,checking,2021-12-21,US,low,False,verified
C-4521,Sarah Curry,52,"Psychologist, counselling",checking,2021-09-15,DE,medium,False,verified
C-4522,Austin Snyder,38,Barrister,business,2022-02-21,US,low,False,verified
C-4523,Jordan Franklin,51,Newspaper journalist,savings,2018-03-29,US,low,False,verified
C-4524,Christine Baker,72,Science writer,checking,2020-12-30,CA,low,False,pending
C-4525,Alexander Moore,76,Adult guidance worker,business,2023-06-02,US,medium,False,verified
C-4526,Chris Wheeler,43,Clinical embryologist,business,2018-05-15,US,medium,False,verified
C-4527,Rachel Morrison,60,"Lecturer, further education",business,2023-12-12,US,medium,False,pending
C-4528,Renee Garcia,50,Tax adviser,checking,2023-01-13,US,medium,False,verified
C-4529,Maria Boone,57,Chief Technology Officer,savings,2021-09-02,US,low,False,verified
C-4530,Robert Banks,79,Records manager,checking,2016-08-19,US,low,False,verified
C-4531,Mike Horn,79,"Therapist, occupational",business,2016-12-05,US,low,False,verified
C-4532,Jesse Anderson,28,Quarry manager,savings,2024-05-10,DE,low,False,verified
C-4533,Brianna Tran,21,Exercise physiologist,savings,2018-10-20,US,low,False,pending
C-4534,Kayla Spears,53,Press sub,checking,2023-03-06,US,low,False,verified
C-4535,Jordan Williams,22,Interpreter,business,2017-01-02,US,high,False,verified
C-4536,Joe Mendez PhD,59,Equality and diversity officer,savings,2026-07-13,US,high,False,verified
C-4537,Hector Griffin,45,"Radiographer, therapeutic",checking,2020-12-26,US,low,False,verified
C-4538,Pamela Larsen,59,Engineering geologist,savings,2017-07-25,US,low,False,verified
C-4539,Mark Maldonado,57,"Investment banker, corporate",business,2020-12-18,CA,high,False,verified
C-4540,Heather Schneider,55,"Scientist, water quality",business,2021-05-07,US,high,False,verified
C-4541,Sherry Walker,70,Graphic designer,business,2023-09-03,DE,low,False,verified
C-4542,Andrew Richardson,74,Sales executive,business,2021-12-09,US,medium,False,verified
C-4543,Billy Brown,36,Radiation protection practitioner,checking,2026-01-27,US,low,False,verified
C-4544,Meredith Goodwin,68,Ergonomist,checking,2026-05-05,US,low,False,verified
C-4545,Sarah Gonzalez,74,Social worker,business,2026-06-21,US,medium,False,verified
C-4546,Mark Long,74,"Social research officer, government",business,2022-08-01,US,medium,False,verified
C-4547,Lauren Kim,67,"Production designer, theatre/television/film",business,2022-09-29,UK,medium,False,verified
C-4548,Shelly Thomas,40,Immigration officer,savings,2024-08-10,FR,medium,True,verified
C-4549,Heather Hunt,76,General practice doctor,business,2020-09-07,US,low,False,verified
C-4550,Robert Johnson,45,Exhibition designer,business,2024-10-04,US,low,False,verified
C-4551,Scott Mckay,20,Advertising copywriter,checking,2017-03-24,US,low,False,verified
C-4552,Chad Flores,60,Engineering geologist,savings,2024-02-24,FR,low,False,pending
C-4553,Christine Wilson,29,Television floor manager,checking,2026-01-05,US,medium,False,verified
C-4554,Michael Moore,42,Data processing manager,business,2023-03-11,FR,low,False,verified
C-4555,Jordan Nixon,72,"Engineer, manufacturing",checking,2023-09-03,US,low,False,verified
C-4556,Ronald Rivera,61,"Merchandiser, retail",business,2025-10-13,IR,low,False,verified
C-4557,Maria Ferrell,79,Ergonomist,business,2018-10-30,VG,low,False,verified
C-4558,James Haney,42,Microbiologist,checking,2017-04-02,US,low,False,verified
C-4559,Patrick Medina,51,Television production assistant,savings,2020-11-22,US,low,False,verified
C-4560,Travis Lozano,20,Hydrologist,savings,2019-06-25,US,low,False,verified
C-4561,John Scott,36,"Editor, commissioning",savings,2023-11-02,US,low,False,verified
C-4562,Mark Kelly,63,Herpetologist,savings,2023-01-25,US,low,False,pending
C-4563,Katelyn Yang,65,Travel agency manager,checking,2017-09-17,US,medium,True,verified
C-4564,Aaron Smith,37,"Designer, television/film set",business,2025-07-16,US,low,False,verified
C-4565,Matthew Sullivan,27,Sub,savings,2017-04-13,US,low,False,verified
C-4566,Donna Murillo,30,Estate agent,business,2024-06-10,US,low,False,pending
C-4567,Donald Mendoza,71,Barrister,business,2023-08-14,US,low,False,verified
C-4568,Justin Benson,23,"Production assistant, television",savings,2019-06-11,CA,high,False,pending
C-4569,Betty Patrick,68,Comptroller,checking,2021-12-04,US,high,False,verified
C-4570,Mark Allen,52,"Engineer, drilling",checking,2024-04-09,US,low,False,pending
C-4571,Christian Nixon,58,Magazine features editor,checking,2026-04-04,US,medium,False,verified
C-4572,Laura Brewer,27,Music tutor,savings,2023-08-20,CA,high,False,verified
C-4573,Justin Lopez,57,Multimedia programmer,business,2021-02-01,DE,medium,False,verified
C-4574,Paul Fritz,79,Patent attorney,savings,2020-12-01,US,medium,False,verified
C-4575,Charles Edwards,40,"Nurse, mental health",checking,2025-09-19,VG,low,False,verified
C-4576,Robert Dorsey,41,Contractor,business,2024-07-01,US,low,False,verified
C-4577,Brandi Hale,44,English as a second language teacher,savings,2019-04-02,US,medium,False,verified
C-4578,Amanda Yoder,66,"Engineer, manufacturing",checking,2023-10-26,US,medium,False,verified
C-4579,Kristen Vance,38,Ranger/warden,savings,2020-02-23,US,low,False,verified
C-4580,Anna Lin,53,Volunteer coordinator,savings,2017-04-14,US,low,False,verified
C-4581,Eric Olsen,51,Community arts worker,savings,2019-04-23,US,low,False,verified
C-4582,Christopher Sanchez,45,Maintenance engineer,checking,2017-03-10,FR,high,False,verified
C-4583,James Ward,37,Information systems manager,checking,2017-12-18,SY,medium,False,verified
C-4584,Robin Rodriguez,48,Music therapist,checking,2019-01-10,US,low,False,verified
C-4585,Jamie Jones,56,Television/film/video producer,savings,2024-05-21,US,low,False,verified
C-4586,Tanner James,59,Video editor,savings,2022-11-25,US,low,False,verified
C-4587,Peter Fowler,34,"Radiographer, diagnostic",savings,2023-06-02,UK,low,False,verified
C-4588,Stanley Cain,36,Hydrogeologist,checking,2022-08-23,US,low,False,verified
C-4589,Timothy Novak,47,Sports development officer,checking,2019-10-19,US,low,False,verified
C-4590,Natalie Cook,25,Bonds trader,business,2023-11-07,US,medium,False,verified
C-4591,Sandra Casey,77,Geoscientist,checking,2024-05-11,US,low,False,verified
C-4592,Dawn Dunn,20,Quarry manager,business,2017-12-20,US,low,False,verified
C-4593,Kimberly Armstrong,63,Hydrologist,business,2021-04-02,FR,medium,False,verified
C-4594,David King,51,Media planner,business,2019-04-29,US,low,False,verified
C-4595,Melissa Brooks,54,Race relations officer,business,2019-06-28,US,low,False,verified
C-4596,Brittany Davis,49,Gaffer,checking,2023-07-13,US,low,True,pending
C-4597,Kelly Owens,29,Investment analyst,savings,2018-09-13,DE,medium,False,verified
C-4598,Michael Roberts,46,Television production assistant,savings,2019-10-15,US,low,False,verified
C-4599,Jon Graham,43,Chief of Staff,business,2021-09-14,US,low,False,verified
C-4600,Joseph Brooks,19,Arts development officer,savings,2017-02-28,US,low,False,expired
C-4601,Kimberly Hanna,18,Chartered certified accountant,business,2019-09-07,US,high,False,verified
C-4602,Erika Mays,25,Fitness centre manager,savings,2018-11-07,CA,medium,False,verified
C-4603,Mr. Mark Landry,50,"Administrator, local government",checking,2021-06-03,US,medium,False,verified
C-4604,Kimberly Davis,26,Volunteer coordinator,checking,2023-04-12,US,low,False,verified
C-4605,Erica Turner,64,Lawyer,checking,2024-03-04,DE,low,False,verified
C-4606,Jennifer Kelley,43,"Accountant, chartered",business,2017-12-28,CA,high,True,verified
C-4607,Kenneth Gonzalez,30,Building surveyor,checking,2020-04-14,US,low,False,expired
C-4608,Michael Gonzalez,53,Operations geologist,savings,2016-11-23,US,low,False,verified
C-4609,Anthony Haley,27,Podiatrist,checking,2025-04-22,US,low,True,verified
C-4610,Melissa Rogers,23,Advertising account executive,checking,2023-04-26,DE,medium,True,verified
C-4611,Brenda Roberts,34,Chief of Staff,business,2017-07-10,US,high,False,verified
C-4612,Alyssa Ortiz,77,Animator,checking,2017-08-05,US,medium,False,verified
C-4613,Francisco Chapman,34,Curator,savings,2016-10-02,US,low,False,verified
C-4614,Mrs. Stephanie Harris,72,"Scientist, physiological",checking,2017-12-20,DE,low,False,verified
C-4615,Chad Johnson,47,IT consultant,checking,2018-11-19,US,low,False,verified
C-4616,Bianca Ortega,45,Art gallery manager,savings,2020-04-15,DE,low,False,verified
C-4617,Alexander Woodward,32,Visual merchandiser,business,2024-02-21,FR,low,False,verified
C-4618,Ashley Clark,49,Social researcher,savings,2019-08-19,FR,low,False,verified
C-4619,Brian Perez,25,Ecologist,checking,2020-03-14,US,medium,True,verified
C-4620,Tina Wilson,51,"Engineer, site",savings,2018-02-23,DE,low,False,verified
C-4621,Dawn Collier,66,Paramedic,savings,2023-05-11,FR,low,False,verified
C-4622,Daniel Lopez,24,Office manager,checking,2019-07-20,SY,medium,False,verified
C-4623,Lisa Patterson,58,"Accountant, chartered public finance",business,2018-04-18,US,low,False,verified
C-4624,Jessica Lee,60,Ecologist,savings,2024-01-08,US,low,False,verified
C-4625,Lauren Kelly,29,Press sub,savings,2024-01-26,US,low,False,verified
C-4626,Kara Stein,45,Financial manager,checking,2019-05-01,CA,low,False,verified
C-4627,Mallory Ward,46,Wellsite geologist,savings,2021-04-13,US,medium,False,verified
C-4628,Jared Schroeder,66,"Lecturer, higher education",business,2023-06-13,US,low,False,verified
C-4629,Vicki Powell PhD,49,"Surveyor, quantity",checking,2025-01-13,DE,low,False,verified
C-4630,Phillip Price,47,"Designer, industrial/product",business,2020-04-05,US,low,False,verified
C-4631,Mark Brown,79,Pension scheme manager,business,2020-09-23,US,low,False,verified
C-4632,John Riddle,61,English as a foreign language teacher,business,2019-01-21,US,low,False,pending
C-4633,Melissa Moore,48,Private music teacher,savings,2024-05-04,US,high,False,expired
C-4634,Tammy Long,78,"Investment banker, corporate",business,2023-03-27,US,high,False,verified
C-4635,Justin Hale,42,Orthoptist,savings,2017-11-01,FR,low,False,verified
C-4636,Pamela Arnold,69,"Librarian, academic",checking,2024-01-17,US,medium,False,verified
C-4637,Dale Bartlett,70,Network engineer,business,2021-07-03,US,low,False,verified
C-4638,Elizabeth Morgan,69,Ceramics designer,business,2018-02-17,US,low,False,pending
C-4639,Matthew Villa,63,"Engineer, chemical",business,2024-01-06,US,low,True,verified
C-4640,Courtney Nelson,59,Historic buildings inspector/conservation officer,savings,2020-09-02,US,low,False,verified
C-4641,Paul Sanchez,32,Technical brewer,business,2016-10-28,US,low,False,verified
C-4642,Jennifer Ryan,73,Housing manager/officer,savings,2022-03-21,US,medium,False,verified
C-4643,Cynthia Franklin,64,Sports coach,business,2024-06-09,DE,low,False,verified
C-4644,Brendan Dalton,56,"Restaurant manager, fast food",checking,2017-05-25,US,low,False,verified
C-4645,Richard Rios,19,"Psychologist, clinical",checking,2017-06-12,US,low,False,pending
C-4646,Jonathan Clark,18,"Conservator, furniture",business,2020-05-11,US,medium,False,verified
C-4647,Christopher Greer,38,"Accountant, chartered management",savings,2025-12-29,US,low,False,verified
C-4648,Louis Olsen,52,"Surveyor, building",checking,2025-08-08,US,low,False,verified
C-4649,Steven Hughes,59,Haematologist,checking,2022-04-21,FR,low,False,verified
C-4650,William Werner,65,Occupational therapist,savings,2024-05-27,US,low,False,pending
C-4651,Elizabeth Mejia,68,Occupational psychologist,business,2018-05-27,US,low,False,verified
C-4652,Sara Goodman,66,"Development worker, international aid",business,2020-06-13,CA,low,False,verified
C-4653,Haley Sullivan,49,"Engineer, aeronautical",checking,2022-07-17,UK,low,False,verified
C-4654,Paul Richards,37,Theatre stage manager,business,2022-11-14,US,low,False,verified
C-4655,Daniel Hoover,30,Garment/textile technologist,savings,2021-08-15,US,medium,True,verified
C-4656,Wendy Rodriguez,46,Patent attorney,business,2023-08-04,FR,low,False,verified
C-4657,Edgar Stevens,19,Web designer,checking,2020-08-30,US,low,False,verified
C-4658,Allison Fleming DDS,47,Engineering geologist,savings,2019-11-07,US,medium,False,verified
C-4659,Amanda Blanchard,23,Clinical cytogeneticist,business,2018-04-06,US,medium,False,verified
C-4660,Laura Wilson,33,Fine artist,business,2022-03-29,UK,low,False,verified
C-4661,Kevin Juarez,47,Ceramics designer,checking,2018-07-06,UK,low,False,verified
C-4662,William Lewis,79,Personnel officer,savings,2024-11-23,FR,high,False,verified
C-4663,Christine Jennings,76,"Social research officer, government",business,2024-07-05,US,low,False,verified
C-4664,Roger Gardner,66,Geochemist,checking,2017-06-13,UK,medium,False,verified
C-4665,Benjamin Hamilton,49,Tourism officer,savings,2018-09-23,US,high,False,verified
C-4666,David Stephens,64,Civil Service administrator,checking,2020-07-26,US,low,False,verified
C-4667,Laura Page,40,Charity officer,checking,2024-04-12,FR,low,False,verified
C-4668,Eric Nolan,74,"Designer, television/film set",checking,2025-07-02,FR,low,False,verified
C-4669,Joseph Rivas,73,Pensions consultant,checking,2025-02-04,US,low,False,verified
C-4670,Jennifer Stephens,34,Amenity horticulturist,savings,2024-01-17,US,medium,False,verified
C-4671,Marc Williams,50,"Horticulturist, amenity",checking,2018-01-03,US,high,False,verified
C-4672,Patricia Scott,75,Landscape architect,checking,2019-08-03,US,high,False,verified
C-4673,Christopher Brown,74,"Investment banker, operational",checking,2018-07-16,CA,low,False,verified
C-4674,Michael Cunningham,67,Chief Operating Officer,savings,2021-06-03,CA,low,False,verified
C-4675,Leslie Harris,56,Speech and language therapist,business,2020-05-21,US,low,False,verified
C-4676,Richard Garcia,40,Chartered legal executive (England and Wales),checking,2024-06-21,US,low,False,pending
C-4677,Shawn Patton,55,Chief Technology Officer,savings,2022-05-24,US,medium,False,verified
C-4678,Ryan Smith,31,Control and instrumentation engineer,savings,2019-08-07,US,low,False,pending
C-4679,Sean Martin,53,"Scientist, research (life sciences)",checking,2022-02-13,US,low,False,verified
C-4680,Donna Wilson,20,"Social research officer, government",business,2021-02-27,US,medium,False,verified
C-4681,Emily Kerr,73,Cabin crew,savings,2024-04-16,US,medium,True,verified
C-4682,Tracy Alvarez,36,"Sales professional, IT",business,2020-04-01,US,low,False,verified
C-4683,Scott Lopez,74,Building surveyor,savings,2018-12-14,US,low,False,verified
C-4684,Angela Hardin,38,Restaurant manager,savings,2019-07-31,FR,low,False,verified
C-4685,Mary Gray,73,Technical brewer,business,2026-07-21,US,low,False,verified
C-4686,Martin Wilson,55,Herpetologist,checking,2025-05-02,US,medium,False,verified
C-4687,David Mora,47,Engineering geologist,business,2019-11-17,US,low,False,verified
C-4688,Matthew Church,39,Electrical engineer,business,2020-06-13,US,low,False,verified
C-4689,David Cooper,72,Diplomatic Services operational officer,business,2026-07-19,US,low,False,verified
C-4690,Matthew Singh,69,Cabin crew,checking,2016-08-01,US,low,False,verified
C-4691,Diane Le,25,Bookseller,business,2025-11-27,US,medium,False,verified
C-4692,Joshua Bush,63,Health and safety adviser,checking,2021-10-08,CA,low,False,verified
C-4693,Heather Myers,41,Heritage manager,checking,2021-08-18,US,medium,False,verified
C-4694,Ms. Veronica Johnson,39,Claims inspector/assessor,business,2022-06-22,US,low,False,verified
C-4695,Monica Reynolds,46,Magazine features editor,checking,2025-12-15,US,medium,False,verified
C-4696,Christine Cox,35,Retail merchandiser,checking,2019-07-12,US,low,False,verified
C-4697,William West,50,Chartered legal executive (England and Wales),checking,2021-02-13,US,low,False,verified
C-4698,Casey Valdez,48,Ophthalmologist,business,2020-03-26,US,low,False,verified
C-4699,Shane Alvarez,56,Archivist,checking,2017-05-24,US,low,False,verified
C-4700,Martha Hill,77,Environmental education officer,business,2016-08-12,US,medium,False,verified
C-4701,Katrina Sosa,60,"Pharmacist, community",checking,2025-03-05,DE,low,False,verified
C-4702,Richard Hunt,67,"Civil engineer, contracting",checking,2025-05-02,US,low,False,verified
C-4703,Mark Hess,68,Osteopath,savings,2021-12-24,US,high,False,verified
C-4704,Dillon Stanton,30,Chiropodist,savings,2021-06-03,US,high,False,pending
C-4705,Aimee Russell,49,"Engineer, agricultural",business,2021-07-30,US,medium,False,verified
C-4706,Gregory Sparks,68,"Designer, television/film set",checking,2017-12-18,US,low,False,verified
C-4707,Charles Thompson,69,"Designer, fashion/clothing",savings,2019-05-28,US,high,False,verified
C-4708,Kaitlin Cline,68,Secondary school teacher,business,2018-06-28,US,low,False,verified
C-4709,Ms. Elizabeth Smith MD,70,"Surveyor, building",business,2019-03-30,US,low,True,expired
C-4710,Audrey Watson,44,"Civil engineer, consulting",business,2023-08-11,US,low,False,verified
C-4711,Hannah Johnson,53,Interior and spatial designer,checking,2018-07-04,US,medium,False,verified
C-4712,Terri Pennington,53,"Development worker, international aid",checking,2024-03-23,US,medium,False,verified
C-4713,Bonnie Petersen,44,Press sub,savings,2019-06-16,DE,low,False,verified
C-4714,Taylor Howard,61,Recruitment consultant,savings,2022-02-16,US,high,True,verified
C-4715,Peter Warren,23,Air cabin crew,savings,2017-11-03,US,low,False,verified
C-4716,Sarah Johnson,20,Hydrologist,business,2017-08-02,CA,medium,False,verified
C-4717,Sean Harding,45,Financial manager,savings,2019-07-30,US,low,True,pending
C-4718,Shelby Martinez,58,"Sales professional, IT",checking,2024-03-04,US,low,False,expired
C-4719,Matthew Roberts,31,"Surveyor, commercial/residential",business,2020-08-30,UK,low,False,verified
C-4720,Nicholas Fuller,45,Statistician,checking,2016-12-05,UK,low,False,verified
C-4721,Jordan Peters,52,Travel agency manager,savings,2018-10-18,US,low,False,verified
C-4722,Peter Jimenez,48,"Surveyor, land/geomatics",checking,2022-12-27,CA,low,False,verified
C-4723,Megan Perez,59,"Surveyor, insurance",business,2022-06-01,US,low,False,verified
C-4724,Charles Walker,46,Web designer,business,2023-10-26,US,medium,False,verified
C-4725,Danielle Hardin,70,Film/video editor,checking,2024-10-13,US,low,False,verified
C-4726,Kenneth Flores,37,Learning disability nurse,checking,2022-02-02,US,low,False,expired
C-4727,Suzanne Mueller,69,"Therapist, drama",checking,2022-04-15,US,low,False,verified
C-4728,Alisha Malone,18,"Embryologist, clinical",savings,2022-04-28,CA,low,False,verified
C-4729,Sandra Morrison,69,Planning and development surveyor,checking,2022-03-25,US,low,False,verified
C-4730,Edward English,75,"Scientist, product/process development",savings,2022-08-23,US,low,False,verified
C-4731,Alexis Jones,67,Art therapist,business,2020-06-13,US,low,False,verified
C-4732,David Chavez,29,Government social research officer,savings,2020-04-11,US,low,False,verified
C-4733,Angela Flores,42,"Producer, radio",business,2020-09-15,US,medium,False,verified
C-4734,Jennifer Castro,51,Hydrographic surveyor,checking,2022-06-11,US,low,False,pending
C-4735,Brenda Robinson,42,Advertising account planner,business,2021-09-07,US,medium,False,verified
C-4736,Nathan Gilbert,60,"Designer, multimedia",checking,2022-12-19,US,medium,False,verified
C-4737,Elizabeth Turner,40,Research scientist (physical sciences),checking,2025-02-28,US,low,False,pending
C-4738,Robert Cain,34,Ship broker,business,2019-05-21,US,low,False,verified
C-4739,Patrick Santana,20,Ecologist,checking,2018-09-09,US,low,False,verified
C-4740,Pamela Hill,29,"Programme researcher, broadcasting/film/video",savings,2023-08-29,DE,low,False,expired
C-4741,Nathan Peterson,47,Occupational therapist,business,2022-07-27,US,low,False,verified
C-4742,George Ellis,23,Television/film/video producer,business,2025-11-05,US,high,False,pending
C-4743,Roy Hart,58,Multimedia specialist,savings,2016-09-17,US,low,False,verified
C-4744,Jacob Brown,58,"Engineer, production",checking,2018-10-12,US,high,False,verified
C-4745,Robert Lowe,48,"Horticulturist, amenity",checking,2020-02-25,US,low,False,verified
C-4746,Sarah Morris,26,Soil scientist,savings,2025-10-12,US,low,False,verified
C-4747,James Williams,22,Advertising account planner,business,2025-09-06,US,medium,True,verified
C-4748,Jeffrey White,40,Waste management officer,checking,2022-07-26,CA,high,False,verified
C-4749,Brett Phillips,56,"Designer, graphic",savings,2022-07-26,FR,low,False,verified
C-4750,Allison Miller,45,"Psychologist, forensic",savings,2021-12-24,CA,high,False,verified
C-4751,Susan Howard,20,Financial adviser,checking,2022-06-20,US,high,True,verified
C-4752,Janet Clark,20,"Accountant, chartered public finance",checking,2020-07-11,US,low,False,verified
C-4753,Dr. Nicole Maddox,53,Community development worker,business,2024-12-14,US,low,False,pending
C-4754,Kathryn Turner,46,Materials engineer,savings,2016-08-21,US,high,False,verified
C-4755,Jason Powers,33,Art therapist,savings,2017-08-17,UK,low,False,verified
C-4756,David Brooks,30,Equities trader,checking,2021-06-16,US,low,False,verified
C-4757,Mr. Aaron Lucas,27,Educational psychologist,checking,2023-08-27,US,low,False,verified
C-4758,Jessica Bennett,61,Educational psychologist,savings,2024-12-24,US,low,False,verified
C-4759,Mitchell Campbell,25,"Research officer, government",savings,2017-03-15,CA,low,False,pending
C-4760,Heather Greene,20,"Accountant, chartered",checking,2023-11-02,US,low,False,pending
C-4761,Lisa Roach,23,Ergonomist,business,2016-07-26,PA,low,False,verified
C-4762,Hailey Lara,80,"Engineer, water",savings,2017-12-06,US,low,False,verified
C-4763,Victor Curtis,73,Psychotherapist,checking,2021-03-21,DE,low,False,verified
C-4764,Patricia Mitchell,44,Mudlogger,checking,2019-06-18,US,low,False,verified
C-4765,Sara Wallace,24,Commissioning editor,business,2022-09-18,FR,low,True,verified
C-4766,Heather Byrd,51,Civil Service administrator,checking,2025-10-06,US,low,False,verified
C-4767,Valerie Patterson,20,Petroleum engineer,checking,2023-09-06,US,low,False,pending
C-4768,Gregory Hopkins,20,Personal assistant,checking,2017-03-26,US,low,False,verified
C-4769,Kenneth Spencer,32,IT sales professional,checking,2021-05-01,US,low,False,verified
C-4770,Matthew Robles,30,Best boy,checking,2018-02-14,US,medium,False,verified
C-4771,Michael Myers,67,Sports development officer,checking,2023-05-13,US,low,False,verified
C-4772,James Petersen,47,Physiotherapist,savings,2018-08-11,US,medium,False,verified
C-4773,Chris Sutton,62,Community pharmacist,business,2021-12-15,UK,low,False,verified
C-4774,Andrea Taylor,58,"Scientist, forensic",business,2023-10-08,DE,medium,False,verified
C-4775,Holly Walker,51,Research scientist (medical),savings,2017-05-27,US,low,False,verified
C-4776,Christian Collins,65,Advertising copywriter,savings,2016-12-18,US,high,False,verified
C-4777,Danielle Greer,61,Financial trader,checking,2022-04-06,PA,medium,False,verified
C-4778,Susan Hernandez,53,Financial planner,savings,2023-08-06,US,low,False,verified
C-4779,Charles Kim,49,Tour manager,savings,2023-02-25,DE,low,False,verified
C-4780,Jamie Salazar,63,Computer games developer,business,2026-04-10,FR,medium,False,expired
C-4781,Kimberly Scott,39,Recycling officer,business,2023-02-26,VG,low,False,verified
C-4782,Michael Gutierrez,42,"Teacher, early years/pre",checking,2017-04-12,US,low,False,verified
C-4783,Dr. Tamara Taylor,59,Chief Marketing Officer,checking,2017-07-19,US,low,False,verified
C-4784,Seth Olsen,70,Manufacturing engineer,savings,2018-03-14,US,low,False,pending
C-4785,Edward Jordan,70,English as a second language teacher,savings,2025-04-12,US,low,False,verified
C-4786,Robert Freeman,56,Health service manager,savings,2019-09-22,US,low,True,verified
C-4787,Victor Browning,18,Records manager,business,2026-01-25,US,low,False,verified
C-4788,James Arias,43,Nature conservation officer,business,2022-09-13,DE,low,True,pending
C-4789,Debbie Alexander,70,Hospital doctor,checking,2022-06-14,US,medium,False,verified
C-4790,Donald Pham,42,Holiday representative,business,2023-08-24,US,low,False,verified
C-4791,Alison Russell,67,Corporate investment banker,business,2019-09-18,US,low,False,verified
C-4792,Lauren Arellano,38,Personal assistant,business,2019-11-01,US,low,False,verified
C-4793,Felicia Rodriguez,40,Audiological scientist,savings,2025-03-24,UK,high,False,verified
C-4794,Nicole Liu,64,"Research officer, government",business,2018-05-11,US,medium,False,verified
C-4795,Nancy Park,45,Visual merchandiser,checking,2020-12-21,US,medium,False,verified
C-4796,Deanna Wiley,52,Corporate investment banker,savings,2017-04-17,US,low,False,verified
C-4797,Elizabeth Melton,78,Meteorologist,checking,2025-07-29,US,low,False,verified
C-4798,Richard Carter,37,"Research officer, political party",savings,2021-03-06,US,low,False,verified
C-4799,Miss Sarah Barnett,29,Accounting technician,checking,2019-06-07,US,low,True,verified
C-4800,Johnathan Bradley,75,"Copywriter, advertising",checking,2020-04-19,DE,low,False,verified
C-4801,Doris Rios,23,Proofreader,business,2016-10-21,US,low,False,verified
C-4802,Levi Anderson,31,"Horticulturist, commercial",business,2021-02-03,US,low,False,verified
C-4803,Theresa Mercer,43,Cytogeneticist,business,2024-04-22,DE,low,False,verified
C-4804,Matthew Gilmore,39,Banker,checking,2025-10-30,US,low,False,verified
C-4805,Debra Brown,79,Nutritional therapist,checking,2021-06-12,US,low,False,verified
C-4806,Jill Foster,72,Optometrist,business,2022-11-12,US,low,False,verified
C-4807,Sarah Bowers,28,"Scientist, product/process development",savings,2020-10-29,US,low,False,verified
C-4808,Austin Taylor,75,"Designer, blown glass/stained glass",savings,2016-10-31,US,medium,False,verified
C-4809,Amber Beasley,66,"Scientist, marine",business,2019-06-27,US,low,False,pending
C-4810,Beth Montoya,67,Speech and language therapist,business,2018-08-07,US,low,False,verified
C-4811,Christy Sweeney DDS,59,Museum/gallery curator,checking,2016-10-16,CA,low,False,pending
C-4812,Carol Madden,49,"Sound technician, broadcasting/film/video",checking,2022-08-13,UK,low,False,verified
C-4813,Dr. Brady Clark Jr.,35,Legal executive,business,2022-12-19,US,low,False,verified
C-4814,Thomas Macdonald,40,Tour manager,checking,2017-11-23,US,low,False,verified
C-4815,Jacqueline Barnes,42,Tax inspector,checking,2023-09-19,US,high,False,verified
C-4816,Sean Thomas,66,Wellsite geologist,checking,2020-04-05,US,low,False,verified
C-4817,Susan Arias,21,Minerals surveyor,business,2017-01-23,FR,low,False,verified
C-4818,Stacy Smith,30,Clinical cytogeneticist,checking,2025-07-21,US,low,False,verified
C-4819,Brian Cooper,69,Set designer,savings,2023-09-20,US,low,False,verified
C-4820,Maria Fernandez,27,Art therapist,business,2018-09-24,US,low,False,pending
C-4821,Katrina Fowler,68,Animal technologist,business,2019-06-04,US,medium,False,verified
C-4822,Amy Brown,30,Financial controller,checking,2017-03-15,US,low,False,verified
C-4823,Steven Morgan,77,"Engineer, production",business,2024-11-25,US,low,False,verified
C-4824,Mark Garcia,28,"Scientist, biomedical",savings,2023-01-08,US,high,False,verified
C-4825,Jimmy Bell,57,Arts administrator,business,2018-07-14,US,low,False,verified
C-4826,Alexandra Weeks,73,"Scientist, clinical (histocompatibility and immunogenetics)",savings,2025-11-17,FR,medium,False,verified
C-4827,Jermaine Tucker,21,"Production designer, theatre/television/film",business,2022-01-20,FR,high,False,verified
C-4828,Victor Franklin,21,"Designer, fashion/clothing",checking,2025-06-13,US,low,False,pending
C-4829,Mary Sullivan,54,Trading standards officer,checking,2021-11-01,US,low,False,verified
C-4830,Michele Webb,18,"Civil engineer, contracting",savings,2020-12-03,FR,low,False,verified
C-4831,Jose Price,20,"Scientist, forensic",business,2026-05-05,US,low,False,verified
C-4832,Keith Harrison,30,Musician,savings,2020-12-12,US,low,False,verified
C-4833,Michelle Harris,39,"Engineer, civil (contracting)",business,2018-02-28,US,medium,False,pending
C-4834,Sergio Ball,46,Air broker,business,2019-11-22,US,low,False,verified
C-4835,Christine Lopez,63,Marketing executive,checking,2023-01-01,US,low,False,verified
C-4836,Gregory Murphy,73,Dealer,savings,2022-01-07,CA,low,False,verified
C-4837,Trevor Archer,36,Technical sales engineer,savings,2023-02-15,US,low,False,verified
C-4838,Katrina Campbell,43,Network engineer,business,2020-07-25,US,low,False,verified
C-4839,John Frank,18,Race relations officer,savings,2019-12-01,CA,medium,False,verified
C-4840,Michael Ryan,27,"Geologist, wellsite",savings,2025-11-08,US,low,False,verified
C-4841,John Melton,50,"Accountant, chartered management",business,2024-09-17,FR,high,False,verified
C-4842,Abigail Kramer,52,Licensed conveyancer,savings,2018-08-11,FR,low,False,verified
C-4843,Julia Mendoza,60,Music tutor,checking,2020-11-11,DE,high,False,pending
C-4844,Maria Scott,54,Building control surveyor,savings,2022-12-11,FR,high,False,verified
C-4845,Michelle Martin,19,Comptroller,savings,2025-04-24,CA,low,False,verified
C-4846,Elijah Rodriguez,43,Field trials officer,business,2016-08-10,CA,medium,False,verified
C-4847,Sabrina Pugh,63,Actor,savings,2021-11-30,CA,medium,False,verified
C-4848,Kaitlyn Mercado,78,Actuary,checking,2022-12-14,US,low,False,verified
C-4849,Courtney Grimes,26,Dietitian,checking,2026-01-24,US,low,False,verified
C-4850,Julie Gillespie,45,Commercial art gallery manager,checking,2017-10-09,FR,medium,False,verified
C-4851,Ebony Flores,57,Quarry manager,business,2023-02-02,US,low,False,pending
C-4852,Christina Deleon,63,"Biochemist, clinical",checking,2016-08-25,US,medium,False,verified
C-4853,Brianna Williams,26,Counsellor,savings,2023-09-23,US,low,False,verified
C-4854,Corey Leonard,71,Records manager,savings,2018-09-24,FR,low,False,verified
C-4855,Amber Rodgers,70,Radio broadcast assistant,business,2025-01-19,UK,medium,False,pending
C-4856,Jillian Harrison,26,Water engineer,checking,2024-11-27,FR,low,False,verified
C-4857,Stephanie Michael,60,TEFL teacher,business,2022-05-23,UK,low,False,verified
C-4858,James Mckinney,79,Politician's assistant,business,2020-01-24,US,medium,False,verified
C-4859,Randy Russell,24,Architect,business,2022-08-21,CA,low,False,verified
C-4860,Jamie Bond,80,"Engineer, broadcasting (operations)",business,2019-06-10,US,low,False,verified
C-4861,Alan Reeves,48,"Designer, blown glass/stained glass",business,2018-03-06,US,high,False,verified
C-4862,Diane Taylor,47,Museum education officer,business,2023-05-21,DE,low,False,verified
C-4863,Richard Weber,23,"Education officer, environmental",business,2017-11-01,US,low,False,verified
C-4864,Bill Green,37,Youth worker,business,2023-08-07,UK,low,False,verified
C-4865,Ivan Mitchell,41,Financial planner,savings,2020-10-11,US,medium,False,verified
C-4866,Felicia Kramer,57,Theatre director,business,2017-09-15,FR,medium,False,verified
C-4867,Erin Mcgee,63,Chief Operating Officer,checking,2017-01-01,US,low,False,verified
C-4868,Ronald Hernandez,40,Acupuncturist,savings,2016-11-14,US,low,False,verified
C-4869,James Castro,28,"Engineer, manufacturing",savings,2023-04-05,US,high,False,verified
C-4870,Susan Harper,65,"Surveyor, commercial/residential",checking,2025-10-01,DE,low,False,verified
C-4871,Fernando Romero,40,"Engineer, maintenance",savings,2020-02-23,US,high,False,pending
C-4872,Lindsay Rodriguez,39,"Teacher, English as a foreign language",savings,2020-08-04,US,low,False,verified
C-4873,Sabrina Cruz,40,Risk analyst,business,2025-10-21,US,low,False,verified
C-4874,Mrs. Diane Decker,33,"Designer, furniture",checking,2016-10-16,US,medium,False,verified
C-4875,Tommy Herring,62,Corporate treasurer,checking,2024-09-26,FR,medium,False,verified
C-4876,Jacob Osborne,70,Curator,business,2019-09-01,US,low,False,verified
C-4877,Deborah Small,22,Dietitian,business,2026-06-13,CA,medium,False,verified
C-4878,Mr. Aaron Cochran DDS,37,Counsellor,business,2016-10-08,DE,low,False,verified
C-4879,Anthony Torres,25,Multimedia programmer,savings,2024-06-18,VG,high,False,verified
C-4880,Kevin Hansen,72,Lexicographer,checking,2019-05-13,US,medium,False,verified
C-4881,Kathleen Wilson,24,"Engineer, electrical",savings,2023-11-11,US,high,False,verified
C-4882,Melissa Gonzalez,64,Farm manager,checking,2019-10-07,DE,medium,False,verified
C-4883,Matthew Robinson,70,"Therapist, sports",business,2023-09-10,US,low,False,verified
C-4884,Christina Smith,41,Barrister,business,2017-02-17,US,low,True,verified
C-4885,Anthony Hoover,22,Theatre stage manager,business,2018-11-29,UK,low,False,verified
C-4886,Kelly Acosta,45,Insurance claims handler,savings,2025-02-06,CA,low,False,verified
C-4887,Amanda Rose,22,Exercise physiologist,checking,2019-12-04,US,low,False,verified
C-4888,Amy Stephens,26,Tourism officer,savings,2024-02-15,US,low,False,verified
C-4889,Amber Singh,37,Artist,checking,2025-10-19,FR,low,True,verified
C-4890,Madeline Butler,36,Chartered management accountant,checking,2018-12-27,US,low,True,verified
C-4891,Christopher Hendricks,41,Agricultural consultant,checking,2021-09-06,DE,high,False,verified
C-4892,Brenda Taylor,27,"Pilot, airline",business,2021-10-06,US,low,False,verified
C-4893,William Juarez,62,Immunologist,checking,2024-05-12,US,low,False,verified
C-4894,Vicki Hammond,69,"Accountant, chartered certified",business,2025-04-13,US,medium,False,verified
C-4895,Connie Holder,70,Chartered management accountant,checking,2016-12-04,US,low,False,verified
C-4896,Joshua Lewis,48,Financial risk analyst,checking,2016-08-24,US,low,False,verified
C-4897,Kathleen Harris,54,Product/process development scientist,savings,2022-10-02,US,low,False,verified
C-4898,Charles Grant,32,Company secretary,savings,2024-01-13,US,low,False,verified
C-4899,Jay Hall,50,Orthoptist,savings,2023-11-25,US,low,False,verified
C-4900,Allen Chandler,53,"Optician, dispensing",business,2024-09-08,DE,low,False,verified
C-4901,Michael Garcia,20,Research scientist (life sciences),savings,2021-05-08,US,low,False,verified
C-4902,Beth Schmidt,57,"Engineer, technical sales",savings,2020-08-27,US,high,False,expired
C-4903,Joshua Escobar,43,Materials engineer,business,2016-10-22,US,low,False,verified
C-4904,Jennifer Parsons,55,"Designer, television/film set",savings,2021-02-28,FR,low,False,verified
C-4905,Kevin White,38,Podiatrist,checking,2020-11-29,US,medium,True,pending
C-4906,Melissa Smith,22,"Engineer, broadcasting (operations)",checking,2021-01-14,IR,low,False,verified
C-4907,Travis Mayo,59,"Journalist, broadcasting",checking,2018-04-03,US,medium,False,verified
C-4908,Margaret Lowe,72,Soil scientist,savings,2026-03-29,FR,low,False,verified
C-4909,Eddie Silva,62,"Investment banker, corporate",business,2022-03-22,US,medium,False,verified
C-4910,Frank Dean,75,Quantity surveyor,business,2021-03-19,US,low,False,verified
C-4911,William Huff,47,Museum/gallery conservator,savings,2019-07-12,US,low,True,verified
C-4912,Chelsea Hawkins,80,Ship broker,savings,2016-10-22,US,high,False,verified
C-4913,Benjamin Page,49,Horticultural therapist,business,2017-10-23,UK,low,False,verified
C-4914,Steven Norman,37,Landscape architect,business,2021-05-23,KY,low,False,verified
C-4915,Laura Ashley,45,Corporate treasurer,savings,2022-06-20,FR,medium,False,pending
C-4916,Heather Sanders,54,Chief Financial Officer,business,2021-11-28,US,low,False,verified
C-4917,Matthew Skinner,67,Insurance account manager,savings,2021-10-26,UK,low,False,verified
C-4918,Shane Ward,32,Armed forces logistics/support/administrative officer,savings,2016-08-09,US,low,False,verified
C-4919,Deborah Wheeler,54,"Education officer, community",business,2021-10-16,US,medium,False,verified
C-4920,Russell Henry,58,"Psychologist, educational",savings,2026-06-28,US,low,False,verified
C-4921,Maria Schroeder,56,Theme park manager,business,2018-07-11,UK,low,False,verified
C-4922,Nicholas Hernandez,19,"Administrator, Civil Service",checking,2017-03-15,US,medium,False,pending
C-4923,Sara Johnson,50,Haematologist,checking,2018-04-10,US,medium,False,verified
C-4924,Allison Stanley,62,Tourist information centre manager,checking,2020-01-04,UK,medium,False,verified
C-4925,Carla Rosales MD,23,"Engineer, materials",checking,2024-10-09,CA,low,False,verified
C-4926,Alexis Jackson,64,Architectural technologist,savings,2016-09-12,US,low,False,verified
C-4927,Margaret Smith,68,Copy,business,2024-09-08,KY,low,False,verified
C-4928,Summer Curtis,22,Pharmacologist,checking,2017-12-14,US,low,False,verified
C-4929,Laura Cox,19,"Psychotherapist, child",checking,2026-01-06,US,low,False,verified
C-4930,Donna Johnson,20,"Journalist, newspaper",checking,2021-07-06,US,medium,False,pending
C-4931,Anna May,73,Health and safety inspector,checking,2019-08-13,FR,medium,False,expired
C-4932,Tonya Richardson,53,Orthoptist,checking,2023-05-07,DE,low,False,verified
C-4933,Dawn Le,61,Special effects artist,checking,2025-08-06,UK,low,False,verified
C-4934,Heidi Torres,44,Microbiologist,business,2018-10-02,FR,low,False,verified
C-4935,Austin James,67,"Pilot, airline",checking,2025-07-12,US,low,False,verified
C-4936,Mary Barnes,24,"Scientist, audiological",checking,2018-07-20,US,medium,False,verified
C-4937,Debra Gonzalez,30,Housing manager/officer,savings,2022-03-07,FR,low,False,verified
C-4938,Mary Mcintosh,62,Sports development officer,savings,2026-01-04,US,high,False,verified
C-4939,Sarah Collier,19,"Engineer, technical sales",checking,2020-11-27,US,low,False,verified
C-4940,Elijah Edwards,50,"Designer, exhibition/display",savings,2016-11-09,US,low,False,verified
C-4941,Julia Diaz,68,Public affairs consultant,checking,2016-08-10,US,high,False,verified
C-4942,Lisa Sanchez,48,Osteopath,checking,2024-04-12,US,low,False,verified
C-4943,Colleen Calderon,45,Food technologist,checking,2019-07-28,FR,medium,True,verified
C-4944,Monica Shea,77,Leisure centre manager,savings,2025-03-25,US,low,False,verified
C-4945,Alexander Ramsey,41,Industrial/product designer,savings,2019-10-03,US,low,False,verified
C-4946,Zachary Johnson,59,Economist,checking,2021-11-19,US,low,False,verified
C-4947,Christopher Carson,72,Arts development officer,checking,2021-02-21,CA,low,False,verified
C-4948,Thomas Chang,56,"Engineer, building services",checking,2022-03-27,US,low,False,verified
C-4949,Jillian Melendez,58,Recruitment consultant,business,2025-08-20,US,low,True,verified
C-4950,Leslie Nelson,78,Location manager,savings,2023-03-27,US,medium,False,verified
C-4951,Abigail Hart,41,Air cabin crew,savings,2017-03-13,US,low,False,verified
C-4952,Justin Bell,58,Manufacturing systems engineer,business,2016-12-12,US,low,False,pending
C-4953,Michael Smith,40,Lobbyist,savings,2016-10-17,CA,low,False,verified
C-4954,Justin Collins,34,Lobbyist,business,2018-11-01,US,low,False,pending
C-4955,Terry Carlson,40,"Exhibitions officer, museum/gallery",checking,2024-10-22,FR,medium,False,verified
C-4956,Lisa Wall,49,Lawyer,business,2018-06-12,US,medium,False,verified
C-4957,Misty Garcia,24,Curator,business,2018-12-15,US,low,False,pending
C-4958,Allen Chaney,56,Dietitian,savings,2020-07-29,FR,low,False,verified
C-4959,Joe Baker,76,Structural engineer,checking,2020-11-26,US,medium,False,verified
C-4960,Susan Drake,42,Local government officer,checking,2017-09-03,US,low,False,verified
C-4961,Jack Walker,79,"Engineer, automotive",savings,2022-02-07,US,high,False,pending
C-4962,Hannah Peterson,56,Catering manager,savings,2019-02-28,US,low,False,verified
C-4963,Vanessa Yates,28,Catering manager,business,2022-05-30,US,high,False,verified
C-4964,Blake Wade,68,Industrial buyer,checking,2020-01-02,US,low,False,verified
C-4965,Peter Robinson,32,Professor Emeritus,business,2023-07-20,FR,high,False,verified
C-4966,Jennifer Wells,31,Speech and language therapist,business,2025-01-06,CA,low,False,verified
C-4967,Curtis Ramos,18,Musician,savings,2017-07-08,US,low,False,verified
C-4968,Sarah Contreras,58,Publishing copy,business,2020-04-23,UK,low,False,verified
C-4969,Nathan Booth,77,Dietitian,checking,2024-03-05,KP,low,False,verified
C-4970,Brian Mullins,80,Air cabin crew,savings,2021-09-13,US,low,True,verified
C-4971,Kayla Bowers,32,Private music teacher,savings,2020-06-26,DE,low,False,verified
C-4972,Marc Brown,47,"Teacher, English as a foreign language",checking,2018-11-26,US,medium,False,verified
C-4973,Jessica Smith,74,Farm manager,checking,2025-10-17,IR,high,False,verified
C-4974,Tiffany Graham,47,"Research officer, political party",business,2025-12-22,US,high,False,verified
C-4975,Andrew Rivera,44,Warden/ranger,business,2024-10-11,US,medium,True,verified
C-4976,Tabitha Martinez,59,Personal assistant,business,2020-12-20,CA,low,False,pending
C-4977,Ariel Thompson,66,"Engineer, structural",checking,2019-05-15,UK,low,False,expired
C-4978,Reginald Gillespie,67,Set designer,savings,2026-02-19,US,low,False,verified
C-4979,Gregory Walls,78,"Horticulturist, amenity",checking,2023-01-25,US,low,False,verified
C-4980,Jacob Cabrera,18,Oncologist,business,2019-07-17,US,low,False,verified
C-4981,Michael Tran,47,Field seismologist,checking,2017-08-20,US,low,False,verified
C-4982,John Wang,21,Private music teacher,checking,2020-05-08,UK,low,False,verified
C-4983,Leonard Rodriguez,49,Learning disability nurse,checking,2019-06-29,US,low,False,pending
C-4984,Dustin Green,24,Chartered certified accountant,checking,2021-10-11,US,low,False,verified
C-4985,Maria Wright,43,Volunteer coordinator,checking,2020-04-15,US,low,False,verified
C-4986,Angela Johnson,39,"Designer, graphic",savings,2023-03-18,CA,low,False,verified
C-4987,Karen Gregory,79,Clinical biochemist,savings,2019-10-09,CA,low,False,verified
C-4988,Michael Wilson,62,"Psychologist, sport and exercise",checking,2022-08-12,US,high,False,verified
C-4989,Richard Morgan,77,Bonds trader,checking,2025-08-30,US,low,False,verified
C-4990,Christopher Rodriguez,74,Physiotherapist,business,2017-12-23,FR,medium,False,verified
C-4991,Natasha Simon,61,Records manager,business,2018-11-07,US,low,False,verified
C-4992,Brooke Wheeler,46,Fine artist,checking,2020-07-14,US,low,False,verified
C-4993,Rachel Ramos,27,Psychiatrist,checking,2020-11-30,US,low,False,verified
C-4994,Dr. Ian Cunningham,75,Production engineer,checking,2021-06-09,DE,low,False,verified
C-4995,Edgar Jefferson,74,Water engineer,savings,2024-12-20,CA,low,False,verified
C-4996,Scott Brown,77,Graphic designer,checking,2019-09-28,SY,high,False,verified
C-4997,William Smith,36,Multimedia programmer,savings,2023-12-27,US,low,False,verified
C-4998,Kristina Peters,41,Animal nutritionist,checking,2025-06-08,UK,medium,False,verified
C-4999,Emily Reed,71,Automotive engineer,savings,2018-04-07,US,low,False,verified
C-5000,James Juarez,25,Art gallery manager,savings,2018-12-10,DE,low,False,expired
